#CHROM,POS,ID,REF,ALT,QUAL,FILTER,INFO,FORMAT,GE2722
I,224979,MantaDEL:3:0:0:0:0:0,TCATGTCAAGAGTGTCTGAGTTTTTCATCAACAAAAACAAAATTTGATTTTTTTGTTAATTTTCTAAACAATCCGATTTTTGGTTTTCCGGAAAATTGAAACATCGAAATTTTCCGTTTTTCAATATCCAATTATTCGATTTTCCGATTTCCTCTCAGAAGAACGAAAAAAACGAGAATAAAGTTTCCATGACATTGATCGCAGTGGGCTGTTTGTTTTTGGGATAACTTTAAGTGAAGGAATGGAGAGACTATCTAAGTATGAAAAACACGAGAATTCACTCTTTTGAGAACCTGTTACAATACGTGTACTGTTATA,T,616,MaxMQ0Frac,END=225296;SVTYPE=DEL;SVLEN=-317;CIGAR=1M317D,GT:FT:GQ:PL:PR:SR,"0/1:PASS:42:666,0,39:0,4:8,15"
I,230839,MantaDEL:14:0:1:0:0:0,A,<DEL>,413,PASS,"END=231918;SVTYPE=DEL;SVLEN=-1079;CIPOS=0,1;CIEND=0,1;HOMLEN=1;HOMSEQ=T",GT:FT:GQ:PL:PR:SR,"0/1:PASS:413:463,0,502:17,4:33,12"
I,232736,MantaDEL:4:0:1:0:0:0,A,<DEL>,242,PASS,"END=237789;SVTYPE=DEL;SVLEN=-5053;IMPRECISE;CIPOS=-158,159;CIEND=-155,156",GT:FT:GQ:PL:PR,"0/1:PASS:160:292,0,157:13,16"
I,2002703,MantaBND:33:0:1:0:0:0:0,C,]III:468056]C,630,PASS,SVTYPE=BND;MATEID=MantaBND:33:0:1:0:0:0:1;BND_DEPTH=33;MATE_BND_DEPTH=56,GT:FT:GQ:PL:PR:SR,"0/1:PASS:455:680,0,452:21,3:30,18"
I,2295502,MantaBND:36:0:1:0:0:0:1,A,[V:1772204[A,470,PASS,"SVTYPE=BND;MATEID=MantaBND:36:0:1:0:0:0:0;CIPOS=0,27;HOMLEN=27;HOMSEQ=AAGCCGAATAATTATTAGAGCGCGCTT;BND_DEPTH=38;MATE_BND_DEPTH=26",GT:FT:GQ:PL:PR:SR,"0/1:PASS:218:520,0,215:11,1:13,14"
I,2383603,MantaDUP:TANDEM:35:0:1:0:0:0,T,<DUP:TANDEM>,705,PASS,"END=2389095;SVTYPE=DUP;SVLEN=5492;CIPOS=0,3;CIEND=0,3;HOMLEN=3;HOMSEQ=CAA",GT:FT:GQ:PL:PR:SR,"0/1:PASS:55:755,0,52:4,15:9,13"
I,2384048,MantaDEL:35:0:2:0:0:0,T,<DEL>,572,PASS,"END=2389111;SVTYPE=DEL;SVLEN=-5063;CIPOS=0,18;CIEND=0,18;HOMLEN=18;HOMSEQ=CGGAATTGAAAATTTCCG",GT:FT:GQ:PL:PR:SR,"0/1:PASS:174:622,0,171:0,2:15,16"
I,2652464,MantaBND:39:0:1:0:0:0:0,A,A[X:466044[,607,PASS,"SVTYPE=BND;MATEID=MantaBND:39:0:1:0:0:0:1;CIPOS=0,4;HOMLEN=4;HOMSEQ=GTGG;BND_DEPTH=28;MATE_BND_DEPTH=48",GT:FT:GQ:PL:PR:SR,"0/1:PASS:135:657,0,132:2,6:17,15"
I,2893748,MantaINS:47:0:0:0:2:0,T,<INS>,974,PASS,"END=2893748;SVTYPE=INS;CIPOS=0,8;CIEND=0,8;HOMLEN=8;HOMSEQ=AAATGGGA;LEFT_SVINSSEQ=AAATGGGAAGTAGAGTTTGTGGGTATTTTGCTTAAATAGACTAAAACTGGTCCAAAACCACCGAATTTCATAATGAGACTTCACAAAAAATTTCCAAAAATTTTTTATGGCGGGTCAAAATTTCGAAAAAAAAAGAGTTAAATTTTGCTAAAATCTGAAATTTCGCACACTTTTCTTTGTCACAGCCC;RIGHT_SVINSSEQ=TGACTCTTTTTTTTTCGAAATTTTGACCCGCCATAAAAAATTTTTGGAAATTTTTTGTGAAGTCTCATTATGAAATTCGGTGGTTTTGGACCAGTTTTAGTCTATTTAAGCAAAATACCCACGAACTCTACTCTCCATTTAAAGCTAAA",GT:FT:GQ:PL:PR:SR,"1/1:PASS:71:999,74,0:0,7:0,20"
I,4785680,MantaINS:61:0:0:0:4:0,T,<INS>,593,PASS,END=4785680;SVTYPE=INS;LEFT_SVINSSEQ=GGGGGTAGCTATCCACGACGGCCGACAATTTCCAAGTTTCGCCACTCACT;RIGHT_SVINSSEQ=TGATTAAGTATAGTGAGTGGCGAAACTCGGAAATTGTCGGCCGCCGTGGAAACCTACCCCAAACC,GT:FT:GQ:PL:PR:SR,"1/1:PASS:42:646,45,0:0,1:0,16"
I,4998656,MantaBND:64:0:1:0:0:0:1,G,G[II:4216019[,23,PASS,SVTYPE=BND;MATEID=MantaBND:64:0:1:0:0:0:0;BND_DEPTH=23;MATE_BND_DEPTH=28,GT:FT:GQ:PL:PR:SR,"0/1:PASS:23:73,0,382:14,2:25,4"
I,5185162,MantaINS:71:0:0:0:0:0,T,TATCGAAAAAATACGATCGCACAAATTTCTCATAATTTATTTTTGATCTACCTTGTTGACTAGGCTCCTCCCCTTCCTTCGAGACAGCCACAACAAAATAACAACGGCAACAAGATTGGGGCGGAGTCAAGTTCAACAGGTAGATCAAAAATTAATTATGATAAATTTGTGCGATCGTATTTTTTCGATAATA,781,PASS,"END=5185162;SVTYPE=INS;SVLEN=192;CIGAR=1M192I;CIPOS=0,8;HOMLEN=8;HOMSEQ=ATCGAAAA",GT:FT:GQ:PL:PR:SR,"1/1:PASS:57:834,60,0:0,5:0,17"
I,6521294,MantaINS:65:0:0:0:0:0,A,AGATCGAAACAATTATTGGAAATGTATTAAATGAAATGAAATCAGAATTGCATTTAGGGGGTAGTAGTCGCATCTTTAGTCAGATTATTCAGATATAGTATGAAGTTTTTAGATAATAAATCAATTCTTTCAGACGTTTCTTGTGGAGTGGGCATCATTTATTTTGGCCAAAACGTTTTCTCACTCACACGAAAGAATAGGAACAAACTGTGCAAATCCAATAGATTCTTGTT,999,PASS,"END=6521294;SVTYPE=INS;SVLEN=232;CIGAR=1M232I;CIPOS=0,5;HOMLEN=5;HOMSEQ=GATCG",GT:FT:GQ:PL:PR:SR,"1/1:PASS:72:999,75,0:0,1:0,32"
I,7781355,MantaINS:90:0:0:0:2:0,T,<INS>,673,PASS,"END=7781355;SVTYPE=INS;CIPOS=0,11;CIEND=0,11;HOMLEN=11;HOMSEQ=CCATCCCGATC;LEFT_SVINSSEQ=CCATCCCGATCGTTCATCGTCGCACTCGTCGGCAATCTGTAAAAAATCAGTTCAGCTGAAAGCATCGTCCGAATCT;RIGHT_SVINSSEQ=GTCGTCGTCGCCTTCTCCCGATCCATCCCAATCCCTCCCAATCCCTCCCGATCCATCCCGATCCATCCCGATCCATCCCGATCCATCCCGATCCATCCCGATTCACCTCGATCCATCCCGATCCACCTCGAA",GT:FT:GQ:PL:PR:SR,"1/1:PASS:44:726,47,0:0,1:0,16"
I,8054335,MantaBND:84:0:1:0:0:0:1,A,A[IV:8566417[,342,PASS,"SVTYPE=BND;MATEID=MantaBND:84:0:1:0:0:0:0;CIPOS=0,37;HOMLEN=37;HOMSEQ=ACTCGGCATTTGGCTCTAGCTTCTTGCCCAAGTTTAG;BND_DEPTH=18;MATE_BND_DEPTH=36",GT:FT:GQ:PL:PR:SR,"0/1:PASS:108:392,0,105:5,4:8,7"
I,8420797,MantaINS:91:0:0:0:0:0,A,AGTATATAAAAACATGTATTTAAATACATTTGTGACGTCACAAATGTATTTAAATACATGTTTTTAT,386,PASS,END=8420797;SVTYPE=INS;SVLEN=66;CIGAR=1M66I,GT:FT:GQ:PL:PR:SR,"1/1:PASS:23:439,26,0:0,0:0,13"
I,8454802,MantaINS:87:0:0:0:3:0,T,<INS>,729,PASS,END=8454802;SVTYPE=INS;LEFT_SVINSSEQ=TAGGTGATTGGTAGGTTAGATATTACATATAGGGGGGGGGGGGGGGCAAT;RIGHT_SVINSSEQ=GGCAAAGTGGAGAGACGGCAGACATGACGTGGCACCAACCAGCGAAAACACGCAAACGGCGATGATCCGGAAATGGCAGAAAAAAACGAC,GT:FT:GQ:PL:PR:SR,"1/1:PASS:44:782,47,0:0,0:0,19"
I,8660489,MantaBND:93:0:0:1:1:0:0,A,ACCGC]I:8660540],304,PASS,SVTYPE=BND;MATEID=MantaBND:93:0:0:1:1:0:1;SVINSLEN=4;SVINSSEQ=CCGC;BND_DEPTH=44;MATE_BND_DEPTH=33,GT:FT:GQ:PL:PR:SR,"0/1:PASS:192:354,0,189:7,1:11,9"
I,8660540,MantaBND:93:0:0:1:1:0:1,C,CGCGG]I:8660489],304,PASS,SVTYPE=BND;MATEID=MantaBND:93:0:0:1:1:0:0;SVINSLEN=4;SVINSSEQ=GCGG;BND_DEPTH=33;MATE_BND_DEPTH=44,GT:FT:GQ:PL:PR:SR,"0/1:PASS:192:354,0,189:7,1:11,9"
I,8678814,MantaBND:92:0:1:0:0:0:1,T,TA]IV:3725256],26,PASS,SVTYPE=BND;MATEID=MantaBND:92:0:1:0:0:0:0;SVINSLEN=1;SVINSSEQ=A;BND_DEPTH=21;MATE_BND_DEPTH=22,GT:FT:GQ:PL:PR:SR,"0/1:PASS:26:76,0,315:13,2:22,2"
I,8761062,MantaBND:96:0:1:0:0:0:1,A,]IV:5950124]A,87,NoPairSupport,"SVTYPE=BND;MATEID=MantaBND:96:0:1:0:0:0:0;CIPOS=0,9;HOMLEN=9;HOMSEQ=CCGGACGCA;BND_DEPTH=30;MATE_BND_DEPTH=26",GT:FT:GQ:PL:PR:SR,"0/1:PASS:87:137,0,239:6,0:16,5"
I,11148805,MantaDEL:111:0:1:0:0:0,T,<DEL>,642,PASS,END=11149850;SVTYPE=DEL;SVLEN=-1045,GT:FT:GQ:PL:PR:SR,"1/1:PASS:41:695,44,0:0,7:0,14"
I,11175582,MantaINS:116:0:0:0:3:0,C,<INS>,930,PASS,"END=11175582;SVTYPE=INS;CIPOS=0,6;CIEND=0,6;HOMLEN=6;HOMSEQ=CTCGTG;LEFT_SVINSSEQ=CTCGTGGATTACACGAGCACTGCGTAAATCGACACATGACTAATATTGGGCTTTTCCAATTTAAATCGACTATTTTAAGCTAAAAGTTGCTTGATTTTTAAGAAAAAAAAAGAAGAATTTATGTTAAAAACTACAAATGACCGAATATCATGAAAAAAATTTAAAACAATATTCTAGATTTTATAT;RIGHT_SVINSSEQ=AACTGAGATTTTTCCAATTTTCAAAAAATCATATAAAATCTAGAATATTTTTTCGAACATTTTTATCATGATATTCGGTCATTTGTAGTTTTTAACATAAATTTTACATTTTTTTTCTTAAAAATCACGCAATTTTTAGCCTAAAAGTGTCGATTTAAGTTGGAAAAGCCAAAATATTAGTAATGTGTCGATTGACGCAGTG",GT:FT:GQ:PL:PR:SR,"1/1:PASS:65:983,68,0:0,3:0,23"
I,11630104,MantaBND:115:0:1:0:0:0:0,C,C]V:2701090],11,MinQUAL;SampleFT,"SVTYPE=BND;MATEID=MantaBND:115:0:1:0:0:0:1;IMPRECISE;CIPOS=-236,236;BND_DEPTH=52;MATE_BND_DEPTH=25",GT:FT:GQ:PL:PR,"0/1:MinGQ:11:60,0,219:15,6"
I,11967806,MantaDUP:TANDEM:125:0:0:1:0:0,G,<DUP:TANDEM>,410,PASS,END=11967859;SVTYPE=DUP;SVLEN=53,GT:FT:GQ:PL:PR:SR,"0/1:PASS:54:460,0,51:2,2:4,12"
I,11967838,MantaINS:125:0:0:0:0:0,A,AAAACTACAGTACCCTGCAAATTTCTTTGCAAAACTACCGGGAAAAAGGAAAACTACAGTACCCTGC,948,PASS,"END=11967838;SVTYPE=INS;SVLEN=66;CIGAR=1M66I;CIPOS=0,1;HOMLEN=1;HOMSEQ=A",GT:FT:GQ:PL:PR:SR,"1/1:PASS:59:999,62,0:0,0:0,24"
I,12864615,MantaBND:132:0:2:0:0:0:0,A,A]II:15124880],318,NoPairSupport,"SVTYPE=BND;MATEID=MantaBND:132:0:2:0:0:0:1;CIPOS=0,5;HOMLEN=5;HOMSEQ=AATGC;BND_DEPTH=20;MATE_BND_DEPTH=54",GT:FT:GQ:PL:PR:SR,"0/1:PASS:238:368,0,235:9,0:21,10"
I,14005360,MantaDUP:TANDEM:143:0:1:0:0:0,T,<DUP:TANDEM>,68,MaxDepth,"END=14005456;SVTYPE=DUP;SVLEN=96;CIPOS=0,27;CIEND=0,27;HOMLEN=27;HOMSEQ=TCCTTAGATCCTTAGATCCTTAGATCC",GT:FT:GQ:PL:PR:SR,"0/1:PASS:68:118,0,319:11,0:23,29"
I,14425428,MantaDEL:150:0:0:0:0:0,CAGCAATTTTGCCTAATTTAGACTACAAACTACAGTTATTTGCAATTTGGCACAGTCTGTCTTGATTACTATAATGCAGTAGCAGTAGTCGAAATTTCAAAAAAAATCGCCAAATTCGAATTCAATTTTCTGAGAAAATTCTAATTTTCCTGTTAGATATGTTTTGGGCTCTGCTGATCTGTTGGAAAATGCAAAAAATTCGGTGAAAATCTGTTGAAAACTAGGAATTTAGACTAAATTGACGATTGGTTGAGGCTATCGGACTACAAAC,CTATATTTGGAGCTA,796,PASS,END=14425698;SVTYPE=DEL;SVLEN=-270;CIGAR=1M14I270D,GT:FT:GQ:PL:PR:SR,"1/1:PASS:50:849,53,0:0,3:0,24"
II,2141116,MantaBND:172:0:1:0:1:0:1,A,A[V:686153[,326,PASS,"SVTYPE=BND;MATEID=MantaBND:172:0:1:0:1:0:0;CIPOS=0,12;HOMLEN=12;HOMSEQ=TTAACAAGGAAA;BND_DEPTH=21;MATE_BND_DEPTH=67",GT:FT:GQ:PL:PR:SR,"0/1:PASS:259:376,0,256:12,5:20,9"
II,2467430,MantaDUP:TANDEM:181:0:1:0:0:0,A,<DUP:TANDEM>,245,NoPairSupport,"END=2472239;SVTYPE=DUP;SVLEN=4809;CIPOS=0,17;CIEND=0,17;HOMLEN=17;HOMSEQ=GCTAGAAATTTCAAAAT",GT:FT:GQ:PL:PR:SR,"0/1:PASS:245:295,0,281:4,0:25,10"
II,2897689,MantaDUP:TANDEM:189:0:1:0:3:0,A,<DUP:TANDEM>,218,MaxDepth,"END=2898978;SVTYPE=DUP;SVLEN=1289;CIPOS=0,9;CIEND=0,9;HOMLEN=9;HOMSEQ=GATTTTTAG",GT:FT:GQ:PL:PR:SR,"0/1:PASS:218:268,0,448:12,10:36,18"
II,4216019,MantaBND:64:0:1:0:0:0:0,A,]I:4998656]A,23,PASS,SVTYPE=BND;MATEID=MantaBND:64:0:1:0:0:0:1;BND_DEPTH=28;MATE_BND_DEPTH=23,GT:FT:GQ:PL:PR:SR,"0/1:PASS:23:73,0,382:14,2:25,4"
II,5096209,MantaDUP:TANDEM:195:0:1:0:0:0,T,<DUP:TANDEM>,712,PASS,END=5101425;SVTYPE=DUP;SVLEN=5216,GT:FT:GQ:PL:PR:SR,"0/1:PASS:712:762,0,805:25,10:56,16"
II,5099553,MantaBND:219:0:0:1:0:0:1,T,[II:5099856[AAAAAAGCTAAAAAATTT,608,PASS,SVTYPE=BND;MATEID=MantaBND:219:0:0:1:0:0:0;SVINSLEN=17;SVINSSEQ=AAAAAAGCTAAAAAATT;BND_DEPTH=34;MATE_BND_DEPTH=56,GT:FT:GQ:PL:PR:SR,"0/1:PASS:286:658,0,283:10,11:22,24"
II,5099856,MantaBND:219:0:0:1:0:0:0,A,[II:5099553[AATTTTTTAGCTTTTTTA,608,PASS,SVTYPE=BND;MATEID=MantaBND:219:0:0:1:0:0:1;SVINSLEN=17;SVINSSEQ=AATTTTTTAGCTTTTTT;BND_DEPTH=56;MATE_BND_DEPTH=34,GT:FT:GQ:PL:PR:SR,"0/1:PASS:286:658,0,283:10,11:22,24"
II,6630113,MantaDUP:TANDEM:216:0:1:0:0:0,C,<DUP:TANDEM>,623,PASS,END=6630883;SVTYPE=DUP;SVLEN=770,GT:FT:GQ:PL:PR:SR,"0/1:PASS:350:673,0,347:12,10:24,15"
II,6669184,MantaINS:223:0:0:0:3:0,T,<INS>,999,PASS,"END=6669184;SVTYPE=INS;CIPOS=0,6;CIEND=0,6;HOMLEN=6;HOMSEQ=CATTTC;LEFT_SVINSSEQ=CATTTCCGATGCATTTAATATTATTCCGAATAATACCAGAGTTGGACCACCAGGATTTGTTATCCTGATTGCAAATTCGTGAGTGTTCGCCATGATCACTGTTTCAGAAATTCAATTTTCAGCGCTGATTCGGTTCCAACTTCTGTGAATTCCGCTGTGAATTTGAAAGCTCAAGGGTTTGAAATTGTCACAGTTGGATTTAAATCAGCTGGAGATTTTACCTCGTTGTCATCACAGCCTGGTTTCAACTTCAAAATTCATCAGGACGGTGATATGAGTTCTGTTGCTGCATTGATTGGAAATGTTTTGA;RIGHT_SVINSSEQ=CAGCTCTCACTTGTCCCATTCCCTACTGGAAACACACTTGAGCCACTAATGACATACGGAGCTGCAACGACATCAGACAGAATAACTGCTGCTTTTTCTGTTTTTGCTAACTTTGCAAAAGAACCAGCTAC",GT:FT:GQ:PL:PR:SR,"1/1:PASS:95:999,98,0:0,2:0,36"
II,6758979,MantaDUP:TANDEM:201:0:1:0:0:0,G,<DUP:TANDEM>,915,PASS,"END=6763711;SVTYPE=DUP;SVLEN=4732;CIPOS=0,3;CIEND=0,3;HOMLEN=3;HOMSEQ=TTT",GT:FT:GQ:PL:PR:SR,"0/1:PASS:675:965,0,672:26,12:48,26"
II,6760512,MantaDEL:231:0:1:0:0:0,TATTTCCTTTTATTTTTTTTTCGCACGAAAGAGTTTATTTTATTGAAAATGAACATTTTAATTTTTTAAAAATCATGTTTTGTCTGGTAAATCTTGAAATAAAAAACAATTACTCAAAGTGATTTTAGGTTGAACAAACTTCCTTCCTAATTGTGTTATTCTTATTTTATATTCATTTCTATTCAGATTTATTGAACATTCATATTGATAAAAACAATTTAATTCGGCTATCATAAATCAAATACCACCTGTAGTTTCACGAGAACAATCTGAACATGAGATAGAAAAAAACATAATTGAGTTACAACCACAGCTGAACAAGGAAAAACAAATTAGTTATAGCAGTACTTGGGTGTCTCTATTGATTTCAAAGAATCGACGAGCAAATTGACTTCTGCTCCGAATATTTTCAGATTCTTGACACATCCCACAAACTTGTTAGAAAGATTCAAAGATTTCAGAAGTTTATGTTTCTTCGGATTGGCTCCTCCAAGATATACAAGTCCATTAGAATCGAGATTCACGTCTCCTGGTGAAGCGACGACGTGAAGGATCTTCTTCGAATCCACCCACAGCTCACATTTTCGTTCTTTTCTGAAAATTGTTCAAATCTTGTGGTTGTAATAATTC,T,751,PASS,"END=6761141;SVTYPE=DEL;SVLEN=-629;CIGAR=1M629D;CIPOS=0,1;HOMLEN=1;HOMSEQ=A",GT:FT:GQ:PL:PR:SR,"0/1:PASS:422:801,0,419:16,8:32,16"
II,6761122,MantaDEL:231:1:2:0:0:0,TCTTGTGGTTGTAATAATTCAAAACGCATGCAATCCTTTAAATATCCCTATTTATCCATTTGCTTTTACCACTCAAGATTTATCTGTATGTTTTTTGAGCACTTTAACGGAAATCAAGGAGGATCGTTGAGGCATGAAATGTATTTACTCGAATGTTGTTCAATTTTTTCCTACAGAGATGATCTTTCAAAGAACAGCGATCGCCGATCAGGAAAATAAGAGCACAGATGAAAACGATTAGTTTTGTTGTGTAAATGGATTTTTTTGGAAATAATCTAACTTACCTAACTCATTATGGTGTAGGAAACCCGTTGTTTTGTTATTTTAACCAAATACTAAAGTTTACATTTAAAAAACGGTTCCAACCTAAAATTGGAATAAAATTTCCAATAGAATGACAATTAATATGCAATTTTCTACATTGTAGAACATTGTCATAAATGTATTACTGGTAAATTTCCCCTAAACGCAGACGAATTGGTGAAGAGCAGGTCTAGTTTCTTGAAAAATGTTCATTGTTAGCTCACCTTCTAAACGAAACAGAATGCCAATGATTATCAGCAACAGTGACATTTGTTGATATTGGTTTCAAATGAACATCAGCTCCAAGATTCACTCCAACATACAACTTTCCTTCTTCAATGAACACTAATAGAAAATCTCCCCCTTCATCAGCCTGACTCCATGCTCCTTCTTGCCATATAACGCCTGCAATTTGTGCA,T,613,PASS,END=6761843;SVTYPE=DEL;SVLEN=-721;CIGAR=1M721D,GT:FT:GQ:PL:PR:SR,"0/1:PASS:247:663,0,244:9,5:20,14"
II,7801507,MantaDEL:238:0:0:0:0:0,ATAAGACAATGCCAAAGTGATAACTTTCCTGAAGGCACATTTACTTCGCCTAATTTTTGATTTTTAAAACAAATAAATATTTACATTTTCTAATATTGATC,A,97,SampleFT,"END=7801607;SVTYPE=DEL;SVLEN=-100;CIGAR=1M100D;CIPOS=0,100;HOMLEN=100;HOMSEQ=TAAGACAATGCCAAAGTGATAACTTTCCTGAAGGCACATTTACTTCGCCTAATTTTTGATTTTTAAAACAAATAAATATTTACATTTTCTAATATTGATC",GT:FT:GQ:PL:PR:SR,"1/1:MinGQ:7:149,9,0:0,0:0,3"
II,9937187,MantaINS:243:0:0:0:0:0,T,TACCAAGAAATCATGAGAATGCGTACTTGGTGCATTTTGTTTGACGCGCGATATCTCCAGTAAGAAACTACAGTAAGAGCTTAAATATCTATTCTTATTTGAGTTCTTACTGTAGTTTTCGCTAAGAGATATCGCGCGTCAAATAAAATGC,628,PASS,"END=9937187;SVTYPE=INS;SVLEN=150;CIGAR=1M150I;CIPOS=0,6;HOMLEN=6;HOMSEQ=ACCAAG",GT:FT:GQ:PL:PR:SR,"1/1:PASS:40:681,43,0:0,5:0,17"
II,10122121,MantaDUP:TANDEM:254:0:1:0:0:0,A,<DUP:TANDEM>,198,PASS,"END=10122290;SVTYPE=DUP;SVLEN=169;CIPOS=0,28;CIEND=0,28;HOMLEN=28;HOMSEQ=TTCTTCCAAACCAAACACCCAATTTTTT",GT:FT:GQ:PL:PR:SR,"0/1:PASS:198:248,0,486:11,2:40,11"
II,11027622,MantaDUP:TANDEM:265:0:1:0:0:0,C,<DUP:TANDEM>,169,PASS,END=11027691;SVTYPE=DUP;SVLEN=69;SVINSLEN=3;SVINSSEQ=AGT,GT:FT:GQ:PL:PR:SR,"0/1:PASS:169:219,0,191:8,0:20,8"
II,11211551,MantaDUP:TANDEM:271:0:1:0:0:0,G,<DUP:TANDEM>,58,PASS,"END=11212111;SVTYPE=DUP;SVLEN=560;IMPRECISE;CIPOS=-136,136;CIEND=-154,154",GT:FT:GQ:PL:PR,"0/1:PASS:58:108,0,166:12,8"
II,11704655,MantaINS:264:0:0:0:0:0,G,GTTTTTTCAAATGTGCCTCCGTGGAGAAAACCATCTGAAATGTTAAAAAAATTATGTTTTT,822,PASS,"END=11704655;SVTYPE=INS;SVLEN=60;CIGAR=1M60I;CIPOS=0,9;HOMLEN=9;HOMSEQ=TTTTTTCAA",GT:FT:GQ:PL:PR:SR,"1/1:PASS:55:875,58,0:0,1:0,26"
II,12540954,MantaBND:274:0:1:0:0:0:1,T,T[V:19843172[,11,MinQUAL;SampleFT,SVTYPE=BND;MATEID=MantaBND:274:0:1:0:0:0:0;BND_DEPTH=24;MATE_BND_DEPTH=26,GT:FT:GQ:PL:PR:SR,"0/1:MinGQ:11:60,0,466:13,2:29,2"
II,12803699,MantaBND:282:0:0:1:0:0:1,G,G]II:12803760],50,PASS,"SVTYPE=BND;MATEID=MantaBND:282:0:0:1:0:0:0;IMPRECISE;CIPOS=-286,287;BND_DEPTH=37;MATE_BND_DEPTH=36",GT:FT:GQ:PL:PR,"0/1:PASS:50:100,0,198:14,8"
II,12803760,MantaBND:282:0:0:1:0:0:0,T,T]II:12803699],50,PASS,"SVTYPE=BND;MATEID=MantaBND:282:0:0:1:0:0:1;IMPRECISE;CIPOS=-167,168;BND_DEPTH=36;MATE_BND_DEPTH=37",GT:FT:GQ:PL:PR,"0/1:PASS:50:100,0,198:14,8"
II,13434900,MantaINS:295:0:0:0:0:0,A,ATTCGGCAAACTTGCCAGTTTGCCAATTCCGACAATCTGACAATTAGCCGGAATATTTCGTTTCCCGCAAAATGCACGTTTGCCGATTTGCCGGAATTGGCAAACTGGCAAGTTTCTCGAATTTAAATT,999,PASS,"END=13434900;SVTYPE=INS;SVLEN=128;CIGAR=1M128I;CIPOS=0,3;HOMLEN=3;HOMSEQ=TTC",GT:FT:GQ:PL:PR:SR,"1/1:PASS:76:999,79,0:0,2:0,37"
II,13583084,MantaDUP:TANDEM:299:0:1:0:0:0,C,<DUP:TANDEM>,490,PASS,END=13583647;SVTYPE=DUP;SVLEN=563;SVINSLEN=1;SVINSSEQ=T,GT:FT:GQ:PL:PR:SR,"0/1:PASS:490:540,0,511:19,3:34,20"
II,14737026,MantaBND:313:0:1:0:0:0:1,G,G]X:7991086],236,PASS,"SVTYPE=BND;MATEID=MantaBND:313:0:1:0:0:0:0;CIPOS=0,29;HOMLEN=29;HOMSEQ=TGGCAGGAAGTTGCCTCTGAATGCCGAGT;BND_DEPTH=27;MATE_BND_DEPTH=20",GT:FT:GQ:PL:PR:SR,"0/1:PASS:172:286,0,169:10,3:7,6"
II,15049162,MantaBND:315:0:1:0:0:0:1,T,[II:15049584[T,374,PASS,"SVTYPE=BND;MATEID=MantaBND:315:0:1:0:0:0:0;CIPOS=0,14;HOMLEN=14;HOMSEQ=TAGACAACTTTTTA;BND_DEPTH=47;MATE_BND_DEPTH=55",GT:FT:GQ:PL:PR:SR,"0/1:PASS:374:424,0,542:25,3:37,12"
II,15049557,MantaBND:315:1:2:0:0:0:0,T,T]II:15050142],942,PASS,"SVTYPE=BND;MATEID=MantaBND:315:1:2:0:0:0:1;CIPOS=0,2;HOMLEN=2;HOMSEQ=TT;BND_DEPTH=55;MATE_BND_DEPTH=37",GT:FT:GQ:PL:PR:SR,"0/1:PASS:479:992,0,476:15,4:32,26"
II,15049570,MantaBND:315:0:1:0:0:0:0,A,[II:15049176[A,374,PASS,"SVTYPE=BND;MATEID=MantaBND:315:0:1:0:0:0:1;CIPOS=0,14;HOMLEN=14;HOMSEQ=AAAAGTTGTCTAAT;BND_DEPTH=55;MATE_BND_DEPTH=47",GT:FT:GQ:PL:PR:SR,"0/1:PASS:374:424,0,542:25,3:37,12"
II,15050140,MantaBND:315:1:2:0:0:0:1,A,A]II:15049559],942,PASS,"SVTYPE=BND;MATEID=MantaBND:315:1:2:0:0:0:0;CIPOS=0,2;HOMLEN=2;HOMSEQ=AA;BND_DEPTH=37;MATE_BND_DEPTH=55",GT:FT:GQ:PL:PR:SR,"0/1:PASS:479:992,0,476:15,4:32,26"
II,15124875,MantaBND:132:0:2:0:0:0:1,C,C]I:12864620],318,NoPairSupport,"SVTYPE=BND;MATEID=MantaBND:132:0:2:0:0:0:0;CIPOS=0,5;HOMLEN=5;HOMSEQ=GCATT;BND_DEPTH=54;MATE_BND_DEPTH=20",GT:FT:GQ:PL:PR:SR,"0/1:PASS:238:368,0,235:9,0:21,10"
II,15241324,MantaINS:308:1:1:0:0:0,T,TTCGGAAAATTGCCGGTTTGCCGGAAATTTTGATTTTCGGAAAATTGCCGATTTGCTGGAAAATTTGATTTCTGGCAAATCGCTGATTTGCCCAAAATTTTTATTTTCGGAAAATTGCCGGTTTACCAAATTTGCCGGAAATTTTGATTG,615,PASS,"END=15241324;SVTYPE=INS;SVLEN=149;CIGAR=1M149I;CIPOS=0,18;HOMLEN=18;HOMSEQ=TCGGAAAATTGCCGGTTT",GT:FT:GQ:PL:PR:SR,"1/1:PASS:40:668,43,0:0,1:0,17"
III,158848,MantaDUP:TANDEM:318:0:1:0:0:0,A,<DUP:TANDEM>,999,PASS,"END=162360;SVTYPE=DUP;SVLEN=3512;CIPOS=0,2;CIEND=0,2;HOMLEN=2;HOMSEQ=TT",GT:FT:GQ:PL:PR:SR,"0/1:PASS:323:999,0,320:9,14:28,22"
III,346581,MantaDEL:323:0:1:0:0:0,A,<DEL>,99,PASS,"END=492764;SVTYPE=DEL;SVLEN=-146183;IMPRECISE;CIPOS=-250,250;CIEND=-108,109",GT:FT:GQ:PL:PR,"0/1:PASS:99:149,0,146:11,9"
III,346631,MantaDUP:TANDEM:323:0:2:0:1:0,A,<DUP:TANDEM>,537,MaxDepth,"END=492961;SVTYPE=DUP;SVLEN=146330;CIPOS=0,6;CIEND=0,6;HOMLEN=6;HOMSEQ=TAAATA",GT:FT:GQ:PL:PR:SR,"0/1:PASS:471:587,0,468:4,5:36,31"
III,468056,MantaBND:33:0:1:0:0:0:1,G,G[I:2002703[,630,PASS,SVTYPE=BND;MATEID=MantaBND:33:0:1:0:0:0:0;BND_DEPTH=56;MATE_BND_DEPTH=33,GT:FT:GQ:PL:PR:SR,"0/1:PASS:455:680,0,452:21,3:30,18"
III,481714,MantaDUP:TANDEM:323:2:3:0:0:0,T,<DUP:TANDEM>,283,MaxDepth,END=493009;SVTYPE=DUP;SVLEN=11295;SVINSLEN=4;SVINSSEQ=AAAA,GT:FT:GQ:PL:PR:SR,"0/1:PASS:283:333,0,707:19,6:49,12"
III,1286507,MantaDUP:TANDEM:320:3:4:0:0:0,A,<DUP:TANDEM>,304,PASS,"END=9955632;SVTYPE=DUP;SVLEN=8669125;CIPOS=0,1;CIEND=0,1;HOMLEN=1;HOMSEQ=C",GT:FT:GQ:PL:PR:SR,"0/1:PASS:281:354,0,278:9,5:19,8"
III,1524759,MantaDEL:334:0:1:0:0:0,T,<DEL>,541,PASS,"END=3279937;SVTYPE=DEL;SVLEN=-1755178;CIPOS=0,10;CIEND=0,10;HOMLEN=10;HOMSEQ=TCAACTGATT",GT:FT:GQ:PL:PR:SR,"0/1:PASS:348:591,0,345:2,2:22,16"
III,2261463,MantaINS:339:0:0:0:0:0,T,TAAAAATGGGGAATTAGAGTGCGAAGTTAAAGGTGGAGTAGCGTCAGTGTGGA,866,PASS,"END=2261463;SVTYPE=INS;SVLEN=52;CIGAR=1M52I;CIPOS=0,2;HOMLEN=2;HOMSEQ=AA",GT:FT:GQ:PL:PR:SR,"1/1:PASS:53:919,56,0:0,0:0,24"
III,2878237,MantaBND:346:0:1:0:0:0:1,T,[IV:2380066[TTCT,202,NoPairSupport,SVTYPE=BND;MATEID=MantaBND:346:0:1:0:0:0:0;SVINSLEN=3;SVINSSEQ=TTC;BND_DEPTH=22;MATE_BND_DEPTH=33,GT:FT:GQ:PL:PR:SR,"0/1:PASS:202:252,0,366:11,0:23,10"
III,2893360,MantaINS:338:0:0:0:3:0,A,<INS>,999,PASS,"END=2893360;SVTYPE=INS;CIPOS=0,4;CIEND=0,4;HOMLEN=4;HOMSEQ=GATC;LEFT_SVINSSEQ=GATCAGAAAACATAGAGACGGGGCGTTTGAAAGTTCAAAAAACGTAACTAGAAAAATTTTAAAAATTAAAAAAAAAAACGATTTTGAGGGAATTTTTGGCCAACTTTCTAAAAATTTAATTAGTAATTCTATATAAATTCCAGAAAAAAAATTGACGATGAGGAAATGAGCCGAAAATTTGTAAGCTATTGTTTCGTTGACTCTTTTCAGACAGTTTCCCCATGGAAACCTAAAATTGAAGACAATTTGATCTTTTGCAATAAATGGAAAATTGAAAATTTTTAAAATTAAAAGAAATAACTAATAGTAAATTCCAATGGATTTTTTATTTTCCCCGTG;RIGHT_SVINSSEQ=AATTCCAATGGATTTTTTATTTTCCCCGTGACAAACCAACATGAACTTGTTATCCTTATCTACGTGTTTAATCTGTCCTCAGAATCAGAATCAAAATCAGTCTTCGATTTGGAATCGACAAGT",GT:FT:GQ:PL:PR:SR,"1/1:PASS:88:999,91,0:0,4:0,36"
III,2956877,MantaINS:357:0:0:0:4:0,A,<INS>,571,PASS,"END=2956877;SVTYPE=INS;CIPOS=0,20;CIEND=0,20;HOMLEN=20;HOMSEQ=AACCTTCAAAATTCAAAAAT;LEFT_SVINSSEQ=AACCTTCAAAATTCAAAAATTTTGGCCTTGAAAAACTCTTCTCACTGCAACTTTTCCTCACGAAGGACGAGAAAAAGTGGTTTCTAGGCCATGGCCGAGG;RIGHT_SVINSSEQ=ATCAGTTTTAATAAGAAAAAACGGGAAAAAGCTGTGAAAAACGAAAGAAAACAGGCGGAAAACAAAGCAAGATAAATGGCCGCTGAAACTTGTCGGCCCCTCGGCCATGGCCTAGAAACCACTTTTCCTCGTCCCTCGTGAGGAAAAAGTTGCAGTG",GT:FT:GQ:PL:PR:SR,"1/1:PASS:41:624,44,0:0,3:0,14"
III,4034963,MantaBND:364:0:1:0:0:0:0,A,A[V:19543885[,25,PASS,"SVTYPE=BND;MATEID=MantaBND:364:0:1:0:0:0:1;CIPOS=0,19;HOMLEN=19;HOMSEQ=TAAGCCCAAGCCTAAGCCT;BND_DEPTH=25;MATE_BND_DEPTH=34",GT:FT:GQ:PL:PR:SR,"0/1:PASS:25:75,0,400:15,2:28,2"
III,4404344,MantaDEL:369:0:1:0:0:0,TCCCAATTACCAAGCCATTTATAACATAGAAGAAAAAGTAACCAGTTGCAGATAATAATAAATTTCATCTAAAACGTATATATTGCTAGGAACACATTTTTCCATGACCCCTTTCTCTTCAATTCC,TTT,189,PASS,END=4404469;SVTYPE=DEL;SVLEN=-125;CIGAR=1M2I125D,GT:FT:GQ:PL:PR:SR,"0/1:PASS:189:239,0,203:5,0:17,8"
III,4670588,MantaBND:359:5:6:0:1:0:0,T,]IV:15853868]T,208,NoPairSupport,"SVTYPE=BND;MATEID=MantaBND:359:5:6:0:1:0:1;CIPOS=0,33;HOMLEN=33;HOMSEQ=TTTCGGACGTCCGAAAAACCGGACGCCGGACGT;BND_DEPTH=25;MATE_BND_DEPTH=50",GT:FT:GQ:PL:PR:SR,"0/1:PASS:129:258,0,126:1,0:17,9"
III,4670620,MantaBND:359:3:5:0:1:0:1,G,GCACCCAACGTCCGGTTTTTT[V:20705302[,258,PASS,SVTYPE=BND;MATEID=MantaBND:359:3:5:0:1:0:0;SVINSLEN=20;SVINSSEQ=CACCCAACGTCCGGTTTTTT;BND_DEPTH=25;MATE_BND_DEPTH=59,GT:FT:GQ:PL:PR:SR,"0/1:PASS:178:308,0,175:4,5:12,11"
III,6649394,MantaBND:374:0:1:0:0:0:0,A,A]III:6682735],999,PASS,SVTYPE=BND;MATEID=MantaBND:374:0:1:0:0:0:1;BND_DEPTH=48;MATE_BND_DEPTH=59,GT:FT:GQ:PL:PR:SR,"0/1:PASS:318:999,0,315:13,17:23,27"
III,6682735,MantaBND:374:0:1:0:0:0:1,T,T]III:6649394],999,PASS,SVTYPE=BND;MATEID=MantaBND:374:0:1:0:0:0:0;BND_DEPTH=59;MATE_BND_DEPTH=48,GT:FT:GQ:PL:PR:SR,"0/1:PASS:318:999,0,315:13,17:23,27"
III,6682735,MantaBND:374:1:1:1:0:0:0,T,[III:6682894[TTATTT,203,PASS,SVTYPE=BND;MATEID=MantaBND:374:1:1:1:0:0:1;SVINSLEN=5;SVINSSEQ=TTATT;BND_DEPTH=59;MATE_BND_DEPTH=29,GT:FT:GQ:PL:PR:SR,"0/1:PASS:203:253,0,349:13,6:23,7"
III,6682894,MantaBND:374:1:1:1:0:0:1,C,[III:6682735[AATAAC,203,PASS,SVTYPE=BND;MATEID=MantaBND:374:1:1:1:0:0:0;SVINSLEN=5;SVINSSEQ=AATAA;BND_DEPTH=29;MATE_BND_DEPTH=59,GT:FT:GQ:PL:PR:SR,"0/1:PASS:203:253,0,349:13,6:23,7"
III,7265135,MantaDEL:378:0:1:0:0:0,TTTCAATAGTAATAACCTTCTCCTCCTTCATCTTTTTCTACCACTACCACCCCCACATGCTGCTCTCTCTCTGTTTTTTTTATATTTTATTTTATAATATTTGTGGTGCCTCTCA,T,533,PASS,"END=7265249;SVTYPE=DEL;SVLEN=-114;CIGAR=1M114D;CIPOS=0,4;HOMLEN=4;HOMSEQ=TTCA",GT:FT:GQ:PL:PR:SR,"0/1:PASS:245:583,0,242:7,0:20,17"
III,9096426,MantaDEL:320:1:2:0:0:0,A,<DEL>,200,PASS,END=13737953;SVTYPE=DEL;SVLEN=-4641527,GT:FT:GQ:PL:PR:SR,"0/1:PASS:200:250,0,231:7,6:18,5"
III,9096455,MantaBND:320:2:4:0:0:0:1,A,[III:9955972[A,209,PASS,"SVTYPE=BND;MATEID=MantaBND:320:2:4:0:0:0:0;CIPOS=0,1;HOMLEN=1;HOMSEQ=A;BND_DEPTH=26;MATE_BND_DEPTH=21",GT:FT:GQ:PL:PR:SR,"0/1:PASS:209:259,0,264:13,6:24,4"
III,9955971,MantaBND:320:2:4:0:0:0:0,T,[III:9096456[T,209,PASS,"SVTYPE=BND;MATEID=MantaBND:320:2:4:0:0:0:1;CIPOS=0,1;HOMLEN=1;HOMSEQ=C;BND_DEPTH=21;MATE_BND_DEPTH=26",GT:FT:GQ:PL:PR:SR,"0/1:PASS:209:259,0,264:13,6:24,4"
III,10226056,MantaINS:405:0:0:0:0:0,A,AAAAACTAAAAATAAAACTAAAAATAAAACTAAAACTAAAAATAAAACTAAAAATAAAACTAAAAATAAAACT,173,SampleFT,"END=10226056;SVTYPE=INS;SVLEN=72;CIGAR=1M72I;CIPOS=0,54;HOMLEN=54;HOMSEQ=AAAACTAAAAATAAAACTAAAAATAAAACTAAAACTAAAAATAAAACTAAAAAT",GT:FT:GQ:PL:PR:SR,"1/1:MinGQ:12:226,15,0:0,0:0,5"
III,10407335,MantaDEL:395:0:1:0:0:0,A,<DEL>,264,PASS,"END=10483791;SVTYPE=DEL;SVLEN=-76456;CIPOS=0,4;CIEND=0,4;HOMLEN=4;HOMSEQ=AAAT",GT:FT:GQ:PL:PR:SR,"0/1:PASS:264:314,0,413:12,4:32,8"
III,10407340,MantaDUP:TANDEM:395:0:2:0:0:0,G,<DUP:TANDEM>,162,PASS,"END=10484198;SVTYPE=DUP;SVLEN=76858;CIPOS=0,1;CIEND=0,1;HOMLEN=1;HOMSEQ=A",GT:FT:GQ:PL:PR:SR,"0/1:PASS:162:212,0,254:12,2:15,8"
III,10557581,MantaINS:407:0:0:0:0:0,A,ACCGCAAGTAGATTCTTTCCGCCGGTTCGAAATTTTCCGCAAGTAGATTTTTCCGCCGGTAGATTTTTCCGGTGGTAGATTCTTTCCGCCGGTTCGAGTTTTT,999,PASS,"END=10557581;SVTYPE=INS;SVLEN=102;CIGAR=1M102I;CIPOS=0,36;HOMLEN=36;HOMSEQ=CCGCAAGTAGATTCTTTCCGCCGGTTCGAAATTTTC",GT:FT:GQ:PL:PR:SR,"1/1:PASS:72:999,75,0:0,1:0,34"
III,11114378,MantaBND:410:0:2:1:1:0:0,T,T[V:306874[,387,PASS,"SVTYPE=BND;MATEID=MantaBND:410:0:2:1:1:0:1;CIPOS=0,29;HOMLEN=29;HOMSEQ=TCGCTTTTTTCACGGCCACCTCTTCCATT;BND_DEPTH=49;MATE_BND_DEPTH=20",GT:FT:GQ:PL:PR:SR,"0/1:PASS:148:437,0,145:6,6:15,10"
III,11114378,MantaBND:410:0:1:1:2:0:0,T,T]V:17040204],442,PASS,"SVTYPE=BND;MATEID=MantaBND:410:0:1:1:2:0:1;CIPOS=0,59;HOMLEN=59;HOMSEQ=TCGCTTTTTTCACGGCCACCTCTTCCATTTGAAAACAGGGGGGAAATTAGAAACCCGTG;BND_DEPTH=43;MATE_BND_DEPTH=26",GT:FT:GQ:PL:PR:SR,"0/1:PASS:106:492,0,103:7,10:7,7"
III,11562981,MantaBND:404:0:0:0:1:0:1,T,TCCA]III:11563049],253,PASS,SVTYPE=BND;MATEID=MantaBND:404:0:0:0:1:0:0;SVINSLEN=3;SVINSSEQ=CCA;BND_DEPTH=44;MATE_BND_DEPTH=34,GT:FT:GQ:PL:PR:SR,"0/1:PASS:80:303,0,77:2,4:9,11"
III,11563049,MantaBND:404:0:0:0:1:0:0,C,CTGG]III:11562981],253,PASS,SVTYPE=BND;MATEID=MantaBND:404:0:0:0:1:0:1;SVINSLEN=3;SVINSSEQ=TGG;BND_DEPTH=34;MATE_BND_DEPTH=44,GT:FT:GQ:PL:PR:SR,"0/1:PASS:80:303,0,77:2,4:9,11"
III,11925832,MantaDUP:TANDEM:406:0:1:0:0:0,T,<DUP:TANDEM>,43,PASS,"END=11926368;SVTYPE=DUP;SVLEN=536;IMPRECISE;CIPOS=-195,196;CIEND=-175,176",GT:FT:GQ:PL:PR,"0/1:PASS:43:93,0,241:17,8"
III,12376536,MantaDEL:414:0:1:0:0:0,C,<DEL>,14,MinQUAL;SampleFT,"END=12627279;SVTYPE=DEL;SVLEN=-250743;IMPRECISE;CIPOS=-155,155;CIEND=-112,112",GT:FT:GQ:PL:PR,"0/1:MinGQ:14:64,0,112:8,5"
IV,427474,MantaDUP:TANDEM:437:0:1:1:0:0,C,<DUP:TANDEM>,15,MinQUAL,"END=15805557;SVTYPE=DUP;SVLEN=15378083;IMPRECISE;CIPOS=-145,146;CIEND=-83,84",GT:FT:GQ:PL:PR,"0/1:PASS:15:65,0,262:18,7"
IV,1505550,MantaBND:443:0:1:0:0:0:0,A,A]IV:1648178],417,NoPairSupport,"SVTYPE=BND;MATEID=MantaBND:443:0:1:0:0:0:1;CIPOS=0,41;HOMLEN=41;HOMSEQ=TATAAAATCGTCGAAAAATCTGGAAAATTCTTACAGACTTG;BND_DEPTH=30;MATE_BND_DEPTH=28",GT:FT:GQ:PL:PR:SR,"0/1:PASS:103:467,0,100:7,0:6,12"
IV,1648137,MantaBND:443:0:1:0:0:0:1,C,C]IV:1505591],417,NoPairSupport,"SVTYPE=BND;MATEID=MantaBND:443:0:1:0:0:0:0;CIPOS=0,41;HOMLEN=41;HOMSEQ=CAAGTCTGTAAGAATTTTCCAGATTTTTCGACGATTTTATA;BND_DEPTH=28;MATE_BND_DEPTH=30",GT:FT:GQ:PL:PR:SR,"0/1:PASS:103:467,0,100:7,0:6,12"
IV,2025947,MantaINS:448:0:0:0:2:0,A,<INS>,999,PASS,"END=2025947;SVTYPE=INS;CIPOS=0,7;CIEND=0,7;HOMLEN=7;HOMSEQ=AATTTTG;LEFT_SVINSSEQ=AATTTTGGAAAATTCTCTAAAAAATGCGCAGATTTTGAGGGAAAAATTTTTTTCAATAAAAACCGGAAAATTTCGACTAAATCACTTTAAATTTGTTTTCGTGGAGGGTCCCAAAAATTTGCATGAAATTACCAAAATTCAGGAATTGTTATATTCTTATATGAAGTC;RIGHT_SVINSSEQ=ACCCTCCACGAAAACAAATTTAAAGTGATTTAGTCGAAATTTTCCGGTTTTTATTGAAAAAAATTTTTCCCTCAAAATCTGCGCATTTTTTAGAGAATTTTCCAAAATTTTCTC",GT:FT:GQ:PL:PR:SR,"1/1:PASS:74:999,77,0:0,0:0,32"
IV,2374735,MantaBND:456:0:1:1:0:0:1,G,G]IV:2375575],77,PASS,"SVTYPE=BND;MATEID=MantaBND:456:0:1:1:0:0:0;IMPRECISE;CIPOS=-223,224;BND_DEPTH=14;MATE_BND_DEPTH=46",GT:FT:GQ:PL:PR,"0/1:PASS:77:127,0,298:21,11"
IV,2375575,MantaBND:456:0:1:1:0:0:0,T,T]IV:2374735],77,PASS,"SVTYPE=BND;MATEID=MantaBND:456:0:1:1:0:0:1;IMPRECISE;CIPOS=-205,206;BND_DEPTH=46;MATE_BND_DEPTH=14",GT:FT:GQ:PL:PR,"0/1:PASS:77:127,0,298:21,11"
IV,2380066,MantaBND:346:0:1:0:0:0:0,T,[III:2878237[GAAT,202,NoPairSupport,SVTYPE=BND;MATEID=MantaBND:346:0:1:0:0:0:1;SVINSLEN=3;SVINSSEQ=GAA;BND_DEPTH=33;MATE_BND_DEPTH=22,GT:FT:GQ:PL:PR:SR,"0/1:PASS:202:252,0,366:11,0:23,10"
IV,2380075,MantaBND:346:1:2:0:1:0:1,T,]X:5445]T,505,PASS,"SVTYPE=BND;MATEID=MantaBND:346:1:2:0:1:0:0;CIPOS=0,26;HOMLEN=26;HOMSEQ=TTAGGGTCTCGCCGCGAAATTCAGCT;BND_DEPTH=34;MATE_BND_DEPTH=66",GT:FT:GQ:PL:PR:SR,"0/1:PASS:400:555,0,397:11,4:26,16"
IV,3136171,MantaBND:449:0:1:1:0:0:1,A,A]IV:3170032],597,PASS,"SVTYPE=BND;MATEID=MantaBND:449:0:1:1:0:0:0;CIPOS=0,5;HOMLEN=5;HOMSEQ=GATCT;BND_DEPTH=38;MATE_BND_DEPTH=31",GT:FT:GQ:PL:PR:SR,"1/1:PASS:36:650,39,0:0,3:0,13"
IV,3136172,MantaBND:449:0:1:2:0:0:0,G,[IV:3170033[G,953,PASS,"SVTYPE=BND;MATEID=MantaBND:449:0:1:2:0:0:1;CIPOS=0,5;HOMLEN=5;HOMSEQ=ATCTG;BND_DEPTH=38;MATE_BND_DEPTH=31",GT:FT:GQ:PL:PR:SR,"1/1:PASS:61:999,64,0:0,11:0,20"
IV,3170027,MantaBND:449:0:1:1:0:0:0,T,T]IV:3136176],597,PASS,"SVTYPE=BND;MATEID=MantaBND:449:0:1:1:0:0:1;CIPOS=0,5;HOMLEN=5;HOMSEQ=AGATC;BND_DEPTH=31;MATE_BND_DEPTH=38",GT:FT:GQ:PL:PR:SR,"1/1:PASS:36:650,39,0:0,3:0,13"
IV,3170028,MantaBND:449:0:1:2:0:0:1,A,[IV:3136177[A,953,PASS,"SVTYPE=BND;MATEID=MantaBND:449:0:1:2:0:0:0;CIPOS=0,5;HOMLEN=5;HOMSEQ=GATCA;BND_DEPTH=31;MATE_BND_DEPTH=38",GT:FT:GQ:PL:PR:SR,"1/1:PASS:61:999,64,0:0,11:0,20"
IV,3725256,MantaBND:92:0:1:0:0:0:0,A,AT]I:8678814],26,PASS,SVTYPE=BND;MATEID=MantaBND:92:0:1:0:0:0:1;SVINSLEN=1;SVINSSEQ=T;BND_DEPTH=22;MATE_BND_DEPTH=21,GT:FT:GQ:PL:PR:SR,"0/1:PASS:26:76,0,315:13,2:22,2"
IV,5950124,MantaBND:96:0:1:0:0:0:0,T,T[I:8761062[,87,NoPairSupport,"SVTYPE=BND;MATEID=MantaBND:96:0:1:0:0:0:1;CIPOS=0,9;HOMLEN=9;HOMSEQ=ACCGGACGC;BND_DEPTH=26;MATE_BND_DEPTH=30",GT:FT:GQ:PL:PR:SR,"0/1:PASS:87:137,0,239:6,0:16,5"
IV,6320432,MantaBND:474:0:1:0:0:0:0,T,]V:4914049]TGT,233,PASS,SVTYPE=BND;MATEID=MantaBND:474:0:1:0:0:0:1;SVINSLEN=2;SVINSSEQ=TG;BND_DEPTH=27;MATE_BND_DEPTH=25,GT:FT:GQ:PL:PR:SR,"0/1:PASS:139:283,0,136:4,3:10,5"
IV,7485251,MantaINS:485:0:0:0:4:0,A,<INS>,999,PASS,"END=7485251;SVTYPE=INS;CIPOS=0,10;CIEND=0,10;HOMLEN=10;HOMSEQ=GGATCCGAAA;LEFT_SVINSSEQ=GGATCCGAAAAGTATCGAACAAGTGATGACACGTCTACAAATTAGCAAACAATGGAATACACTTCGTGCTCTACTCAACTATGTTCGTTCGAATCAAATGGATTCCATGATCCGCTCGTTCCCGCTTATTTGGTTCCGTGTTTATGAAAATGC;RIGHT_SVINSSEQ=ATTATTTCTGTCCTTTCTAACTGGACTATTGATGTAAGTTCAATTTAAACAATATTTATAATCATTTAATTTACCAATATCATTTCAGAAAATGGACGACGTTGACTCTTCCAAGTT",GT:FT:GQ:PL:PR:SR,"1/1:PASS:107:999,110,0:0,1:0,43"
IV,8566417,MantaBND:84:0:1:0:0:0:0,A,]I:8054335]A,342,PASS,"SVTYPE=BND;MATEID=MantaBND:84:0:1:0:0:0:1;CIPOS=0,37;HOMLEN=37;HOMSEQ=CTCGGCATTTGGCTCTAGCTTCTTGCCCAAGTTTAGC;BND_DEPTH=36;MATE_BND_DEPTH=18",GT:FT:GQ:PL:PR:SR,"0/1:PASS:108:392,0,105:5,4:8,7"
IV,8575283,MantaDEL:507:0:0:0:4:0,AGCTGTTTACGATACGATATATATGTTTACGATACGATATATATATTAACGATATGACATAGCGATAAACGATACGATATAGCTGTTTACGATACGATATAGCTGTTAACGATACGATATAGCTATTTACGATACGATATAGCTATAAACGATACAATATAGCTGTT,A,102,MaxDepth,END=8575449;SVTYPE=DEL;SVLEN=-166;CIGAR=1M166D,GT:FT:GQ:PL:PR:SR,"0/1:PASS:102:152,0,571:6,0:70,14"
IV,9538121,MantaINS:514:0:0:0:2:0,A,<INS>,945,PASS,END=9538158;SVTYPE=INS;LEFT_SVINSSEQ=ATTTGCAATTAAGGAAGTGCGATATACAGTGCTCCACATAATGATACGGCCACCCCCAAATTTTAGTAAAACTGAAAACTGGGTTGAGATAGCAAAACATAGTTTCTTGTGAAAATGTTCGCTGTACTAACTTACTTTCAGATAAGTATTGGAAATATACCTGAACCGT;RIGHT_SVINSSEQ=ATAGCGAACATTTTCACAAGAAACTATGTTTTGCTATCTCAACCCAGTTTTGAGTTTTACTAAAATTTGGGGGTGGCCGTATCATTATGTGGAGCACTG,GT:FT:GQ:PL:PR:SR,"1/1:PASS:59:998,62,0:0,5:0,20"
IV,10350537,MantaBND:523:0:0:0:0:0:0,A,[IV:10350682[A,444,MaxDepth,SVTYPE=BND;MATEID=MantaBND:523:0:0:0:0:0:1;BND_DEPTH=46;MATE_BND_DEPTH=82,GT:FT:GQ:PL:PR:SR,"0/1:PASS:444:494,0,736:22,5:62,18"
IV,10350682,MantaBND:523:0:0:0:0:0:1,A,[IV:10350537[A,444,MaxDepth,SVTYPE=BND;MATEID=MantaBND:523:0:0:0:0:0:0;BND_DEPTH=82;MATE_BND_DEPTH=46,GT:FT:GQ:PL:PR:SR,"0/1:PASS:444:494,0,736:22,5:62,18"
IV,11002713,MantaINS:370:1:1:0:0:0,T,TGAAATCTAATCCAATGTGGAACAAATCTAATCCAATATGGCCGAAATCTAATCCAATATGGAACAAATCTAATCAAATATGGTC,188,PASS,"END=11002713;SVTYPE=INS;SVLEN=84;CIGAR=1M84I;CIPOS=0,11;HOMLEN=11;HOMSEQ=GAAATCTAATC",GT:FT:GQ:PL:PR:SR,"1/1:PASS:15:241,18,0:0,0:0,5"
IV,11144490,MantaDUP:TANDEM:536:0:1:0:0:0,G,<DUP:TANDEM>,102,PASS,"END=11145001;SVTYPE=DUP;SVLEN=511;IMPRECISE;CIPOS=-162,162;CIEND=-201,201",GT:FT:GQ:PL:PR,"0/1:PASS:102:152,0,236:17,10"
IV,12688217,MantaINS:552:0:0:0:0:0,A,AAAAAATACGATCGCACAAAAATAAACAACGACGCAACGACACTCCGCTGTTTTCAATCCCCGCCCACGATTTCATTTGCACTGCGGCCGCCACATTTCAGTGCAAATGAAATCGTGGCGAGGCTTAAAAATAGCGGAGTGTCGTTGCGTCGTTGTTTATTTTTGTGCGATCGTATTTTTTCTATAATAATT,446,PASS,"END=12688217;SVTYPE=INS;SVLEN=191;CIGAR=1M191I;CIPOS=0,7;HOMLEN=7;HOMSEQ=AAAAATA",GT:FT:GQ:PL:PR:SR,"1/1:PASS:41:499,44,0:0,9:0,8"
IV,13922385,MantaDUP:TANDEM:561:0:1:0:2:0,A,<DUP:TANDEM>,306,MaxDepth,END=13923926;SVTYPE=DUP;SVLEN=1541;SVINSLEN=15;SVINSSEQ=AAATATTTTTTTTTT,GT:FT:GQ:PL:PR:SR,"0/1:PASS:306:356,0,640:22,4:43,31"
IV,15853868,MantaBND:359:5:6:0:1:0:1,A,A[III:4670588[,208,NoPairSupport,"SVTYPE=BND;MATEID=MantaBND:359:5:6:0:1:0:0;CIPOS=0,33;HOMLEN=33;HOMSEQ=TTTTCGGACGTCCGAAAAACCGGACGCCGGACG;BND_DEPTH=50;MATE_BND_DEPTH=25",GT:FT:GQ:PL:PR:SR,"0/1:PASS:129:258,0,126:1,0:17,9"
IV,16571333,MantaBND:359:1:4:0:0:0:1,C,]V:17490437]C,95,NoPairSupport,"SVTYPE=BND;MATEID=MantaBND:359:1:4:0:0:0:0;CIPOS=0,38;HOMLEN=38;HOMSEQ=TAGGGCTGTGCAACCGGACGTCCGGTTTTTTCGGACGT;BND_DEPTH=37;MATE_BND_DEPTH=17",GT:FT:GQ:PL:PR:SR,"0/1:PASS:47:145,0,44:2,0:3,6"
IV,16571421,MantaBND:359:1:3:0:2:0:1,G,G[V:20705342[,55,PASS,"SVTYPE=BND;MATEID=MantaBND:359:1:3:0:2:0:0;CIPOS=0,11;HOMLEN=11;HOMSEQ=TGTGCGTCCGG;BND_DEPTH=33;MATE_BND_DEPTH=59",GT:FT:GQ:PL:PR:SR,"0/1:PASS:55:105,0,120:5,2:13,4"
IV,17460216,MantaDEL:586:0:1:0:0:0,TCTGTGACTCTTCGTCCATGTAATTGATCGTGGTCCGCGGTCCAGAAACTTCCTCCAATTTTTCTTTCTGTCGGTCCGTCAGACGATTCTTC,T,535,PASS,"END=17460307;SVTYPE=DEL;SVLEN=-91;CIGAR=1M91D;CIPOS=0,1;HOMLEN=1;HOMSEQ=C",GT:FT:GQ:PL:PR:SR,"1/1:PASS:35:588,38,0:0,0:0,17"
IV,17492390,MantaBND:581:0:1:1:0:0:1,T,TA]IV:17493072],974,PASS,SVTYPE=BND;MATEID=MantaBND:581:0:1:1:0:0:0;SVINSLEN=1;SVINSSEQ=A;BND_DEPTH=24;MATE_BND_DEPTH=53,GT:FT:GQ:PL:PR:SR,"0/1:PASS:124:999,0,121:5,5:21,26"
IV,17493072,MantaBND:581:0:1:1:0:0:0,T,TT]IV:17492390],974,PASS,SVTYPE=BND;MATEID=MantaBND:581:0:1:1:0:0:1;SVINSLEN=1;SVINSSEQ=T;BND_DEPTH=53;MATE_BND_DEPTH=24,GT:FT:GQ:PL:PR:SR,"0/1:PASS:124:999,0,121:5,5:21,26"
V,226037,MantaBND:615:0:2:0:0:0:1,G,[V:845512[G,549,PASS,"SVTYPE=BND;MATEID=MantaBND:615:0:2:0:0:0:0;CIPOS=0,16;HOMLEN=16;HOMSEQ=GAGCGATTTGCGGAGC;BND_DEPTH=40;MATE_BND_DEPTH=36",GT:FT:GQ:PL:PR:SR,"0/1:PASS:262:599,0,259:11,2:16,18"
V,306874,MantaBND:410:0:2:1:1:0:1,T,]III:11114378]T,387,PASS,"SVTYPE=BND;MATEID=MantaBND:410:0:2:1:1:0:0;CIPOS=0,29;HOMLEN=29;HOMSEQ=CGCTTTTTTCACGGCCACCTCTTCCATTC;BND_DEPTH=20;MATE_BND_DEPTH=49",GT:FT:GQ:PL:PR:SR,"0/1:PASS:148:437,0,145:6,6:15,10"
V,686153,MantaBND:172:0:1:0:1:0:0,T,]II:2141116]T,326,PASS,"SVTYPE=BND;MATEID=MantaBND:172:0:1:0:1:0:1;CIPOS=0,12;HOMLEN=12;HOMSEQ=TAACAAGGAAAG;BND_DEPTH=67;MATE_BND_DEPTH=21",GT:FT:GQ:PL:PR:SR,"0/1:PASS:259:376,0,256:12,5:20,9"
V,845496,MantaBND:615:0:2:0:0:0:0,C,[V:226053[C,549,PASS,"SVTYPE=BND;MATEID=MantaBND:615:0:2:0:0:0:1;CIPOS=0,16;HOMLEN=16;HOMSEQ=TCCGCAAATCGCTCCT;BND_DEPTH=36;MATE_BND_DEPTH=40",GT:FT:GQ:PL:PR:SR,"0/1:PASS:262:599,0,259:11,2:16,18"
V,1210654,MantaINS:633:0:0:0:2:0,C,<INS>,683,PASS,"END=1210654;SVTYPE=INS;CIPOS=0,8;CIEND=0,8;HOMLEN=8;HOMSEQ=GAGGAAAA;LEFT_SVINSSEQ=GAGGAAAAGTGGTTTCTAGGCCATGGCCGAGGGGCCGACAAGTTTCAGCGGCCATTTATCTTGCTTTGTTTTCTGCCTGTTTTCTTTCGTTTTTCATCGATTTTTTTTCGTTTTTTCTTAATAAAACTGATAAATA;RIGHT_SVINSSEQ=TATCAGTTTTAAAAAGAAAAAACGGGAAAAAGCTGTGAAAAACAAAAGAAAACAGGCGGAAAACAAAGCAAGATAAATGGCCGCTGAAACTTGTCGGCCCCTCGGCCATGGCCTAGAAACCACTTTTCCTCGTCCCTCGT",GT:FT:GQ:PL:PR:SR,"1/1:PASS:56:736,59,0:0,9:0,14"
V,1712538,MantaDUP:TANDEM:627:0:1:0:0:0,T,<DUP:TANDEM>,18,MinQUAL,"END=1714664;SVTYPE=DUP;SVLEN=2126;IMPRECISE;CIPOS=-118,118;CIEND=-142,143",GT:FT:GQ:PL:PR,"0/1:PASS:18:68,0,250:17,6"
V,1714351,MantaDEL:627:1:1:0:2:0,CGGTAAATTGCCGATTTGCCGGAAGTTTTGATTTTCGGTTAACTACCGATTTGCCGGAAATTTGATTTTCGGTAAATTGCCGATTTGCCGCAAATTTTGAGTTTTGGTAAATTGCCCATTTGCCGGAAATATGATTTTCGGCGAATTCCCGATTTGCCGATTTGCCGGAAATTTGATTTTCAGTAAACTGCCGATTTGCCGGAAATTTGATTATCGGTAAACTGCCGATTTGCCGGAAATTTGATTATCGGTAAACTGCCGATTTGCCGGAAAATTGATTTTCGGTGAATTGCCGATTTGCCGGAAATTTTGATTTTT,C,287,MaxMQ0Frac,"END=1714668;SVTYPE=DEL;SVLEN=-317;CIGAR=1M317D;CIPOS=0,6;HOMLEN=6;HOMSEQ=GGTAAA",GT:FT:GQ:PL:PR:SR,"0/1:PASS:287:337,0,582:8,1:47,12"
V,1772177,MantaBND:36:0:1:0:0:0:0,A,[I:2295529[A,470,PASS,"SVTYPE=BND;MATEID=MantaBND:36:0:1:0:0:0:1;CIPOS=0,27;HOMLEN=27;HOMSEQ=GCGCGCTCTAATAATTATTCGGCTTTG;BND_DEPTH=26;MATE_BND_DEPTH=38",GT:FT:GQ:PL:PR:SR,"0/1:PASS:218:520,0,215:11,1:13,14"
V,2600122,MantaINS:632:0:0:0:0:0,G,GAAAAATTCGATGAATTTTTGAGAAAGTATCTGAACCAAAACAAAAAGTTATAAGCAGAATTTGCATAAAATAGTAAAACACATTATTGTGTATCATTTTACAATAAAATTAGATGTGTTTTACTATTTTATGCAACTTCTGCTTATAACTTTTTGTTTTGGTTCAGATACTTTCTC,999,PASS,"END=2600122;SVTYPE=INS;SVLEN=176;CIGAR=1M176I;CIPOS=0,8;HOMLEN=8;HOMSEQ=AAAAATTC",GT:FT:GQ:PL:PR:SR,"1/1:PASS:92:999,95,0:0,1:0,41"
V,2701090,MantaBND:115:0:1:0:0:0:1,A,A]I:11630104],11,MinQUAL;SampleFT,"SVTYPE=BND;MATEID=MantaBND:115:0:1:0:0:0:0;IMPRECISE;CIPOS=-130,130;BND_DEPTH=25;MATE_BND_DEPTH=52",GT:FT:GQ:PL:PR,"0/1:MinGQ:11:60,0,219:15,6"
V,3538528,MantaDEL:638:0:1:0:0:0,CATGCTTGTTAATATTAGTTGCGATATTACAGTATTTCCCATTTGTATTGCACTCTATTATTCAACTCAGTTGTTTTGTGTTCTAATCAAAAAATGCAACAGAAA,C,721,PASS,"END=3538632;SVTYPE=DEL;SVLEN=-104;CIGAR=1M104D;CIPOS=0,1;HOMLEN=1;HOMSEQ=A",GT:FT:GQ:PL:PR:SR,"1/1:PASS:44:774,47,0:0,0:0,21"
V,4405079,MantaDUP:TANDEM:648:0:1:0:0:0,G,<DUP:TANDEM>,354,PASS,"END=4417827;SVTYPE=DUP;SVLEN=12748;CIPOS=0,1;CIEND=0,1;HOMLEN=1;HOMSEQ=C",GT:FT:GQ:PL:PR:SR,"0/1:PASS:354:404,0,662:22,5:48,11"
V,4914049,MantaBND:474:0:1:0:0:0:1,A,ATG[IV:6320432[,233,PASS,SVTYPE=BND;MATEID=MantaBND:474:0:1:0:0:0:0;SVINSLEN=2;SVINSSEQ=TG;BND_DEPTH=25;MATE_BND_DEPTH=27,GT:FT:GQ:PL:PR:SR,"0/1:PASS:139:283,0,136:4,3:10,5"
V,6081822,MantaDEL:661:0:1:0:0:0,G,<DEL>,692,PASS,END=6094836;SVTYPE=DEL;SVLEN=-13014,GT:FT:GQ:PL:PR:SR,"1/1:PASS:39:745,42,0:0,3:0,19"
V,8158794,MantaINS:679:0:0:0:3:0,A,<INS>,999,PASS,"END=8158794;SVTYPE=INS;CIPOS=0,6;CIEND=0,6;HOMLEN=6;HOMSEQ=ATGATC;LEFT_SVINSSEQ=ATGATCGCTGATGACTGAAAAAAAGAAAAAAAAAGAAAAACTGAAGCCTCGATCAAACTGACCTAAATATTTGTAGGACTTTGATATTTGCTAGCATCATTTATTATTTTCATTCAAATTTATTTAAAACGTTTCAGGAATCTATGGAGACTCTATCAATGAGATGTCATGGGCAGTTGGAGAGGTTTTAGACAGTCTTGTAAATGCTGGAATTGCTGAAAATACATTGGTTATTTT;RIGHT_SVINSSEQ=TTTCATTGCTTGGCAGCCAGGGACAGTGAAACCATCCCGAGTATCGCATGAAGTCATTTCCAGTATGGACTTGTTTCCAACTTTCCGAGGAATGCAAGAACAATGCTTATTTGAGGT",GT:FT:GQ:PL:PR:SR,"1/1:PASS:74:999,77,0:0,2:0,31"
V,9439884,MantaDEL:688:0:1:0:0:0,CAATTTTTCCAAAACTACAGTAATCCTACCGTACTCCTACAGTACTCCTACAGTACTACTACAGTACCCCGACCATATCCCCCTACTAACCCCAAACTAATATCCCTTTAACAGCCGAAAACGCCTTGCCTGTGTAAGCTATGACGTCACTTGTTAACAAACGGACACTATTTTTTTATATATAGGTAATGAT,C,635,PASS,END=9440076;SVTYPE=DEL;SVLEN=-192;CIGAR=1M192D,GT:FT:GQ:PL:PR:SR,"1/1:PASS:41:688,44,0:0,0:0,20"
V,9554018,MantaBND:39:4:5:0:0:0:0,A,A]X:466278],691,PASS,"SVTYPE=BND;MATEID=MantaBND:39:4:5:0:0:0:1;CIPOS=0,36;HOMLEN=36;HOMSEQ=TTCTCGGCATTTCGTGCCTACTTTCTCCCACCTTTT;BND_DEPTH=39;MATE_BND_DEPTH=63",GT:FT:GQ:PL:PR:SR,"0/1:PASS:148:741,0,145:11,4:7,20"
V,10548056,MantaBND:698:0:1:0:0:0:1,A,[X:2029723[A,66,PASS,"SVTYPE=BND;MATEID=MantaBND:698:0:1:0:0:0:0;CIPOS=0,4;HOMLEN=4;HOMSEQ=ATAA;BND_DEPTH=35;MATE_BND_DEPTH=26",GT:FT:GQ:PL:PR:SR,"0/1:PASS:66:116,0,582:15,3:38,3"
V,11690781,MantaINS:702:0:0:0:2:0,A,<INS>,999,PASS,"END=11690781;SVTYPE=INS;CIPOS=0,8;CIEND=0,8;HOMLEN=8;HOMSEQ=AAAATTTT;LEFT_SVINSSEQ=AAAATTTTCAATAAAAAATCAAATAAATAAATAAATAAATATGCTGATAAAAACACACAAACTATTGAATTGATATCACTGATAAAATAATAAAGAATAATCAGTCTTGATTTTTGAATAAAAATTCCAAAGCAAGACTGATTATTCTTTATTATTTTATCAGTGATATCAATTCAATAGTTTGTGT;RIGHT_SVINSSEQ=AGAATAATCAGTCTTGCTTTGGAATTTTTATTCAAAAATCAAGACTGATTATTCTTTATTATTTTATCAGTGATATCAATTCAATAGTTTGTGTGTTTTTATCAGCATATTTATTTATTTATTTATTTGATTTTTTATTGAAAATTTTTTATTG",GT:FT:GQ:PL:PR:SR,"1/1:PASS:89:999,92,0:0,5:0,37"
V,12167424,MantaINS:709:0:0:0:0:0,C,CCCTGGTGGTCCTGGTGGTCCGGCTGGGCATGTGATGCAAGCAGAAGCAGATGAGTGTTGTTCAGCAACTCCAGCTCCTCCAGCTTGTCCATCACCTCCTGGTTCTCCTGCCTCTCCTGGAGCACCATCCTCT,999,PASS,"END=12167424;SVTYPE=INS;SVLEN=132;CIGAR=1M132I;CIPOS=0,20;HOMLEN=20;HOMSEQ=CCTGGTGGTCCTGGTGGTCC",GT:FT:GQ:PL:PR:SR,"1/1:PASS:101:999,104,0:0,0:0,43"
V,12509893,MantaDUP:TANDEM:701:0:1:0:0:0,A,<DUP:TANDEM>,135,MaxDepth,"END=12510679;SVTYPE=DUP;SVLEN=786;IMPRECISE;CIPOS=-163,164;CIEND=-208,208",GT:FT:GQ:PL:PR,"0/1:PASS:135:185,0,276:20,13"
V,13362655,MantaDUP:TANDEM:705:0:1:0:0:0,T,<DUP:TANDEM>,391,PASS,"END=13367099;SVTYPE=DUP;SVLEN=4444;CIPOS=0,2;CIEND=0,2;HOMLEN=2;HOMSEQ=AT",GT:FT:GQ:PL:PR:SR,"0/1:PASS:391:441,0,553:16,6:42,13"
V,13645646,MantaDEL:711:2:2:4:3:0,TTGCTGCTGAAAAATTTCGTCGCGGAAAAATTTTGCTGCGGAAAAATTTTGCCGCGGAAAAATTTTGCTGCTGAAAAATTTCGCCGGGGAAAAATTTTGCTGCTGAAAAATTTCACGCGGAAAAATTTTGCTGTTGAAAAATTTTGCTGCTGAAAAATTTCGCCGCGGGAAAATTTTGCTGTT,TCGTCGCG,100,MaxMQ0Frac,END=13645828;SVTYPE=DEL;SVLEN=-182;CIGAR=1M7I182D,GT:FT:GQ:PL:PR:SR,"0/1:PASS:100:150,0,107:3,0:11,6"
V,13645755,MantaDUP:TANDEM:711:0:2:0:0:0,A,<DUP:TANDEM>,17,MinQUAL,"END=13646450;SVTYPE=DUP;SVLEN=695;IMPRECISE;CIPOS=-125,126;CIEND=-219,220",GT:FT:GQ:PL:PR,"0/1:PASS:17:67,0,247:17,7"
V,13647362,MantaINS:717:1:1:0:0:0,C,CATCCCGATCCCGATCCAGCCCGATCCCGATCCATCCCGATCCCGATCCATCCCGATCCATCCCGATCCCGATCCATCCCGATCCCGATCCCGATCCCG,921,PASS,"END=13647362;SVTYPE=INS;SVLEN=98;CIGAR=1M98I;CIPOS=0,16;HOMLEN=16;HOMSEQ=ATCCCGATCCCGATCC",GT:FT:GQ:PL:PR:SR,"1/1:PASS:59:974,62,0:0,1:0,28"
V,14744909,MantaINS:724:0:0:0:0:0,A,AGCCTCCTCCTGACGATCCTCCTCCACCTCCACCTGACGAGTATCCTCCAGATGATGCCTGTGGACCAGCAGATTCAGGCGCCGGTGGTGGTGGGGGAGCCGATGCAGCTGCATATCC,806,PASS,END=14744909;SVTYPE=INS;SVLEN=117;CIGAR=1M117I,GT:FT:GQ:PL:PR:SR,"1/1:PASS:50:859,53,0:0,0:7,25"
V,14767138,MantaDUP:TANDEM:720:1:2:2:0:0,C,<DUP:TANDEM>,52,MaxDepth,"END=14767718;SVTYPE=DUP;SVLEN=580;IMPRECISE;CIPOS=-100,100;CIEND=-93,93",GT:FT:GQ:PL:PR,"0/1:PASS:52:102,0,214:15,8"
V,15426624,MantaDUP:TANDEM:713:0:1:0:0:0,G,<DUP:TANDEM>,999,PASS,"END=15435577;SVTYPE=DUP;SVLEN=8953;CIPOS=0,5;CIEND=0,5;HOMLEN=5;HOMSEQ=AAAAA",GT:FT:GQ:PL:PR:SR,"0/1:PASS:376:999,0,373:16,17:31,30"
V,17040145,MantaBND:410:0:1:1:2:0:1,A,A]III:11114437],442,PASS,"SVTYPE=BND;MATEID=MantaBND:410:0:1:1:2:0:0;CIPOS=0,59;HOMLEN=59;HOMSEQ=CACGGGTTTCTAATTTCCCCCCTGTTTTCAAATGGAAGAGGTGGCCGTGAAAAAAGCGA;BND_DEPTH=26;MATE_BND_DEPTH=43",GT:FT:GQ:PL:PR:SR,"0/1:PASS:106:492,0,103:7,10:7,7"
V,17490437,MantaBND:359:1:4:0:0:0:0,G,G[IV:16571333[,95,NoPairSupport,"SVTYPE=BND;MATEID=MantaBND:359:1:4:0:0:0:1;CIPOS=0,38;HOMLEN=38;HOMSEQ=CTAGGGCTGTGCAACCGGACGTCCGGTTTTTTCGGACG;BND_DEPTH=17;MATE_BND_DEPTH=37",GT:FT:GQ:PL:PR:SR,"0/1:PASS:47:145,0,44:2,0:3,6"
V,17867345,MantaDEL:749:0:0:0:0:0,TTTTTCCAGCATTTTCGATGCAAAAAATTCGGTTTTCAATGAATTTTTCCGACTTTTTTGATTTTTTTTTTGTTTTGAGAAAAACGGAGGA,T,466,MaxMQ0Frac,"END=17867435;SVTYPE=DEL;SVLEN=-90;CIGAR=1M90D;CIPOS=0,5;HOMLEN=5;HOMSEQ=TTTTC",GT:FT:GQ:PL:PR:SR,"0/1:PASS:103:516,0,100:0,0:11,12"
V,17880285,MantaDUP:TANDEM:747:0:1:0:0:0,C,<DUP:TANDEM>,412,PASS,"END=17881868;SVTYPE=DUP;SVLEN=1583;CIPOS=0,28;CIEND=0,28;HOMLEN=28;HOMSEQ=AAATCAAAAATTTGCCGAAAATGAAAAT",GT:FT:GQ:PL:PR:SR,"0/1:PASS:253:462,0,250:10,6:17,9"
V,18175003,MantaDUP:TANDEM:764:0:1:0:1:0,G,<DUP:TANDEM>,108,MaxDepth,"END=18176067;SVTYPE=DUP;SVLEN=1064;CIPOS=0,24;CIEND=0,24;HOMLEN=24;HOMSEQ=CTTGACGCAATTATCGTGCCTTGG",GT:FT:GQ:PL:PR:SR,"0/1:PASS:108:158,0,700:17,4:46,7"
V,18211087,MantaINS:765:0:0:0:0:0,GG,GATTTGGACACATAGATGTTATCTAACAACGCGGGTCAGCCCTATCAACGATATAATGAGCTGACCCACGTTGTCAGATAACATCTGTGTA,999,PASS,END=18211088;SVTYPE=INS;SVLEN=90;CIGAR=1M90I1D,GT:FT:GQ:PL:PR:SR,"1/1:PASS:81:999,84,0:0,1:0,38"
V,18682059,MantaDEL:774:0:0:0:0:0,TAAAATTTCAAAATTCCAAAAAATTTAAAAAATTAAAAATTCCACAAAATTTCAAAATTCCAAAAAATTTCAAAATTCCACAAAATTTCAAAATTCCAAAAAATTTCTAAATTTCTAAAATTTCAAAATTCCAAAAAATTTAAAAAATTAAAAATTCCACAAAATTTCAAAATTCCAAAAAATTTCAAAATTCCAC,T,259,PASS,"END=18682254;SVTYPE=DEL;SVLEN=-195;CIGAR=1M195D;CIPOS=0,24;HOMLEN=24;HOMSEQ=AAAATTTCAAAATTCCAAAAAATT",GT:FT:GQ:PL:PR:SR,"0/1:PASS:114:309,0,111:4,0:17,10"
V,19543885,MantaBND:364:0:1:0:0:0:1,T,]III:4034963]T,25,PASS,"SVTYPE=BND;MATEID=MantaBND:364:0:1:0:0:0:0;CIPOS=0,19;HOMLEN=19;HOMSEQ=AAGCCCAAGCCTAAGCCTA;BND_DEPTH=34;MATE_BND_DEPTH=25",GT:FT:GQ:PL:PR:SR,"0/1:PASS:25:75,0,400:15,2:28,2"
V,19628301,MantaDUP:TANDEM:752:0:1:0:1:0,C,<DUP:TANDEM>,98,PASS,"END=19638841;SVTYPE=DUP;SVLEN=10540;CIPOS=0,5;CIEND=0,5;HOMLEN=5;HOMSEQ=TGAAA",GT:FT:GQ:PL:PR:SR,"0/1:PASS:98:148,0,473:16,7:33,11"
V,19820306,MantaINS:766:0:0:0:0:0,A,AGGCTTAGGCTTACGCTCAATCTCAGGCTTAGGCTTAGGCTAGGTTTTAGGCTTTGGCTTAGGCATAGCCTTAGGCCTAGGCTCAGGCTTAGGCTTGAACTGAGGCTTAGGATTAAGCTCAGGCTTAGGTTCAGGCTTATGCTTAGGCTTAGGCTCAGGCTTAGGCTCAGGCTTAGTCTTTGGCTTAGTCTAAGGCTTATATTCATGCATAGGCATT,999,PASS,"END=19820306;SVTYPE=INS;SVLEN=216;CIGAR=1M216I;CIPOS=0,12;HOMLEN=12;HOMSEQ=GGCTTAGGCTTA",GT:FT:GQ:PL:PR:SR,"1/1:PASS:68:999,71,0:1,0:0,31"
V,19843172,MantaBND:274:0:1:0:0:0:0,T,]II:12540954]T,11,MinQUAL;SampleFT,SVTYPE=BND;MATEID=MantaBND:274:0:1:0:0:0:1;BND_DEPTH=26;MATE_BND_DEPTH=24,GT:FT:GQ:PL:PR:SR,"0/1:MinGQ:11:60,0,466:13,2:29,2"
V,19877606,MantaDEL:762:2:2:1:0:0,TTTTTTTTCATCACACTTAATTAAAAAATTCATATTCTTCATGAAATTCTACACATTTCCCAATTTGGAA,TGAAT,155,PASS,END=19877675;SVTYPE=DEL;SVLEN=-69;CIGAR=1M4I69D,GT:FT:GQ:PL:PR:SR,"0/1:PASS:155:205,0,286:2,0:24,12"
V,20705237,MantaDEL:359:3:3:0:1:0,TCGGATGCGTGTGCGTCCGGCGTCCGGAAAAAGCGGACGTGTGTGCGTCCGGCGTCCGAAAAAAG,T,62,PASS,"END=20705301;SVTYPE=DEL;SVLEN=-64;CIGAR=1M64D;CIPOS=0,4;HOMLEN=4;HOMSEQ=CGGA",GT:FT:GQ:PL:PR:SR,"0/1:PASS:62:112,0,174:1,0:16,6"
V,20705302,MantaBND:359:3:5:0:1:0:0,C,]III:4670620]CACCCAACGTCCGGTTTTTTC,258,PASS,SVTYPE=BND;MATEID=MantaBND:359:3:5:0:1:0:1;SVINSLEN=20;SVINSSEQ=CACCCAACGTCCGGTTTTTT;BND_DEPTH=59;MATE_BND_DEPTH=25,GT:FT:GQ:PL:PR:SR,"0/1:PASS:178:308,0,175:4,5:12,11"
V,20705342,MantaBND:359:1:3:0:2:0:0,T,]IV:16571421]T,55,PASS,"SVTYPE=BND;MATEID=MantaBND:359:1:3:0:2:0:1;CIPOS=0,11;HOMLEN=11;HOMSEQ=GTGCGTCCGGC;BND_DEPTH=59;MATE_BND_DEPTH=33",GT:FT:GQ:PL:PR:SR,"0/1:PASS:55:105,0,120:5,2:13,4"
X,5259,MantaDUP:TANDEM:780:0:2:1:0:0,C,<DUP:TANDEM>,33,MaxDepth,"END=21570;SVTYPE=DUP;SVLEN=16311;IMPRECISE;CIPOS=-102,103;CIEND=-133,133",GT:FT:GQ:PL:PR,"0/1:PASS:33:83,0,444:30,9"
X,5445,MantaBND:346:1:2:0:1:0:0,T,T[IV:2380075[,505,PASS,"SVTYPE=BND;MATEID=MantaBND:346:1:2:0:1:0:1;CIPOS=0,26;HOMLEN=26;HOMSEQ=TTTAGGGTCTCGCCGCGAAATTCAGC;BND_DEPTH=66;MATE_BND_DEPTH=34",GT:FT:GQ:PL:PR:SR,"0/1:PASS:400:555,0,397:11,4:26,16"
X,216891,MantaBND:440:1:2:0:0:0:0,T,T]X:256071],490,PASS,"SVTYPE=BND;MATEID=MantaBND:440:1:2:0:0:0:1;CIPOS=0,5;HOMLEN=5;HOMSEQ=GATCT;BND_DEPTH=20;MATE_BND_DEPTH=17",GT:FT:GQ:PL:PR:SR,"1/1:PASS:32:543,35,0:0,5:0,11"
X,256066,MantaBND:440:1:2:0:0:0:1,G,G]X:216896],490,PASS,"SVTYPE=BND;MATEID=MantaBND:440:1:2:0:0:0:0;CIPOS=0,5;HOMLEN=5;HOMSEQ=AGATC;BND_DEPTH=17;MATE_BND_DEPTH=20",GT:FT:GQ:PL:PR:SR,"1/1:PASS:32:543,35,0:0,5:0,11"
X,466044,MantaBND:39:0:1:0:0:0:1,G,]I:2652464]G,607,PASS,"SVTYPE=BND;MATEID=MantaBND:39:0:1:0:0:0:0;CIPOS=0,4;HOMLEN=4;HOMSEQ=TGGT;BND_DEPTH=48;MATE_BND_DEPTH=28",GT:FT:GQ:PL:PR:SR,"0/1:PASS:135:657,0,132:2,6:17,15"
X,466242,MantaBND:39:4:5:0:0:0:1,A,A]V:9554054],691,PASS,"SVTYPE=BND;MATEID=MantaBND:39:4:5:0:0:0:0;CIPOS=0,36;HOMLEN=36;HOMSEQ=AAAAGGTGGGAGAAAGTAGGCACGAAATGCCGAGAA;BND_DEPTH=63;MATE_BND_DEPTH=39",GT:FT:GQ:PL:PR:SR,"0/1:PASS:148:741,0,145:11,4:7,20"
X,1519515,MantaINS:791:0:0:1:0:0,A,ATCCGACATTTTTATAGCAATGCGCAGAACCCAAAAAATGTCGGACGCGGAGCCAAGGCTGCACCAAATAGTGCGATAGGGTATGGCATTATTTGGTGCAAACTTGGCTTCGCG,999,PASS,"END=1519515;SVTYPE=INS;SVLEN=113;CIGAR=1M113I;CIPOS=0,12;HOMLEN=12;HOMSEQ=TCCGACATTTTT",GT:FT:GQ:PL:PR:SR,"1/1:PASS:73:999,76,0:0,0:0,30"
X,1884946,MantaDEL:829:0:0:0:1:0,TTGACTATGCTGACAAGTTTTATGAAATAAAAAAGAATGACTCCATATGATTTTCCCATACTTCTGAATTTTTGAAAAAATCAGCTTTTATATATTTTTATCAATTTTTAAAAAAATGACTTCCGTACAAGCTAATGTACTTTGAAAAAGAATGACTCCATATGATTTTCCCATACTTCTGAATTTTTGAAAAAATCAGCTTTTATATATTTTTATCAATTTTTAAAAAAATGACTTCCGTACAAGCTAATGTACTTTGATTGGCATATTCTGGTATATA,T,317,MaxDepth,"END=1885225;SVTYPE=DEL;SVLEN=-279;CIGAR=1M279D;CIPOS=0,13;HOMLEN=13;HOMSEQ=TGACTATGCTGAC",GT:FT:GQ:PL:PR:SR,"0/1:PASS:317:367,0,481:14,3:62,17"
X,2029719,MantaBND:698:0:1:0:0:0:0,T,[V:10548060[T,66,PASS,"SVTYPE=BND;MATEID=MantaBND:698:0:1:0:0:0:1;CIPOS=0,4;HOMLEN=4;HOMSEQ=ATTT;BND_DEPTH=26;MATE_BND_DEPTH=35",GT:FT:GQ:PL:PR:SR,"0/1:PASS:66:116,0,582:15,3:38,3"
X,3301753,MantaINS:804:0:0:0:0:0,T,TGATCTAGGTTTGTTATAAAACGTGAATTTTTTTAATTTGCACGGATGATTACGGAGAATGACTGTTCTAGATAAGAAATCGAGTTTTAAAACGAGCATCTTCATAAAATTGTGAAGACATTTTGATTTCACTTTGAAAGTTGGCAAAAATGAAATTTCATGTTCCTAGAAATTTATTATTAATGATATTTCTATTCTTGTTTTTTGATGTTATCTCACAAATTCAAACTGCAACATTTTCTGTTCTATCCGAGATTATGACAGAAATGAATAATCACACCTTGAGCAATCATTTTGGAATTGTACCCACTGACACAAAGTAAGTTCATGTTTGGGGGTGTTACA,999,PASS,"END=3301753;SVTYPE=INS;SVLEN=344;CIGAR=1M344I;CIPOS=0,4;HOMLEN=4;HOMSEQ=GATC",GT:FT:GQ:PL:PR:SR,"1/1:PASS:80:999,83,0:0,3:0,32"
X,4036359,MantaDUP:TANDEM:816:0:1:0:0:0,G,<DUP:TANDEM>,10,MinQUAL;SampleFT,"END=4051249;SVTYPE=DUP;SVLEN=14890;IMPRECISE;CIPOS=-121,121;CIEND=-74,75",GT:FT:GQ:PL:PR,"0/1:MinGQ:10:60,0,20:2,4"
X,6287338,MantaDUP:TANDEM:824:0:1:0:0:0,G,<DUP:TANDEM>,821,PASS,END=6288434;SVTYPE=DUP;SVLEN=1096;SVINSLEN=6;SVINSSEQ=TAGTGA,GT:FT:GQ:PL:PR:SR,"0/1:PASS:244:871,0,241:8,6:21,23"
X,7991057,MantaBND:313:0:1:0:0:0:0,C,C]II:14737055],236,PASS,"SVTYPE=BND;MATEID=MantaBND:313:0:1:0:0:0:1;CIPOS=0,29;HOMLEN=29;HOMSEQ=ACTCGGCATTCAGAGGCAACTTCCTGCCA;BND_DEPTH=20;MATE_BND_DEPTH=27",GT:FT:GQ:PL:PR:SR,"0/1:PASS:172:286,0,169:10,3:7,6"
X,8602838,MantaDUP:TANDEM:838:0:1:0:0:0,G,<DUP:TANDEM>,235,PASS,"END=8603317;SVTYPE=DUP;SVLEN=479;CIPOS=0,21;CIEND=0,21;HOMLEN=21;HOMSEQ=AAAATGGGGAAATTGGGGAAA",GT:FT:GQ:PL:PR:SR,"0/1:PASS:235:285,0,262:8,2:18,8"
X,9854226,MantaDUP:TANDEM:844:0:1:0:0:0,A,<DUP:TANDEM>,12,MinQUAL;SampleFT,END=12253555;SVTYPE=DUP;SVLEN=2399329,GT:FT:GQ:PL:PR:SR,"0/1:MinGQ:12:62,0,459:10,2:34,2"
X,12190992,MantaBND:856:0:1:0:0:0:1,C,C]X:12199124],999,PASS,"SVTYPE=BND;MATEID=MantaBND:856:0:1:0:0:0:0;CIPOS=0,4;HOMLEN=4;HOMSEQ=GATC;BND_DEPTH=24;MATE_BND_DEPTH=25",GT:FT:GQ:PL:PR:SR,"1/1:PASS:65:999,68,0:0,8:0,19"
X,12199120,MantaBND:856:0:1:0:0:0:0,T,T]X:12190996],999,PASS,"SVTYPE=BND;MATEID=MantaBND:856:0:1:0:0:0:1;CIPOS=0,4;HOMLEN=4;HOMSEQ=GATC;BND_DEPTH=25;MATE_BND_DEPTH=24",GT:FT:GQ:PL:PR:SR,"1/1:PASS:65:999,68,0:0,8:0,19"
X,13307998,MantaDUP:TANDEM:870:0:1:0:0:0,G,<DUP:TANDEM>,43,Ploidy,"END=15751482;SVTYPE=DUP;SVLEN=2443484;IMPRECISE;CIPOS=-128,129;CIEND=-150,151",GT:FT:GQ:PL:PR,"0/1:PASS:43:93,0,306:21,9"
X,14297834,MantaDUP:TANDEM:869:0:1:0:0:0,C,<DUP:TANDEM>,233,Ploidy,END=16305705;SVTYPE=DUP;SVLEN=2007871;SVINSLEN=30;SVINSSEQ=TGATTCTGGAACAGGCTTGTTCAACACTGT,GT:FT:GQ:PL:PR:SR,"0/1:PASS:233:283,0,340:14,4:35,8"
X,14298009,MantaDEL:869:1:2:0:0:0,G,<DEL>,452,Ploidy,"END=16305680;SVTYPE=DEL;SVLEN=-2007671;CIPOS=0,12;CIEND=0,12;HOMLEN=12;HOMSEQ=TGCGATCGTATT",GT:FT:GQ:PL:PR:SR,"0/1:PASS:252:502,0,249:8,4:18,11"
