#CHROM,POS,ID,REF,ALT,QUAL,FILTER,INFO,FORMAT,input_0
I,230839,DEL00000000,A,<DEL>,780,PASS,"PRECISE;SVTYPE=DEL;SVMETHOD=EMBL.DELLYv0.9.1;END=231919;PE=4;MAPQ=60;CT=3to5;CIPOS=-2,2;CIEND=-2,2;SRMAPQ=60;INSLEN=0;HOMLEN=1;SR=9;SRQ=0.984375;CONSENSUS=TAATAGGGACAAAAGAGCAAAACGAAACGTCCATTCCCGCATCGAATTGCCTCATAGGCACCGCACCCAAACTCTCCTGCCGCTGCAGCAGTCAGGGAATGTGAGCATTGAATCCTCCAGAGACTTCCATCGCGAGGGAGATCCTGTTGATCGCTGCGTGCATCACATCTATCTTGTCGTGCAGAACGACGT;CE=1.98909",GT:GL:GQ:FT:RCL:RC:RCR:RDCN:DR:DV:RR:RV,"0/1:-34.3724,0,-51.6715:10000:PASS:57:93:55:2:15:4:17:12"
I,232751,DEL00000001,C,<DEL>,960,PASS,"IMPRECISE;SVTYPE=DEL;SVMETHOD=EMBL.DELLYv0.9.1;END=237780;PE=16;MAPQ=60;CT=3to5;CIPOS=-50,50;CIEND=-50,50",GT:GL:GQ:FT:RCL:RC:RCR:RDCN:DR:DV:RR:RV,"0/1:-93.8723,0,-47.8722:10000:PASS:249:357:245:1:10:17:0:0"
I,238429,DEL00000002,C,<DEL>,660,PASS,"PRECISE;SVTYPE=DEL;SVMETHOD=EMBL.DELLYv0.9.1;END=238468;PE=0;MAPQ=0;CT=3to5;CIPOS=-5,5;CIEND=-5,5;SRMAPQ=60;INSLEN=0;HOMLEN=4;SR=11;SRQ=0.977064;CONSENSUS=ACCGGTCTAGAGTCCCAGGTTCACCTTTCGAGCTGTTTCCTGAGAAATTGTACAGGATTTTGTCTGAGTCGTGAACTGAACACACTTTTCAGGTAAACGTCGTCTGGAAAACAGGGTTTTCTCAAGGAAATAGTCGGAAAGTCGGTCGATGCACCATGTTGTGGCACCACGGAGTGGCGGAAGACCGAACCCTTTAAGCCTCAAGAGGAACCGAGCAA;CE=1.99579",GT:GL:GQ:FT:RCL:RC:RCR:RDCN:DR:DV:RR:RV,"0/1:-78.7548,0,-58.456:10000:PASS:960:1095:640:1:0:0:20:26"
I,669747,DUP00000005,A,<DUP>,529,PASS,"IMPRECISE;SVTYPE=DUP;SVMETHOD=EMBL.DELLYv0.9.1;END=671062;PE=12;MAPQ=43;CT=5to3;CIPOS=-78,78;CIEND=-78,78",GT:GL:GQ:FT:RCL:RC:RCR:RDCN:DR:DV:RR:RV,"0/1:-20.1,0,-319.686:10000:PASS:47:502:443:2:99:12:0:0"
I,670927,DEL00000008,G,<DEL>,108,PASS,"PRECISE;SVTYPE=DEL;SVMETHOD=EMBL.DELLYv0.9.1;END=670960;PE=0;MAPQ=0;CT=3to5;CIPOS=-31,31;CIEND=-31,31;SRMAPQ=25;INSLEN=0;HOMLEN=31;SR=4;SRQ=0.979167;CONSENSUS=GAGAAAAAATTTTGGCGGGAATTCAAATATTCTGAAAAAAAATTTAGGCGAGAATTCAAATTTTCAGAGAAAAATTTTGGCGGGAATTCAAATTTTCTGAGTAAAACTTTGGCGGGAAATCAAATTTTCTGAGAAAAATTTAGG;CE=1.83378",GT:GL:GQ:FT:RCL:RC:RCR:RDCN:DR:DV:RR:RV,"0/1:-81.396,0,-476.219:10000:PASS:4564:10465:5636:2:0:0:167:53"
I,1001403,DUP00000011,A,<DUP>,297,PASS,"IMPRECISE;SVTYPE=DUP;SVMETHOD=EMBL.DELLYv0.9.1;END=1002192;PE=5;MAPQ=60;CT=5to3;CIPOS=-50,50;CIEND=-50,50",GT:GL:GQ:FT:RCL:RC:RCR:RDCN:DR:DV:RR:RV,"0/1:-28.7763,0,-95.0763:10000:PASS:28:96:38:3:17:6:0:0"
I,1123565,DUP00000012,A,<DUP>,281,PASS,"IMPRECISE;SVTYPE=DUP;SVMETHOD=EMBL.DELLYv0.9.1;END=1124017;PE=7;MAPQ=40;CT=5to3;CIPOS=-101,101;CIEND=-101,101",GT:GL:GQ:FT:RCL:RC:RCR:RDCN:DR:DV:RR:RV,"0/1:-20.2826,0,-80.6747:10000:PASS:4865:21539:4860:4:19:6:0:0"
I,1936240,DUP00000017,T,<DUP>,88,PASS,"IMPRECISE;SVTYPE=DUP;SVMETHOD=EMBL.DELLYv0.9.1;END=1938225;PE=4;MAPQ=22;CT=5to3;CIPOS=-118,118;CIEND=-118,118",GT:GL:GQ:FT:RCL:RC:RCR:RDCN:DR:DV:RR:RV,"0/1:-3.8104,0,-62.2873:38:PASS:55:224:69:4:13:2:0:0"
I,2383604,DUP00000021,C,<DUP>,1320,PASS,"PRECISE;SVTYPE=DUP;SVMETHOD=EMBL.DELLYv0.9.1;END=2389095;PE=13;MAPQ=60;CT=5to3;CIPOS=-6,6;CIEND=-6,6;SRMAPQ=60;INSLEN=0;HOMLEN=5;SR=9;SRQ=1;CONSENSUS=AAATCAAAATTTCCGGCACATCGGCAATTTACCAAAAATAAATAATTCAGGCAAATCGGCAAAATGCCGGAATTTGACATTTCTGGCAAGATGGGTCTCGTAGCGAAATAAAAGAGCTACAGTAACCATAATTTTTGAATTTTTTGAGAAGCGATTGATTTTT;CE=1.91991",GT:GL:GQ:FT:RCL:RC:RCR:RDCN:DR:DV:RR:RV,"0/1:-41.4822,0,-12.1829:122:PASS:180:440:198:2:6:14:5:13"
I,2384048,DEL00000022,T,<DEL>,540,PASS,"PRECISE;SVTYPE=DEL;SVMETHOD=EMBL.DELLYv0.9.1;END=2389112;PE=4;MAPQ=60;CT=3to5;CIPOS=-24,24;CIEND=-24,24;SRMAPQ=60;INSLEN=0;HOMLEN=23;SR=5;SRQ=1;CONSENSUS=AACGACAACTTGCCAAAAATGAAAATTTCCGGCAAAGGGGCAAATTATCGGAATTGAAAATTTCCGACAAATTGGCAAATCGGCAATTCGCCGAAAATAAAAGTTTCCAGCAAATTGGAAATTTGCCGAAAATCAACATTTCCGGAAAGTC;CE=1.91571",GT:GL:GQ:FT:RCL:RC:RCR:RDCN:DR:DV:RR:RV,"0/1:-45.4783,0,-18.0797:10000:PASS:204:380:189:2:8:6:7:15"
I,2652488,INV00000023,A,<INV>,192,PASS,"PRECISE;SVTYPE=INV;SVMETHOD=EMBL.DELLYv0.9.1;END=14610267;PE=0;MAPQ=0;CT=5to5;CIPOS=-33,33;CIEND=-33,33;SRMAPQ=60;INSLEN=0;HOMLEN=38;SR=4;SRQ=1;CONSENSUS=CTAGGCCAGGGCTAGGCCAGGGCTACGGCCAGGGCTACTAGGCCAGGGCTACAGTTGAACTCGGTATTTCGTGCCTACTTTCTCCCACCTTTTTGCCGGAAGGCGAAAAATGGCCATAACTAGGCGGCAAAAAGGTGGTAGA;CE=1.98565",GT:GL:GQ:FT:RCL:RC:RCR:RDCN:DR:DV:RR:RV,"0/1:-22.6881,0,-10.6167:106:PASS:192086:917750:72796:7:0:0:4:8"
I,3171776,DUP00000024,T,<DUP>,86,PASS,"IMPRECISE;SVTYPE=DUP;SVMETHOD=EMBL.DELLYv0.9.1;END=3172250;PE=4;MAPQ=20;CT=5to3;CIPOS=-72,72;CIEND=-72,72",GT:GL:GQ:FT:RCL:RC:RCR:RDCN:DR:DV:RR:RV,"0/1:-2.20649,0,-31.366:22:PASS:16880:25120:12161:2:21:4:0:0"
I,4540497,DEL00000029,T,<DEL>,323,PASS,"IMPRECISE;SVTYPE=DEL;SVMETHOD=EMBL.DELLYv0.9.1;END=4541203;PE=10;MAPQ=34;CT=3to5;CIPOS=-97,97;CIEND=-97,97",GT:GL:GQ:FT:RCL:RC:RCR:RDCN:DR:DV:RR:RV,"0/1:-25.8435,0,-48.5882:10000:PASS:28:181:70:4:30:12:0:0"
I,4540512,DUP00000030,G,<DUP>,157,PASS,"IMPRECISE;SVTYPE=DUP;SVMETHOD=EMBL.DELLYv0.9.1;END=4541055;PE=5;MAPQ=36;CT=5to3;CIPOS=-50,50;CIEND=-50,50",GT:GL:GQ:FT:RCL:RC:RCR:RDCN:DR:DV:RR:RV,"0/1:-8.86177,0,-39.5656:89:PASS:23:156:43:5:26:7:0:0"
I,4542917,DUP00000034,T,<DUP>,108,PASS,"IMPRECISE;SVTYPE=DUP;SVMETHOD=EMBL.DELLYv0.9.1;END=4543365;PE=5;MAPQ=25;CT=5to3;CIPOS=-106,106;CIEND=-106,106",GT:GL:GQ:FT:RCL:RC:RCR:RDCN:DR:DV:RR:RV,"0/1:-5.83332,0,-112.436:58:PASS:20152:45299:18656:2:32:7:0:0"
I,4548874,DUP00000039,C,<DUP>,240,PASS,"PRECISE;SVTYPE=DUP;SVMETHOD=EMBL.DELLYv0.9.1;END=13276887;PE=0;MAPQ=0;CT=5to3;CIPOS=-5,5;CIEND=-5,5;SRMAPQ=60;INSLEN=0;HOMLEN=5;SR=4;SRQ=0.986486;CONSENSUS=AATATATTCCAGAATATATTCCAGAATATATTCCAGAATATATTCCAAAATATATTCCAAAATATATTCCAGAATATATTCCAGAATATATTCCAAAATATATTCCAGAATATATTCCTTATTGATCTTACGAAAACCTGAAACATGA;CE=1.74704",GT:GL:GQ:FT:RCL:RC:RCR:RDCN:DR:DV:RR:RV,"1/1:-69.5666,-0.59197,0:7:LowQual:322114:677595:169000:3:0:0:2:23"
I,4573294,DUP00000040,A,<DUP>,84,PASS,"IMPRECISE;SVTYPE=DUP;SVMETHOD=EMBL.DELLYv0.9.1;END=4573835;PE=3;MAPQ=29;CT=5to3;CIPOS=-50,50;CIEND=-50,50",GT:GL:GQ:FT:RCL:RC:RCR:RDCN:DR:DV:RR:RV,"0/1:-3.46678,0,-57.2797:35:PASS:11:103:27:5:14:3:0:0"
I,9822558,DUP00000054,A,<DUP>,100,PASS,"IMPRECISE;SVTYPE=DUP;SVMETHOD=EMBL.DELLYv0.9.1;END=9822857;PE=3;MAPQ=33;CT=5to3;CIPOS=-246,246;CIEND=-246,246",GT:GL:GQ:FT:RCL:RC:RCR:RDCN:DR:DV:RR:RV,"0/1:-5.25217,0,-42.3836:53:PASS:5673:19629:2410:5:14:3:0:0"
I,10208106,DUP00000057,T,<DUP>,288,PASS,"IMPRECISE;SVTYPE=DUP;SVMETHOD=EMBL.DELLYv0.9.1;END=10208605;PE=14;MAPQ=23;CT=5to3;CIPOS=-50,50;CIEND=-50,50",GT:GL:GQ:FT:RCL:RC:RCR:RDCN:DR:DV:RR:RV,"0/1:-17.1429,0,-43.6777:10000:PASS:2036:55192:7029:12:26:14:0:0"
I,10266743,DUP00000066,T,<DUP>,323,PASS,"IMPRECISE;SVTYPE=DUP;SVMETHOD=EMBL.DELLYv0.9.1;END=10267086;PE=8;MAPQ=40;CT=5to3;CIPOS=-203,203;CIEND=-203,203",GT:GL:GQ:FT:RCL:RC:RCR:RDCN:DR:DV:RR:RV,"0/1:-22.2049,0,-75.6662:10000:PASS:3494:41075:2674:13:26:7:0:0"
I,10268846,DUP00000067,A,<DUP>,84,PASS,"IMPRECISE;SVTYPE=DUP;SVMETHOD=EMBL.DELLYv0.9.1;END=10269389;PE=5;MAPQ=21;CT=5to3;CIPOS=-50,50;CIEND=-50,50",GT:GL:GQ:FT:RCL:RC:RCR:RDCN:DR:DV:RR:RV,"0/1:-0.931162,0,-40.8436:10:LowQual:54:138:33:3:25:6:0:0"
I,10417193,DUP00000073,T,<DUP>,197,PASS,"IMPRECISE;SVTYPE=DUP;SVMETHOD=EMBL.DELLYv0.9.1;END=10417555;PE=5;MAPQ=40;CT=5to3;CIPOS=-186,186;CIEND=-186,186",GT:GL:GQ:FT:RCL:RC:RCR:RDCN:DR:DV:RR:RV,"0/1:-16.3908,0,-95.9001:10000:PASS:5058:22152:3906:5:21:8:0:0"
I,10945960,DUP00000075,A,<DUP>,313,PASS,"IMPRECISE;SVTYPE=DUP;SVMETHOD=EMBL.DELLYv0.9.1;END=10946392;PE=9;MAPQ=40;CT=5to3;CIPOS=-123,123;CIEND=-123,123",GT:GL:GQ:FT:RCL:RC:RCR:RDCN:DR:DV:RR:RV,"0/1:-19.9038,0,-78.9451:10000:PASS:5372:156471:26478:10:32:9:0:0"
I,10946263,DEL00000080,A,<DEL>,231,PASS,"IMPRECISE;SVTYPE=DEL;SVMETHOD=EMBL.DELLYv0.9.1;END=10947485;PE=14;MAPQ=24;CT=3to5;CIPOS=-50,50;CIEND=-50,50",GT:GL:GQ:FT:RCL:RC:RCR:RDCN:DR:DV:RR:RV,"0/1:-23.0552,0,-121.614:10000:PASS:466:596:1377:1:54:25:0:0"
I,10946628,DUP00000082,G,<DUP>,371,PASS,"IMPRECISE;SVTYPE=DUP;SVMETHOD=EMBL.DELLYv0.9.1;END=10949622;PE=13;MAPQ=34;CT=5to3;CIPOS=-205,205;CIEND=-205,205",GT:GL:GQ:FT:RCL:RC:RCR:RDCN:DR:DV:RR:RV,"0/1:-21.0006,0,-125.815:10000:PASS:665:2963:418:5:58:19:0:0"
I,10946947,DUP00000086,T,<DUP>,44,PASS,"IMPRECISE;SVTYPE=DUP;SVMETHOD=EMBL.DELLYv0.9.1;END=10948747;PE=3;MAPQ=20;CT=5to3;CIPOS=-266,266;CIEND=-266,266",GT:GL:GQ:FT:RCL:RC:RCR:RDCN:DR:DV:RR:RV,"0/0:0,-0.225125,-45.5717:4:LowQual:865:1681:1012:2:28:5:0:0"
I,10949279,DUP00000097,T,<DUP>,387,PASS,"IMPRECISE;SVTYPE=DUP;SVMETHOD=EMBL.DELLYv0.9.1;END=10949825;PE=18;MAPQ=21;CT=5to3;CIPOS=-50,50;CIEND=-50,50",GT:GL:GQ:FT:RCL:RC:RCR:RDCN:DR:DV:RR:RV,"0/1:-29.6464,0,-123.975:10000:PASS:114:824:92:8:68:28:0:0"
I,10949656,DEL00000099,A,<DEL>,68,PASS,"IMPRECISE;SVTYPE=DEL;SVMETHOD=EMBL.DELLYv0.9.1;END=10952417;PE=4;MAPQ=20;CT=3to5;CIPOS=-226,226;CIEND=-226,226",GT:GL:GQ:FT:RCL:RC:RCR:RDCN:DR:DV:RR:RV,"0/0:0,-3.34961,-83.0167:33:PASS:1160:690:652:1:34:4:0:0"
I,10951325,DUP00000104,C,<DUP>,77,PASS,"IMPRECISE;SVTYPE=DUP;SVMETHOD=EMBL.DELLYv0.9.1;END=10951613;PE=4;MAPQ=22;CT=5to3;CIPOS=-260,260;CIEND=-260,260",GT:GL:GQ:FT:RCL:RC:RCR:RDCN:DR:DV:RR:RV,"0/1:-3.7853,0,-34.3187:38:PASS:9692:23786:5855:3:9:3:0:0"
I,10951416,DEL00000105,T,<DEL>,95,PASS,"PRECISE;SVTYPE=DEL;SVMETHOD=EMBL.DELLYv0.9.1;END=10951449;PE=0;MAPQ=0;CT=3to5;CIPOS=-10,10;CIEND=-10,10;SRMAPQ=30;INSLEN=0;HOMLEN=9;SR=4;SRQ=0.98;CONSENSUS=ATAGCACCAATTTAGCACCGACAGAGCACCAAATAGCACCAATTTAGCACCGACAGAGCACCAAATAGCACCAAATAGCACCAATTTAGCACCAATGGAGCACCAAATAGCACCGATGGAGCACCAAATAGCACCGATGGAGCACCAAAT;CE=1.86274",GT:GL:GQ:FT:RCL:RC:RCR:RDCN:DR:DV:RR:RV,"0/1:-42.6392,0,-23.7945:10000:PASS:1912:2078:1102:1:0:0:17:33"
I,11148805,DEL00000108,T,<DEL>,840,PASS,"PRECISE;SVTYPE=DEL;SVMETHOD=EMBL.DELLYv0.9.1;END=11149851;PE=6;MAPQ=60;CT=3to5;CIPOS=-1,1;CIEND=-1,1;SRMAPQ=60;INSLEN=0;HOMLEN=0;SR=8;SRQ=1;CONSENSUS=ATGTTAGAATTAACCTCCCAAGCTTTGATCTAGAAAAATTTGAGTTTCAGGTGGATTTTCCAACAAATAGCATAACTTTTATCCTTTTTTTTTATTTTTTTTCTATTTCCAGTAAGCCCATTTTATCAGTCTTACTTTTAAAGTTTTGTTTTAGATCTGGCCCTCAGTGTGATTGGCCGTTCAAGCGGAGGAATATGGCT;CE=1.89006",GT:GL:GQ:FT:RCL:RC:RCR:RDCN:DR:DV:RR:RV,"1/1:-52.9978,-4.51325,0:45:PASS:42:0:35:0:0:6:0:15"
I,11385280,DUP00000109,A,<DUP>,160,PASS,"IMPRECISE;SVTYPE=DUP;SVMETHOD=EMBL.DELLYv0.9.1;END=11385750;PE=6;MAPQ=29;CT=5to3;CIPOS=-86,86;CIEND=-86,86",GT:GL:GQ:FT:RCL:RC:RCR:RDCN:DR:DV:RR:RV,"0/1:-8.59162,0,-76.2689:86:PASS:6592:29940:4909:5:19:6:0:0"
I,11713523,DUP00000111,T,<DUP>,188,PASS,"IMPRECISE;SVTYPE=DUP;SVMETHOD=EMBL.DELLYv0.9.1;END=11713927;PE=4;MAPQ=60;CT=5to3;CIPOS=-146,146;CIEND=-146,146",GT:GL:GQ:FT:RCL:RC:RCR:RDCN:DR:DV:RR:RV,"0/1:-13.9836,0,-65.1842:140:PASS:4697:33717:4430:7:12:4:0:0"
I,11745886,DEL00000112,G,<DEL>,180,PASS,"PRECISE;SVTYPE=DEL;SVMETHOD=EMBL.DELLYv0.9.1;END=11745919;PE=0;MAPQ=0;CT=3to5;CIPOS=-57,57;CIEND=-57,57;SRMAPQ=60;INSLEN=0;HOMLEN=56;SR=3;SRQ=1;CONSENSUS=AGCCCTACCCCAGACCCTAGCCTACCCTAGGCAGCCCTACACCAGACCCTAGGCAGCCCTACCCCAGACCGTAGCCTACCCTAGGCAGCCCTACACCAGACCCTAGGCAGCCCTACCCCAGACCCTAGCCTACCCTAGGCGG;CE=1.80394",GT:GL:GQ:FT:RCL:RC:RCR:RDCN:DR:DV:RR:RV,"0/1:-28.59,0,-0.190982:4:LowQual:186:206:207:1:0:0:1:9"
I,12093609,DUP00000114,T,<DUP>,911,PASS,"IMPRECISE;SVTYPE=DUP;SVMETHOD=EMBL.DELLYv0.9.1;END=12094135;PE=22;MAPQ=55;CT=5to3;CIPOS=-50,50;CIEND=-50,50",GT:GL:GQ:FT:RCL:RC:RCR:RDCN:DR:DV:RR:RV,"0/1:-130.809,0,-80.4276:10000:PASS:22:253:36:9:19:30:0:0"
I,12093852,DEL00000115,T,<DEL>,155,PASS,"PRECISE;SVTYPE=DEL;SVMETHOD=EMBL.DELLYv0.9.1;END=12093884;PE=0;MAPQ=0;CT=3to5;CIPOS=-4,4;CIEND=-4,4;SRMAPQ=60;INSLEN=0;HOMLEN=3;SR=3;SRQ=0.983607;CONSENSUS=TTTTGCACATTTTTTACACATTTTTTGCACATTTTTCGCACATTTTTTTGCACATTTTTCGCACATTTTTTTGCACATTTTTTACACAATTTTTACACTTTTTTTGCACATTTTTTACAAA;CE=1.66204",GT:GL:GQ:FT:RCL:RC:RCR:RDCN:DR:DV:RR:RV,"0/1:-654.95,0,-46.922:10000:PASS:3291:5636:2807:2:0:0:35:215"
I,13613320,DUP00000120,T,<DUP>,84,PASS,"IMPRECISE;SVTYPE=DUP;SVMETHOD=EMBL.DELLYv0.9.1;END=13613839;PE=4;MAPQ=21;CT=5to3;CIPOS=-54,54;CIEND=-54,54",GT:GL:GQ:FT:RCL:RC:RCR:RDCN:DR:DV:RR:RV,"0/1:-3.96311,0,-29.6958:40:PASS:29:27:10:1:11:4:0:0"
I,13874041,DEL00000122,A,<DEL>,117,PASS,"IMPRECISE;SVTYPE=DEL;SVMETHOD=EMBL.DELLYv0.9.1;END=13878244;PE=3;MAPQ=39;CT=3to5;CIPOS=-130,130;CIEND=-130,130",GT:GL:GQ:FT:RCL:RC:RCR:RDCN:DR:DV:RR:RV,"0/1:-5.68046,0,-80.8796:57:PASS:157:314:157:2:17:3:0:0"
I,14002232,DUP00000123,A,<DUP>,96,PASS,"IMPRECISE;SVTYPE=DUP;SVMETHOD=EMBL.DELLYv0.9.1;END=14006425;PE=4;MAPQ=24;CT=5to3;CIPOS=-58,58;CIEND=-58,58",GT:GL:GQ:FT:RCL:RC:RCR:RDCN:DR:DV:RR:RV,"0/1:-7.04247,0,-72.5281:70:PASS:175:421:175:2:15:4:0:0"
I,14005351,DUP00000125,G,<DUP>,246,PASS,"PRECISE;SVTYPE=DUP;SVMETHOD=EMBL.DELLYv0.9.1;END=14005526;PE=0;MAPQ=0;CT=5to3;CIPOS=-12,12;CIEND=-12,12;SRMAPQ=32;INSLEN=0;HOMLEN=13;SR=7;SRQ=0.967532;CONSENSUS=TAGATCCTTAGATCCTTAGATCCATAGATCCATAGATCCTTCGACCCATAGATCCTTAGATCCTTAGATCCTTAGTTCCTTAGATCCTTAGATCCTTAGATCCTTAGATCCTTAGATCCATAGATCCATAGATACCTAGATCCATAGATCCTT;CE=1.92268",GT:GL:GQ:FT:RCL:RC:RCR:RDCN:DR:DV:RR:RV,"0/1:-107.347,0,-41.5774:10000:PASS:2423:15072:1702:7:0:0:16:37"
I,14005360,DEL00000126,T,<DEL>,240,PASS,"PRECISE;SVTYPE=DEL;SVMETHOD=EMBL.DELLYv0.9.1;END=14005393;PE=0;MAPQ=0;CT=3to5;CIPOS=-43,43;CIEND=-43,43;SRMAPQ=60;INSLEN=0;HOMLEN=51;SR=4;SRQ=1;CONSENSUS=GACCTAAGATTAAATGCTAGGGTTTGATCCTTAGATCCTTAGATTATTTGATCCTTAGTTCCTTAGATCCTTAGATCCTTAGATCCTTAGATCCATAGATCCATAGATACCTAGATCCATAGATCCTTAGATCCTTAGATCCTTAGATC;CE=1.92947",GT:GL:GQ:FT:RCL:RC:RCR:RDCN:DR:DV:RR:RV,"0/1:-41.9616,0,-75.618:10000:PASS:613:2353:1610:2:0:0:25:16"
I,14425442,DEL00000128,A,<DEL>,900,PASS,"PRECISE;SVTYPE=DEL;SVMETHOD=EMBL.DELLYv0.9.1;END=14425699;PE=0;MAPQ=0;CT=3to5;CIPOS=-2,2;CIEND=-2,2;SRMAPQ=60;INSLEN=0;HOMLEN=1;SR=15;SRQ=0.961957;CONSENSUS=ATCGGTGGCTAGAATTAGACTACAAACTACATTCTCGACTTGATAGGTTTTGAAGTTTGGAGCAGTTTGGAGCTATATTTGGAGCTATACAAGATTTCCGGCTTCAACCAAATTAGTGTAAATTGGTTGAGGCTAAAAATATTACTGTAGTTTGTAGTTAAAATCATCTTTTTTTTAAATTT;CE=1.89196",GT:GL:GQ:FT:RCL:RC:RCR:RDCN:DR:DV:RR:RV,"1/1:-75.0975,-6.3191,0:63:PASS:1789:13:2843:0:0:0:0:21"
I,14686473,DUP00000130,C,<DUP>,215,PASS,"IMPRECISE;SVTYPE=DUP;SVMETHOD=EMBL.DELLYv0.9.1;END=14686814;PE=5;MAPQ=60;CT=5to3;CIPOS=-205,205;CIEND=-205,205",GT:GL:GQ:FT:RCL:RC:RCR:RDCN:DR:DV:RR:RV,"0/1:-17.2867,0,-46.8869:10000:PASS:3641:21080:183:11:9:4:0:0"
I,14890035,DEL00000131,T,<DEL>,65,PASS,"IMPRECISE;SVTYPE=DEL;SVMETHOD=EMBL.DELLYv0.9.1;END=14891415;PE=3;MAPQ=22;CT=3to5;CIPOS=-166,166;CIEND=-166,166",GT:GL:GQ:FT:RCL:RC:RCR:RDCN:DR:DV:RR:RV,"0/1:-2.60058,0,-30.0956:26:PASS:25:36:59:1:10:3:0:0"
II,1451258,INV00000142,G,<INV>,208,PASS,"IMPRECISE;SVTYPE=INV;SVMETHOD=EMBL.DELLYv0.9.1;END=1458088;PE=4;MAPQ=60;CT=3to3;CIPOS=-393,393;CIEND=-393,393",GT:GL:GQ:FT:RCL:RC:RCR:RDCN:DR:DV:RR:RV,"0/1:-15.646,0,-78.1734:157:PASS:56:730:45:14:22:5:0:0"
II,1451262,INV00000143,T,<INV>,99,PASS,"IMPRECISE;SVTYPE=INV;SVMETHOD=EMBL.DELLYv0.9.1;END=1457829;PE=3;MAPQ=32;CT=5to5;CIPOS=-222,222;CIEND=-222,222",GT:GL:GQ:FT:RCL:RC:RCR:RDCN:DR:DV:RR:RV,"0/1:-5.08436,0,-54.0873:51:PASS:56:650:125:7:13:3:0:0"
II,1453800,DUP00000146,G,<DUP>,212,PASS,"IMPRECISE;SVTYPE=DUP;SVMETHOD=EMBL.DELLYv0.9.1;END=1454266;PE=6;MAPQ=40;CT=5to3;CIPOS=-75,75;CIEND=-75,75",GT:GL:GQ:FT:RCL:RC:RCR:RDCN:DR:DV:RR:RV,"0/1:-14.8939,0,-49.6843:149:PASS:1789:24770:7270:5:15:6:0:0"
II,1456735,DEL00000148,G,<DEL>,99,PASS,"IMPRECISE;SVTYPE=DEL;SVMETHOD=EMBL.DELLYv0.9.1;END=1457818;PE=3;MAPQ=30;CT=3to5;CIPOS=-288,288;CIEND=-288,288",GT:GL:GQ:FT:RCL:RC:RCR:RDCN:DR:DV:RR:RV,"0/1:-5.10748,0,-48.9844:51:PASS:63:85:109:1:13:3:0:0"
II,2119135,DUP00000152,A,<DUP>,91,PASS,"IMPRECISE;SVTYPE=DUP;SVMETHOD=EMBL.DELLYv0.9.1;END=2119608;PE=3;MAPQ=38;CT=5to3;CIPOS=-174,174;CIEND=-174,174",GT:GL:GQ:FT:RCL:RC:RCR:RDCN:DR:DV:RR:RV,"0/1:-5.38869,0,-49.1887:54:PASS:280:15141:4735:6:9:2:0:0"
II,2467431,DUP00000154,G,<DUP>,334,PASS,"PRECISE;SVTYPE=DUP;SVMETHOD=EMBL.DELLYv0.9.1;END=2472239;PE=0;MAPQ=0;CT=5to3;CIPOS=-19,19;CIEND=-19,19;SRMAPQ=60;INSLEN=0;HOMLEN=32;SR=7;SRQ=0.981707;CONSENSUS=CGATTTTTTGCGATTCTCTCCTCCAAACCAGCCTGATCAGCGTTAAATTCGAAAATTTAACAGCACGCGTCGCGGTTTCGGCTAGAAATTTCAAAATGAAGCTAAAAGCTTCTAGTTTTCGAGTATCGAAGCCAAATTTCATGAGGAATTCAATTCTGAAACCC;CE=1.9679",GT:GL:GQ:FT:RCL:RC:RCR:RDCN:DR:DV:RR:RV,"0/1:-10.7847,0,-34.7929:108:PASS:150:348:143:2:0:0:11:5"
II,2570267,DEL00000157,T,<DEL>,174,PASS,"IMPRECISE;SVTYPE=DEL;SVMETHOD=EMBL.DELLYv0.9.1;END=2571010;PE=3;MAPQ=59;CT=3to5;CIPOS=-148,148;CIEND=-148,148",GT:GL:GQ:FT:RCL:RC:RCR:RDCN:DR:DV:RR:RV,"0/1:-12.3802,0,-50.0825:124:PASS:29:489:32:16:14:3:0:0"
II,2570607,DUP00000158,T,<DUP>,180,PASS,"PRECISE;SVTYPE=DUP;SVMETHOD=EMBL.DELLYv0.9.1;END=2570850;PE=0;MAPQ=0;CT=5to3;CIPOS=-18,18;CIEND=-18,18;SRMAPQ=60;INSLEN=0;HOMLEN=18;SR=3;SRQ=0.972603;CONSENSUS=AAATCTTTTGAAAAACCGGCAAAAAAATCTTTTGAAAAACCGGCAAAAAAATCTTTTGAAAAACCGGCAAAAATCTGAAAAACCGGAAAAACATCTAAAAAAACCGGCAAAGAAATCTTTAAAAAAACCGGCAAAACATCTAAAA;CE=1.72931",GT:GL:GQ:FT:RCL:RC:RCR:RDCN:DR:DV:RR:RV,"0/1:-17.2774,0,-593.701:10000:PASS:27107:60124:20926:3:0:0:190:26"
II,2881220,DUP00000161,T,<DUP>,97,PASS,"IMPRECISE;SVTYPE=DUP;SVMETHOD=EMBL.DELLYv0.9.1;END=2881469;PE=3;MAPQ=35;CT=5to3;CIPOS=-351,351;CIEND=-351,351",GT:GL:GQ:FT:RCL:RC:RCR:RDCN:DR:DV:RR:RV,"0/1:-6.99073,0,-33.2919:70:PASS:2028:6804:1964:3:6:3:0:0"
II,2897724,DUP00000162,C,<DUP>,318,PASS,"IMPRECISE;SVTYPE=DUP;SVMETHOD=EMBL.DELLYv0.9.1;END=2898779;PE=8;MAPQ=40;CT=5to3;CIPOS=-125,125;CIEND=-125,125",GT:GL:GQ:FT:RCL:RC:RCR:RDCN:DR:DV:RR:RV,"0/1:-23.9119,0,-63.0732:10000:PASS:18:195:56:5:19:8:0:0"
II,2897941,DEL00000163,T,<DEL>,324,PASS,"IMPRECISE;SVTYPE=DEL;SVMETHOD=EMBL.DELLYv0.9.1;END=2898470;PE=8;MAPQ=38;CT=3to5;CIPOS=-185,185;CIEND=-185,185",GT:GL:GQ:FT:RCL:RC:RCR:RDCN:DR:DV:RR:RV,"0/1:-29.7119,0,-73.5733:10000:PASS:69:38:82:1:20:9:0:0"
II,2898463,DUP00000164,C,<DUP>,267,PASS,"IMPRECISE;SVTYPE=DUP;SVMETHOD=EMBL.DELLYv0.9.1;END=2898977;PE=9;MAPQ=31;CT=5to3;CIPOS=-50,50;CIEND=-50,50",GT:GL:GQ:FT:RCL:RC:RCR:RDCN:DR:DV:RR:RV,"0/1:-17.2075,0,-100.92:10000:PASS:11:119:21:7:23:8:0:0"
II,3539571,DUP00000171,C,<DUP>,180,PASS,"IMPRECISE;SVTYPE=DUP;SVMETHOD=EMBL.DELLYv0.9.1;END=3539940;PE=3;MAPQ=60;CT=5to3;CIPOS=-360,360;CIEND=-360,360",GT:GL:GQ:FT:RCL:RC:RCR:RDCN:DR:DV:RR:RV,"0/1:-14.0866,0,-56.0866:141:PASS:4269:6938:3586:2:10:3:0:0"
II,3796586,DEL00000172,A,<DEL>,204,PASS,"PRECISE;SVTYPE=DEL;SVMETHOD=EMBL.DELLYv0.9.1;END=3796803;PE=0;MAPQ=0;CT=3to5;CIPOS=-32,32;CIEND=-32,32;SRMAPQ=36;INSLEN=0;HOMLEN=33;SR=5;SRQ=0.986577;CONSENSUS=GTCTACCAGCACATCCACGGATTCTACCACGACCGAGTCGACAAGCACTTCCACTGATTCTACTACAACCGAGTCGACAAGCACTTCCACTGATTCTACTACAACCGAGTCTACCACAGAATCAACTACGGAGTCTACCAGCACTTCCA;CE=1.92474",GT:GL:GQ:FT:RCL:RC:RCR:RDCN:DR:DV:RR:RV,"0/1:-78.8984,0,-197.34:10000:PASS:15184:57264:43785:2:0:0:83:37"
II,3796637,DUP00000173,G,<DUP>,366,PASS,"IMPRECISE;SVTYPE=DUP;SVMETHOD=EMBL.DELLYv0.9.1;END=3797176;PE=14;MAPQ=21;CT=5to3;CIPOS=-50,50;CIEND=-50,50",GT:GL:GQ:FT:RCL:RC:RCR:RDCN:DR:DV:RR:RV,"0/1:-17.8043,0,-167.844:10000:PASS:68:522:70:8:65:17:0:0"
II,5096210,DUP00000181,A,<DUP>,1241,PASS,"PRECISE;SVTYPE=DUP;SVMETHOD=EMBL.DELLYv0.9.1;END=5101425;PE=10;MAPQ=60;CT=5to3;CIPOS=-1,1;CIEND=-1,1;SRMAPQ=60;INSLEN=0;HOMLEN=0;SR=11;SRQ=1;CONSENSUS=GACGGCAACAGCAGCAGCATCTGGAAAATTATGCTTTTAATTACAGCGACAGACGTTCCCAAAAGTCAAAAATTGAGATATTGATTTTTGTGAACAAAACTACAAATATCAGGTAGTTTCTAATAAAATGTGAACAAGCACATGAAGAAAATAAATAGTGTGAATAGAACTTGTTCACACTTTTGAGAGCACAAAAGAGCTGGAGA;CE=1.89667",GT:GL:GQ:FT:RCL:RC:RCR:RDCN:DR:DV:RR:RV,"0/1:-43.859,0,-83.5578:10000:PASS:194:606:207:3:26:10:27:16"
II,5099553,INV00000182,T,<INV>,660,PASS,"IMPRECISE;SVTYPE=INV;SVMETHOD=EMBL.DELLYv0.9.1;END=5099856;PE=11;MAPQ=60;CT=5to5;CIPOS=-222,222;CIEND=-222,222",GT:GL:GQ:FT:RCL:RC:RCR:RDCN:DR:DV:RR:RV,"0/1:-105.571,0,-44.9712:10000:PASS:16:7378:7206:2:9:19:0:0"
II,6630114,DUP00000191,T,<DUP>,1080,PASS,"PRECISE;SVTYPE=DUP;SVMETHOD=EMBL.DELLYv0.9.1;END=6630883;PE=9;MAPQ=60;CT=5to3;CIPOS=-1,1;CIEND=-1,1;SRMAPQ=60;INSLEN=0;HOMLEN=0;SR=9;SRQ=0.994898;CONSENSUS=CTTCACATTGGCACTTCCATTTTTACAACTTGACTTATCGTAAAAGTTGCGGTTCCATTTAGAAAAAAGTTATTGTAGTCCTGTATTTATGGAAATACTTGTGATGAAAGAGTTCTTGTCATATGAAATATGGAAATATTTTTTTCTTCAGTGATGTGAAAATATACGATTCTGCAGGAATTTCAAATATTTGAGT;CE=1.87141",GT:GL:GQ:FT:RCL:RC:RCR:RDCN:DR:DV:RR:RV,"0/1:-38.6779,0,-28.2783:10000:PASS:26:118:34:4:13:9:10:13"
II,6758980,DUP00000192,T,<DUP>,1620,PASS,"PRECISE;SVTYPE=DUP;SVMETHOD=EMBL.DELLYv0.9.1;END=6763711;PE=11;MAPQ=60;CT=5to3;CIPOS=-8,8;CIEND=-8,8;SRMAPQ=60;INSLEN=0;HOMLEN=7;SR=16;SRQ=1;CONSENSUS=CACCGAATTCGACCATTTTCATGCATTCCAAATGACTTTCCAAATTCCATTTTCTATTCCCCGAAAAAAAGTGATCACTTACTCTCATGTTGTCTACAAACAACCGATCCTTTTGCTGTGCTGTCTCTTTATTTTTCTTGGGATTTGGTGTAGCTAGAAATGAGTTGGAGAATGATAATAAATTTGAAATTTGAAAAGAGACAGC;CE=1.93436",GT:GL:GQ:FT:RCL:RC:RCR:RDCN:DR:DV:RR:RV,"0/1:-54.4596,0,-69.4593:10000:PASS:185:675:211:3:20:12:23:19"
II,6760512,DEL00000193,T,<DEL>,1740,PASS,"PRECISE;SVTYPE=DEL;SVMETHOD=EMBL.DELLYv0.9.1;END=6761142;PE=15;MAPQ=60;CT=3to5;CIPOS=-2,2;CIEND=-2,2;SRMAPQ=60;INSLEN=0;HOMLEN=1;SR=14;SRQ=1;CONSENSUS=TATATTTTAATTGTTTTTCAACTTTGGTGCATGTTTAAAATCGCGTCATTAAAACTTTGGGGGAAATCGAAATTTCTGATTCTTCAGAAATAATTTATAAAACGCATGCAATCCTTTAAATATCCCTATTTATCCATTTGCTTTTACCACTCAAGATTTATCTGTATGTTTTTTGAGCACTTTAACGGAAATCAAGGAGGATCGTTGAGGCATGAA;CE=1.88685",GT:GL:GQ:FT:RCL:RC:RCR:RDCN:DR:DV:RR:RV,"0/1:-53.7668,0,-48.4661:10000:PASS:45:69:31:2:13:15:17:18"
II,6761122,DEL00000194,T,<DEL>,1200,PASS,"PRECISE;SVTYPE=DEL;SVMETHOD=EMBL.DELLYv0.9.1;END=6761844;PE=10;MAPQ=60;CT=3to5;CIPOS=-6,6;CIEND=-6,6;SRMAPQ=60;INSLEN=0;HOMLEN=6;SR=10;SRQ=1;CONSENSUS=TAGAATCGAGATTCACGTCTCCTGGTGAAGCGACGACGTGAAGGATCTTCTTCGAATCCACCCACAGCTCACATTTTCGTTCTTTTCTGAAAATTGTTCAAATGCTTGTTGCAAGTTTTTCTTATAATTTGTTCAGTGAGTTTGCTTGACATCAAAATGAACATTCACTAATGCAGGTGCATAATGACGTGAACTTTTCAAATTTGTTTCAGGGTT;CE=1.94777",GT:GL:GQ:FT:RCL:RC:RCR:RDCN:DR:DV:RR:RV,"0/1:-45.876,0,-27.0762:10000:PASS:30:60:56:1:8:10:10:15"
II,7123750,DUP00000195,A,<DUP>,103,PASS,"IMPRECISE;SVTYPE=DUP;SVMETHOD=EMBL.DELLYv0.9.1;END=7153015;PE=3;MAPQ=43;CT=5to3;CIPOS=-294,294;CIEND=-294,294",GT:GL:GQ:FT:RCL:RC:RCR:RDCN:DR:DV:RR:RV,"0/1:-3.37636,0,-111.09:34:PASS:1156:2317:1140:2:20:3:0:0"
II,8262654,INV00000197,C,<INV>,153,PASS,"IMPRECISE;SVTYPE=INV;SVMETHOD=EMBL.DELLYv0.9.1;END=8263020;PE=3;MAPQ=54;CT=3to3;CIPOS=-362,362;CIEND=-362,362",GT:GL:GQ:FT:RCL:RC:RCR:RDCN:DR:DV:RR:RV,"0/1:-9.34096,0,-62.8795:93:PASS:5529:8631:4131:2:17:3:0:0"
II,10122122,DUP00000213,T,<DUP>,480,PASS,"PRECISE;SVTYPE=DUP;SVMETHOD=EMBL.DELLYv0.9.1;END=10122290;PE=0;MAPQ=0;CT=5to3;CIPOS=-29,29;CIEND=-29,29;SRMAPQ=60;INSLEN=0;HOMLEN=28;SR=8;SRQ=0.993939;CONSENSUS=TGACTGAAATTCCAGTTTTAGTTTAGCTCCCAATTAATATATTTTTCAATTTCCAAAAAAATTATTTTCTTCCAAACCAAACACCCAATTTTTTAAACTTTACAAATTTACTTATTAATGTCTGGATAAAAATATAACCACACAAAATCGGTACTCACCGTTCAA;CE=1.78599",GT:GL:GQ:FT:RCL:RC:RCR:RDCN:DR:DV:RR:RV,"./.:0,0,0:0:LowQual:3083:7516:2047:3:0:0:0:0"
II,10440527,DEL00000215,T,<DEL>,900,PASS,"PRECISE;SVTYPE=DEL;SVMETHOD=EMBL.DELLYv0.9.1;END=10440558;PE=0;MAPQ=0;CT=3to5;CIPOS=-4,4;CIEND=-4,4;SRMAPQ=60;INSLEN=0;HOMLEN=5;SR=15;SRQ=1;CONSENSUS=TAGCTCGTTCTTCTATGAAACAACAACAGGTATAGTGTTTTTTTAAAATCAACTTATGTAGTTCTTCTAACTGAAAACAAAGAAAGCGCACATATGTTCTAAAATGAAGTGTCCATTCTCAGCAGTGAGATAAGGTTTTAGCTTCAAAAATCGTGGTTTAATGTAAATAAAAAATCATAAAAACATTTTTTTTTTCGCTAAAACGGAG;CE=1.87718",GT:GL:GQ:FT:RCL:RC:RCR:RDCN:DR:DV:RR:RV,"1/1:-135.394,-11.7341,0:117:PASS:334:43:357:0:0:0:0:39"
II,10921261,INV00000216,T,<INV>,87,PASS,"IMPRECISE;SVTYPE=INV;SVMETHOD=EMBL.DELLYv0.9.1;END=10921610;PE=3;MAPQ=22;CT=5to5;CIPOS=-353,353;CIEND=-353,353",GT:GL:GQ:FT:RCL:RC:RCR:RDCN:DR:DV:RR:RV,"0/1:-9.57583,0,-71.6843:96:PASS:6759:10446:6656:2:20:6:0:0"
II,11211557,DUP00000217,A,<DUP>,463,PASS,"IMPRECISE;SVTYPE=DUP;SVMETHOD=EMBL.DELLYv0.9.1;END=11212102;PE=10;MAPQ=52;CT=5to3;CIPOS=-50,50;CIEND=-50,50",GT:GL:GQ:FT:RCL:RC:RCR:RDCN:DR:DV:RR:RV,"0/1:-39.1842,0,-44.3504:10000:PASS:25:108:22:5:14:10:0:0"
II,11704655,INS00000220,G,<INS>,420,PASS,"PRECISE;SVTYPE=INS;SVMETHOD=EMBL.DELLYv0.9.1;END=11704656;SVLEN=60;PE=0;MAPQ=0;CT=NtoN;CIPOS=-10,10;CIEND=-10,10;SRMAPQ=60;INSLEN=60;HOMLEN=9;SR=7;SRQ=1;CONSENSUS=TAATTTTTTTGAAAGTCAAAAACACTGTTAAATTCTCGTTTTTTCAAATGTGCCTCCGTGGAGAAAACCATCTGAAATGTTAAAAAAATTATGTTTTTTTTTTTCAAGAAAACGTCTCTAGAATAGGAATTAATTTTCAAGAAAAAACTTTTTTTTAATAC;CE=1.79804",GT:GL:GQ:FT:RCL:RC:RCR:RDCN:DR:DV:RR:RV,"1/1:-110.395,-9.62751,0:96:PASS:9367:19660:10293:2:0:0:0:32"
II,12171275,DUP00000221,T,<DUP>,193,PASS,"IMPRECISE;SVTYPE=DUP;SVMETHOD=EMBL.DELLYv0.9.1;END=12171786;PE=4;MAPQ=60;CT=5to3;CIPOS=-59,59;CIEND=-59,59",GT:GL:GQ:FT:RCL:RC:RCR:RDCN:DR:DV:RR:RV,"0/1:-14.8128,0,-44.7848:148:PASS:16:52:12:4:11:4:0:0"
II,12822277,DUP00000225,C,<DUP>,162,PASS,"IMPRECISE;SVTYPE=DUP;SVMETHOD=EMBL.DELLYv0.9.1;END=12822973;PE=4;MAPQ=43;CT=5to3;CIPOS=-218,218;CIEND=-218,218",GT:GL:GQ:FT:RCL:RC:RCR:RDCN:DR:DV:RR:RV,"0/1:-16.4842,0,-67.5822:10000:PASS:24:89:21:4:14:5:0:0"
II,13583082,DUP00000227,A,<DUP>,281,PASS,"PRECISE;SVTYPE=DUP;SVMETHOD=EMBL.DELLYv0.9.1;END=13583645;PE=4;MAPQ=21;CT=5to3;CIPOS=-3,3;CIEND=-3,3;SRMAPQ=45;INSLEN=0;HOMLEN=2;SR=5;SRQ=0.967742;CONSENSUS=AAACATTCCACAAAAAATTCAAAAAAAATTCCAAAAAATCCAAAAAAAATTCCAAAAAAATTTCCAAAAAAAATCCAAAAAAAATTCCAAAAAATCCAAAAAACATTCCAAAAAAATTTCCAAAAAAAATCCAAAAAAATCCAAAAAAAAA;CE=1.25805",GT:GL:GQ:FT:RCL:RC:RCR:RDCN:DR:DV:RR:RV,"0/1:-37.4705,0,-44.834:10000:PASS:18:58:24:3:17:4:16:16"
II,13598788,DUP00000228,T,<DUP>,332,PASS,"IMPRECISE;SVTYPE=DUP;SVMETHOD=EMBL.DELLYv0.9.1;END=13599313;PE=13;MAPQ=37;CT=5to3;CIPOS=-50,50;CIEND=-50,50",GT:GL:GQ:FT:RCL:RC:RCR:RDCN:DR:DV:RR:RV,"0/1:-17.0307,0,-96.6064:10000:PASS:18:93:90:2:46:12:0:0"
II,13761901,DEL00000229,A,<DEL>,100,PASS,"IMPRECISE;SVTYPE=DEL;SVMETHOD=EMBL.DELLYv0.9.1;END=13762748;PE=4;MAPQ=40;CT=3to5;CIPOS=-138,138;CIEND=-138,138",GT:GL:GQ:FT:RCL:RC:RCR:RDCN:DR:DV:RR:RV,"0/1:-2.48983,0,-93.5242:25:PASS:30:66:61:1:21:4:0:0"
II,13870623,DUP00000231,G,<DUP>,180,PASS,"IMPRECISE;SVTYPE=DUP;SVMETHOD=EMBL.DELLYv0.9.1;END=13871145;PE=4;MAPQ=60;CT=5to3;CIPOS=-97,97;CIEND=-97,97",GT:GL:GQ:FT:RCL:RC:RCR:RDCN:DR:DV:RR:RV,"0/1:-12.5815,0,-77.8991:126:PASS:5:57:20:5:14:4:0:0"
II,13984939,DUP00000232,T,<DUP>,851,PASS,"IMPRECISE;SVTYPE=DUP;SVMETHOD=EMBL.DELLYv0.9.1;END=13985409;PE=33;MAPQ=24;CT=5to3;CIPOS=-63,63;CIEND=-63,63",GT:GL:GQ:FT:RCL:RC:RCR:RDCN:DR:DV:RR:RV,"0/1:-68.7207,0,-66.2692:10000:PASS:5828:195981:24646:13:24:29:0:0"
II,13985212,DEL00000233,T,<DEL>,72,PASS,"IMPRECISE;SVTYPE=DEL;SVMETHOD=EMBL.DELLYv0.9.1;END=13985554;PE=3;MAPQ=23;CT=3to5;CIPOS=-50,50;CIEND=-50,50",GT:GL:GQ:FT:RCL:RC:RCR:RDCN:DR:DV:RR:RV,"0/0:0,-8.28809,-140.379:83:PASS:144794:37322:44862:0:52:3:0:0"
II,14337667,DUP00000236,A,<DUP>,543,PASS,"IMPRECISE;SVTYPE=DUP;SVMETHOD=EMBL.DELLYv0.9.1;END=14338146;PE=19;MAPQ=29;CT=5to3;CIPOS=-60,60;CIEND=-60,60",GT:GL:GQ:FT:RCL:RC:RCR:RDCN:DR:DV:RR:RV,"0/1:-38.6408,0,-76.8231:10000:PASS:4193:132618:31242:7:38:19:0:0"
II,15049131,INV00000240,A,<INV>,344,PASS,"IMPRECISE;SVTYPE=INV;SVMETHOD=EMBL.DELLYv0.9.1;END=15049546;PE=6;MAPQ=60;CT=5to5;CIPOS=-226,226;CIEND=-226,226",GT:GL:GQ:FT:RCL:RC:RCR:RDCN:DR:DV:RR:RV,"0/1:-48.6723,0,-87.5722:10000:PASS:4499:15920:6125:3:17:10:0:0"
II,15049560,INV00000241,G,<INV>,205,PASS,"IMPRECISE;SVTYPE=INV;SVMETHOD=EMBL.DELLYv0.9.1;END=15050143;PE=9;MAPQ=24;CT=3to3;CIPOS=-219,219;CIEND=-219,219",GT:GL:GQ:FT:RCL:RC:RCR:RDCN:DR:DV:RR:RV,"0/1:-13.5775,0,-65.7625:136:PASS:41:74:17:3:14:8:0:0"
II,15240960,DUP00000247,C,<DUP>,298,PASS,"IMPRECISE;SVTYPE=DUP;SVMETHOD=EMBL.DELLYv0.9.1;END=15241388;PE=6;MAPQ=57;CT=5to3;CIPOS=-188,188;CIEND=-188,188",GT:GL:GQ:FT:RCL:RC:RCR:RDCN:DR:DV:RR:RV,"0/1:-24.3815,0,-65.3842:10000:PASS:3192:11891:4985:3:12:6:0:0"
III,158849,DUP00000248,T,<DUP>,1860,PASS,"PRECISE;SVTYPE=DUP;SVMETHOD=EMBL.DELLYv0.9.1;END=162360;PE=14;MAPQ=60;CT=5to3;CIPOS=-3,3;CIEND=-3,3;SRMAPQ=60;INSLEN=0;HOMLEN=2;SR=17;SRQ=1;CONSENSUS=GGATTTCAATTCGCTATCCACCACTGACCTGGTGGGAATAGCACATCAGATTGCGAATGGGATGGAGTGGCTTGGAAATGTTCCGGTAACCGGTGGAATTTTTTCTTGGAGAATAGTGAAAGTATGGAGGTATTGGATATTACAGATTTGAGTTGTAATAAGAGTGGAAAGTGAGTTTTCAAAAAAAGAAGAGTTTGGGGATCTCGGACCCAAGCG;CE=1.93535",GT:GL:GQ:FT:RCL:RC:RCR:RDCN:DR:DV:RR:RV,"0/1:-66.2638,0,-42.0651:10000:PASS:127:520:104:5:13:14:15:22"
III,346582,DUP00000250,A,<DUP>,171,PASS,"IMPRECISE;SVTYPE=DUP;SVMETHOD=EMBL.DELLYv0.9.1;END=493012;PE=6;MAPQ=28;CT=5to3;CIPOS=-102,102;CIEND=-102,102",GT:GL:GQ:FT:RCL:RC:RCR:RDCN:DR:DV:RR:RV,"0/1:-11.0809,0,-71.5888:111:PASS:4385:11184:5606:2:14:5:0:0"
III,346668,DEL00000251,A,<DEL>,207,PASS,"IMPRECISE;SVTYPE=DEL;SVMETHOD=EMBL.DELLYv0.9.1;END=492783;PE=10;MAPQ=23;CT=3to5;CIPOS=-50,50;CIEND=-50,50",GT:GL:GQ:FT:RCL:RC:RCR:RDCN:DR:DV:RR:RV,"0/1:-17.3784,0,-48.0499:10000:PASS:4384:11101:5653:2:9:12:0:0"
III,415333,DUP00000252,G,<DUP>,164,PASS,"IMPRECISE;SVTYPE=DUP;SVMETHOD=EMBL.DELLYv0.9.1;END=415827;PE=7;MAPQ=22;CT=5to3;CIPOS=-111,111;CIEND=-111,111",GT:GL:GQ:FT:RCL:RC:RCR:RDCN:DR:DV:RR:RV,"0/1:-6.27446,0,-103.524:63:PASS:6349:57565:2484:13:27:7:0:0"
III,450900,DUP00000254,T,<DUP>,72,PASS,"IMPRECISE;SVTYPE=DUP;SVMETHOD=EMBL.DELLYv0.9.1;END=451243;PE=4;MAPQ=20;CT=5to3;CIPOS=-216,216;CIEND=-216,216",GT:GL:GQ:FT:RCL:RC:RCR:RDCN:DR:DV:RR:RV,"0/0:0,-2.2778,-42.8844:23:PASS:10428:16134:12307:1:30:4:0:0"
III,481715,DUP00000256,T,<DUP>,164,PASS,"IMPRECISE;SVTYPE=DUP;SVMETHOD=EMBL.DELLYv0.9.1;END=493010;PE=8;MAPQ=23;CT=5to3;CIPOS=-215,215;CIEND=-215,215",GT:GL:GQ:FT:RCL:RC:RCR:RDCN:DR:DV:RR:RV,"0/1:-9.17529,0,-87.7497:92:PASS:429:894:423:2:16:8:0:0"
III,481767,DEL00000257,C,<DEL>,57,PASS,"IMPRECISE;SVTYPE=DEL;SVMETHOD=EMBL.DELLYv0.9.1;END=492841;PE=4;MAPQ=22;CT=3to5;CIPOS=-61,61;CIEND=-61,61",GT:GL:GQ:FT:RCL:RC:RCR:RDCN:DR:DV:RR:RV,"0/1:-1.38604,0,-57.254:14:LowQual:425:810:457:2:11:3:0:0"
III,490687,INV00000258,G,<INV>,127,PASS,"IMPRECISE;SVTYPE=INV;SVMETHOD=EMBL.DELLYv0.9.1;END=492848;PE=6;MAPQ=26;CT=5to5;CIPOS=-278,278;CIEND=-278,278",GT:GL:GQ:FT:RCL:RC:RCR:RDCN:DR:DV:RR:RV,"0/1:-7.34038,0,-56.7799:73:PASS:83:169:144:1:12:6:0:0"
III,1017824,DEL00000263,A,<DEL>,82,PASS,"IMPRECISE;SVTYPE=DEL;SVMETHOD=EMBL.DELLYv0.9.1;END=1019392;PE=4;MAPQ=22;CT=3to5;CIPOS=-272,272;CIEND=-272,272",GT:GL:GQ:FT:RCL:RC:RCR:RDCN:DR:DV:RR:RV,"0/0:0,-40.3312,-395.17:10000:PASS:206:642:891:1:170:4:0:0"
III,1286118,INV00000269,A,<INV>,360,PASS,"PRECISE;SVTYPE=INV;SVMETHOD=EMBL.DELLYv0.9.1;END=13737952;PE=2;MAPQ=60;CT=3to3;CIPOS=-5,5;CIEND=-5,5;SRMAPQ=60;INSLEN=0;HOMLEN=4;SR=4;SRQ=1;CONSENSUS=TACATACCTAACAAAAATCTAGCAAGAGAAGGTTTTCAATATTTTTCAGTTGAGCAAGTAATGATATAGAGAACTTTGATTGAATACATTCAAATCATGTTCATTTTTTGTAATTGGAAAACAATAGTTCAAA;CE=1.82653",GT:GL:GQ:FT:RCL:RC:RCR:RDCN:DR:DV:RR:RV,"0/1:-27.3826,0,-26.6824:10000:PASS:96317:954031:5140:19:12:2:9:9"
III,1286508,DUP00000270,C,<DUP>,600,PASS,"PRECISE;SVTYPE=DUP;SVMETHOD=EMBL.DELLYv0.9.1;END=9955632;PE=6;MAPQ=60;CT=5to3;CIPOS=-2,2;CIEND=-2,2;SRMAPQ=60;INSLEN=0;HOMLEN=2;SR=4;SRQ=1;CONSENSUS=TCTTTCACTTCTCCATGCACTTGAAATGCTTCGTTCCGAATCCATATATCGTTTTCTGTCTCTTTCACCCGTGGAAACTATAGAGCTGCTCCAATTCTACAAATGCGACGCTGTTTTATTAATCCTTCCGTTATTAAATAGTC;CE=1.9103",GT:GL:GQ:FT:RCL:RC:RCR:RDCN:DR:DV:RR:RV,"0/1:-20.8846,0,-27.1842:10000:PASS:96332:672068:287088:4:9:6:9:7"
III,1299744,DUP00000271,G,<DUP>,1583,PASS,"IMPRECISE;SVTYPE=DUP;SVMETHOD=EMBL.DELLYv0.9.1;END=1300150;PE=62;MAPQ=24;CT=5to3;CIPOS=-135,135;CIEND=-135,135",GT:GL:GQ:FT:RCL:RC:RCR:RDCN:DR:DV:RR:RV,"0/1:-128.888,0,-93.2665:10000:PASS:3782:314037:75136:8:40:55:0:0"
III,2110820,DUP00000280,T,<DUP>,186,PASS,"IMPRECISE;SVTYPE=DUP;SVMETHOD=EMBL.DELLYv0.9.1;END=2116010;PE=5;MAPQ=52;CT=5to3;CIPOS=-175,175;CIEND=-175,175",GT:GL:GQ:FT:RCL:RC:RCR:RDCN:DR:DV:RR:RV,"0/1:-24.2784,0,-77.9019:10000:PASS:206:670:211:3:14:7:0:0"
III,2261463,INS00000282,T,<INS>,166,PASS,"PRECISE;SVTYPE=INS;SVMETHOD=EMBL.DELLYv0.9.1;END=2261464;SVLEN=52;PE=0;MAPQ=0;CT=NtoN;CIPOS=-3,3;CIEND=-3,3;SRMAPQ=60;INSLEN=52;HOMLEN=2;SR=4;SRQ=1;CONSENSUS=CACCCATTTTTGGAACTTTTCTGAAAATCTGATGGCATTTAAAAATGGGGAATTAGAGTGCGAAGTTAAAGGTGGAGTAGCGTCAGTGTGGAAATTGCTTTAAAACATGCCTATGGTACCACAATGAGCAAATATAATAGTA;CE=1.9247",GT:GL:GQ:FT:RCL:RC:RCR:RDCN:DR:DV:RR:RV,"1/1:-109.68,-9.91377,0:99:PASS:12084:21794:9710:2:0:0:0:33"
III,2497443,DUP00000284,A,<DUP>,202,PASS,"IMPRECISE;SVTYPE=DUP;SVMETHOD=EMBL.DELLYv0.9.1;END=2497961;PE=9;MAPQ=25;CT=5to3;CIPOS=-50,50;CIEND=-50,50",GT:GL:GQ:FT:RCL:RC:RCR:RDCN:DR:DV:RR:RV,"0/1:-18.1457,0,-110.308:10000:PASS:35:291:231:2:62:15:0:0"
III,2501344,DUP00000287,T,<DUP>,179,PASS,"IMPRECISE;SVTYPE=DUP;SVMETHOD=EMBL.DELLYv0.9.1;END=2501730;PE=8;MAPQ=22;CT=5to3;CIPOS=-177,177;CIEND=-177,177",GT:GL:GQ:FT:RCL:RC:RCR:RDCN:DR:DV:RR:RV,"0/1:-13.1967,0,-13.3732:130:PASS:2191:21297:4381:6:8:7:0:0"
III,2841312,BND00000288,T,[I:14448379[T,393,PASS,"PRECISE;SVTYPE=BND;SVMETHOD=EMBL.DELLYv0.9.1;END=2841313;CHR2=I;POS2=14448379;PE=0;MAPQ=0;CT=5to5;CIPOS=-22,22;CIEND=-22,22;SRMAPQ=60;INSLEN=0;HOMLEN=22;SR=9;SRQ=0.963636;CONSENSUS=AGCAATTTTATAGTGAGTTGCGAAACTCGGAAATTGTCGGCCGTCGTGGATAACTACCCCAAAACCGGACGACCGGACGTCCGGTTGTACAGCCCTACTAAAAACCTTTAATCTTTTAAGTTACAAGCACGTGAGCAAAACGTGTTGTCATTTTGCAAATTTGAA;CE=1.9842",GT:GL:GQ:FT:RCL:RC:RCR:RDCN:DR:DV:RR:RV,"0/1:-36.9851,0,-5.68666:57:PASS:10287:17896:7609:2:0:0:3:12"
III,2943258,DEL00000289,T,<DEL>,540,PASS,"PRECISE;SVTYPE=DEL;SVMETHOD=EMBL.DELLYv0.9.1;END=2943354;PE=0;MAPQ=0;CT=3to5;CIPOS=-12,12;CIEND=-12,12;SRMAPQ=60;INSLEN=0;HOMLEN=12;SR=9;SRQ=1;CONSENSUS=AAAAATTATCAACTAGTGAAATATTCTACGTTAAATTCTGCACATTATCTTGGTTGAAAATTTTTTTCTAGCTCTCCTCCCACGCTCTCTCCTTCGCTCAGCTTCAAAGACGTATATCTCCGCTGAGAATGGAGCTATAATTCCAACTAACAAAATGTTGCA;CE=1.92291",GT:GL:GQ:FT:RCL:RC:RCR:RDCN:DR:DV:RR:RV,"0/1:-19.2833,0,-32.9824:10000:PASS:1056:1515:924:2:0:0:11:7"
III,3011685,DUP00000291,A,<DUP>,124,PASS,"IMPRECISE;SVTYPE=DUP;SVMETHOD=EMBL.DELLYv0.9.1;END=3012128;PE=6;MAPQ=22;CT=5to3;CIPOS=-124,124;CIEND=-124,124",GT:GL:GQ:FT:RCL:RC:RCR:RDCN:DR:DV:RR:RV,"0/1:-6.1458,0,-68.0417:61:PASS:4266:20484:6904:4:15:6:0:0"
III,3987153,DUP00000297,A,<DUP>,221,PASS,"IMPRECISE;SVTYPE=DUP;SVMETHOD=EMBL.DELLYv0.9.1;END=3987692;PE=13;MAPQ=21;CT=5to3;CIPOS=-50,50;CIEND=-50,50",GT:GL:GQ:FT:RCL:RC:RCR:RDCN:DR:DV:RR:RV,"0/1:-7.69516,0,-110.878:77:PASS:18:335:16:20:38:9:0:0"
III,4404344,DEL00000299,T,<DEL>,240,PASS,"PRECISE;SVTYPE=DEL;SVMETHOD=EMBL.DELLYv0.9.1;END=4404466;PE=0;MAPQ=0;CT=3to5;CIPOS=-1,1;CIEND=-1,1;SRMAPQ=60;INSLEN=0;HOMLEN=0;SR=4;SRQ=0.986207;CONSENSUS=TAGGAAAACCTCCAACTACGCGAAACGGATCAAATCTAGAAGAAATAAACCGTTTTTTTAGAATCCGAAATATGTACATACCCCAGGTTAATTGGAATTTTTTTCGTTTCCATGGTAATTCCAATTTTAGTTGCCGAAATTTG;CE=1.9262",GT:GL:GQ:FT:RCL:RC:RCR:RDCN:DR:DV:RR:RV,"0/1:-23.2837,0,-26.6836:10000:PASS:1134:1323:1143:1:0:0:9:8"
III,5357089,DEL00000304,C,<DEL>,83,PASS,"IMPRECISE;SVTYPE=DEL;SVMETHOD=EMBL.DELLYv0.9.1;END=5357898;PE=3;MAPQ=31;CT=3to5;CIPOS=-263,263;CIEND=-263,263",GT:GL:GQ:FT:RCL:RC:RCR:RDCN:DR:DV:RR:RV,"0/0:0,-7.50541,-134.152:75:PASS:92:113:243:1:54:3:0:0"
III,5507063,DUP00000306,A,<DUP>,540,PASS,"IMPRECISE;SVTYPE=DUP;SVMETHOD=EMBL.DELLYv0.9.1;END=5509339;PE=9;MAPQ=60;CT=5to3;CIPOS=-50,50;CIEND=-50,50",GT:GL:GQ:FT:RCL:RC:RCR:RDCN:DR:DV:RR:RV,"0/1:-44.6681,0,-122.668:10000:PASS:100:349:110:3:22:9:0:0"
III,6645681,DUP00000308,T,<DUP>,540,PASS,"PRECISE;SVTYPE=DUP;SVMETHOD=EMBL.DELLYv0.9.1;END=6691079;PE=5;MAPQ=60;CT=5to3;CIPOS=-3,3;CIEND=-3,3;SRMAPQ=60;INSLEN=0;HOMLEN=2;SR=4;SRQ=1;CONSENSUS=TCCATACCGCACACGAATGATAATAAAAGACGACTGACATTTGTCGTCGTCTTCCCGCTGCAAACAGCTAATTTAAAAAGGAAATAAAAGTGGAAAAATAGGGCAAAT;CE=1.9129",GT:GL:GQ:FT:RCL:RC:RCR:RDCN:DR:DV:RR:RV,"0/1:-16.276,0,-59.2746:10000:PASS:1829:2754:1819:2:16:5:19:7"
III,6649394,INV00000309,A,<INV>,2100,PASS,"PRECISE;SVTYPE=INV;SVMETHOD=EMBL.DELLYv0.9.1;END=6682735;PE=17;MAPQ=60;CT=3to3;CIPOS=-4,4;CIEND=-4,4;SRMAPQ=60;INSLEN=0;HOMLEN=3;SR=18;SRQ=1;CONSENSUS=TATTGCAAAAAATAGTTGTAGAACTTCAGATTGAAAACCCAGATTCTCTTGCGTTTCAGACAATCTACATCGACGAGGCGTCGACGCAACTATCAAGGAAGGCGCATTGCACATGGTAACGATAGGAAAGGAGCTAACATAAGATCTGATCTCCTGAATTTTTCTCAAGAAACCAAGAGAAGTGATCAGATTACAA;CE=1.95146",GT:GL:GQ:FT:RCL:RC:RCR:RDCN:DR:DV:RR:RV,"0/1:-83.9614,0,-31.0634:10000:PASS:1456:1477:1580:1:13:17:12:27"
III,6682728,INV00000310,T,<INV>,180,PASS,"PRECISE;SVTYPE=INV;SVMETHOD=EMBL.DELLYv0.9.1;END=6682894;PE=0;MAPQ=0;CT=5to5;CIPOS=-1,1;CIEND=-1,1;SRMAPQ=60;INSLEN=0;HOMLEN=0;SR=3;SRQ=0.973451;CONSENSUS=GGTTTTAGTGTTTCTTACTATATTAGTTTTGTAAATAACTTAGAAATAACCTTTCCGAAATACTTCCTTGTTTTTCACTGAATTCTCTCCTGTCAAGTAAAAATTGATACC;CE=1.84052",GT:GL:GQ:FT:RCL:RC:RCR:RDCN:DR:DV:RR:RV,"0/1:-19.8819,0,-37.1811:10000:PASS:3574:3652:1922:1:0:0:12:7"
III,7265135,DEL00000312,T,<DEL>,720,PASS,"PRECISE;SVTYPE=DEL;SVMETHOD=EMBL.DELLYv0.9.1;END=7265250;PE=0;MAPQ=0;CT=3to5;CIPOS=-5,5;CIEND=-5,5;SRMAPQ=60;INSLEN=0;HOMLEN=6;SR=12;SRQ=0.994083;CONSENSUS=GAAGCTTGAGGAAATATACTTCTTTCTTTATTTCTTTTCAATACATCTCTATCTTCAATGCCATTTCATCTAATCATCATCATCATCATTCCCATCAACATCTTTATATGAGCACACTCAATTTCTCATTTTCAGTTTCCAATTTCCGACTATCAAGCGACGGTTCCGG;CE=1.86291",GT:GL:GQ:FT:RCL:RC:RCR:RDCN:DR:DV:RR:RV,"0/1:-45.0759,0,-27.2764:10000:PASS:1173:1590:1749:1:0:0:10:15"
III,7444762,DUP00000316,G,<DUP>,426,PASS,"IMPRECISE;SVTYPE=DUP;SVMETHOD=EMBL.DELLYv0.9.1;END=7445175;PE=17;MAPQ=26;CT=5to3;CIPOS=-131,131;CIEND=-131,131",GT:GL:GQ:FT:RCL:RC:RCR:RDCN:DR:DV:RR:RV,"0/1:-25.1436,0,-80.6794:10000:PASS:27979:62690:58602:1:46:17:0:0"
III,8336374,DEL00000322,A,<DEL>,100,PASS,"IMPRECISE;SVTYPE=DEL;SVMETHOD=EMBL.DELLYv0.9.1;END=8344372;PE=4;MAPQ=31;CT=3to5;CIPOS=-50,50;CIEND=-50,50",GT:GL:GQ:FT:RCL:RC:RCR:RDCN:DR:DV:RR:RV,"0/1:-4.16992,0,-109.738:42:PASS:287:72:176:0:25:5:0:0"
III,9096426,DEL00000327,A,<DEL>,600,PASS,"PRECISE;SVTYPE=DEL;SVMETHOD=EMBL.DELLYv0.9.1;END=13737954;PE=6;MAPQ=60;CT=3to5;CIPOS=-1,1;CIEND=-1,1;SRMAPQ=60;INSLEN=0;HOMLEN=0;SR=4;SRQ=1;CONSENSUS=ATGTGAACATTTCAGTGTCATTCGTGATCTATGCGAAATATATTAAAAAATAGTACTACAGGTGTGCATAATTTTAGGCTTTTGACAAGATATTAGGTTGGGGTTACTGGTTAGAGGTTTTTAGGTTTTATAG;CE=1.85209",GT:GL:GQ:FT:RCL:RC:RCR:RDCN:DR:DV:RR:RV,"0/1:-16.6856,0,-27.7854:10000:PASS:183850:349702:5140:4:9:6:9:6"
III,9096456,INV00000328,A,<INV>,540,PASS,"PRECISE;SVTYPE=INV;SVMETHOD=EMBL.DELLYv0.9.1;END=9955971;PE=6;MAPQ=60;CT=5to5;CIPOS=-3,3;CIEND=-3,3;SRMAPQ=60;INSLEN=0;HOMLEN=3;SR=3;SRQ=1;CONSENSUS=CCAAATTGCATTCCGGGTTGCAAATACCATTCATCCTCAAGACGTTTTCTGGCGTGTTCCCGCTTTGTAGACGCCAATCTATCGAGCCCAAGCAAGCTTCTGCAATTTAAATTGTTTTTATTTGAAGAAAATTAAAG;CE=1.96478",GT:GL:GQ:FT:RCL:RC:RCR:RDCN:DR:DV:RR:RV,"0/1:-9.88577,0,-35.085:99:PASS:34627:67764:35861:2:7:6:11:4"
III,10407335,DEL00000331,A,<DEL>,600,PASS,"PRECISE;SVTYPE=DEL;SVMETHOD=EMBL.DELLYv0.9.1;END=10483792;PE=4;MAPQ=60;CT=3to5;CIPOS=-6,6;CIEND=-6,6;SRMAPQ=60;INSLEN=0;HOMLEN=5;SR=6;SRQ=1;CONSENSUS=AAAACGCCATTGAACCTTGAAAATCGCGAAACAAGACGATATTTAATCAATTTATTTACCGATTTTGCGTGGAAAATCGTTTTTCAACGAAATTCCTATGGAACTCGTGGAGCACGAAGAGCTGCATTGAAATCAACGGAAACTCGATAAATTCTA;CE=1.93643",GT:GL:GQ:FT:RCL:RC:RCR:RDCN:DR:DV:RR:RV,"0/1:-21.0784,0,-45.7774:10000:PASS:2975:5755:2957:2:12:5:15:8"
III,10407341,DUP00000332,A,<DUP>,600,PASS,"PRECISE;SVTYPE=DUP;SVMETHOD=EMBL.DELLYv0.9.1;END=10484198;PE=2;MAPQ=60;CT=5to3;CIPOS=-2,2;CIEND=-2,2;SRMAPQ=60;INSLEN=0;HOMLEN=2;SR=8;SRQ=1;CONSENSUS=AATCGAAAAAAAATGTGCAAAAAATGTTTAAAAAATTGAATTTAAATTTATGTATATTTATTAAAATGATTAAAGTTAGAAAAAATGAAGGAATTCCGACGAAAATAAAAGAATAAAATTTAAAAAAGTTTCCCGCGGGCTTTCTCACTTCGTAAATCG;CE=1.74724",GT:GL:GQ:FT:RCL:RC:RCR:RDCN:DR:DV:RR:RV,"0/1:-22.886,0,-18.986:10000:PASS:2996:5796:2972:2:10:3:7:8"
III,10568261,DEL00000333,C,<DEL>,133,PASS,"PRECISE;SVTYPE=DEL;SVMETHOD=EMBL.DELLYv0.9.1;END=10568422;PE=0;MAPQ=0;CT=3to5;CIPOS=-17,17;CIEND=-17,17;SRMAPQ=44;INSLEN=0;HOMLEN=16;SR=3;SRQ=1;CONSENSUS=AGCTACAGTAATTATTTAAGGAATTACTGTAGTTTTCGCTGCGAGATATTTTGCGCGTCAAATATGTTGTGCAGTACGCATTCTCATGATTTATTGTTCCCGTAAAACTGTTAAATCTCTATTA;CE=1.90905",GT:GL:GQ:FT:RCL:RC:RCR:RDCN:DR:DV:RR:RV,"0/1:-5.68819,0,-30.9876:57:PASS:1355:2209:1744:1:0:0:10:3"
III,11157794,DEL00000335,C,<DEL>,180,PASS,"PRECISE;SVTYPE=DEL;SVMETHOD=EMBL.DELLYv0.9.1;END=11157822;PE=0;MAPQ=0;CT=3to5;CIPOS=-17,17;CIEND=-17,17;SRMAPQ=60;INSLEN=0;HOMLEN=17;SR=3;SRQ=1;CONSENSUS=ATTTCGGCAATTTGCCGGTTTGCCGAAACTTTCAGTTCCGGCAATTTGCCGATTTGCCGGAAATTTTCTACTCCGGCAATTTGCCGGTTTGCCGGCAGTTTTCAATTCCGGAAATTTGCC;CE=1.96226",GT:GL:GQ:FT:RCL:RC:RCR:RDCN:DR:DV:RR:RV,"0/1:-27.3871,0,-10.2882:103:PASS:219:278:153:1:0:0:4:9"
III,11925808,DUP00000336,C,<DUP>,326,PASS,"IMPRECISE;SVTYPE=DUP;SVMETHOD=EMBL.DELLYv0.9.1;END=11926419;PE=8;MAPQ=46;CT=5to3;CIPOS=-50,50;CIEND=-50,50",GT:GL:GQ:FT:RCL:RC:RCR:RDCN:DR:DV:RR:RV,"0/1:-26.6188,0,-56.8927:10000:PASS:32:82:20:3:12:8:0:0"
III,12376553,DEL00000341,C,<DEL>,166,PASS,"IMPRECISE;SVTYPE=DEL;SVMETHOD=EMBL.DELLYv0.9.1;END=12627320;PE=6;MAPQ=22;CT=3to5;CIPOS=-98,98;CIEND=-98,98",GT:GL:GQ:FT:RCL:RC:RCR:RDCN:DR:DV:RR:RV,"0/1:-12.6866,0,-36.5423:127:PASS:9012:18352:9010:2:7:6:0:0"
III,12376565,INV00000342,C,<INV>,221,PASS,"PRECISE;SVTYPE=INV;SVMETHOD=EMBL.DELLYv0.9.1;END=12627367;PE=2;MAPQ=33;CT=5to5;CIPOS=-22,22;CIEND=-22,22;SRMAPQ=60;INSLEN=0;HOMLEN=22;SR=3;SRQ=0.993007;CONSENSUS=TCAAAAAAAAATCAACAATTTTACGATAAAATCTTATTTTTTCGATTTTTCAGTCTTTAATAAAAACAATATTCAATTTTCAGAATTTTCGTTTGAAATTTTAATTCTTTAATTTATAATATAAAAATATTCAAAAAAAATCA;CE=1.58115",GT:GL:GQ:FT:RCL:RC:RCR:RDCN:DR:DV:RR:RV,"0/1:-20.3334,0,-16.0779:10000:PASS:9012:18352:9015:2:7:2:7:9"
III,13778121,INV00000351,T,<INV>,1113,PASS,"IMPRECISE;SVTYPE=INV;SVMETHOD=EMBL.DELLYv0.9.1;END=13778981;PE=20;MAPQ=60;CT=5to5;CIPOS=-109,109;CIEND=-109,109",GT:GL:GQ:FT:RCL:RC:RCR:RDCN:DR:DV:RR:RV,"0/1:-97.2101,0,-138.053:10000:PASS:25:215:188:2:27:20:0:0"
IV,427478,DUP00000353,A,<DUP>,151,PASS,"IMPRECISE;SVTYPE=DUP;SVMETHOD=EMBL.DELLYv0.9.1;END=15805516;PE=7;MAPQ=22;CT=5to3;CIPOS=-106,106;CIEND=-106,106",GT:GL:GQ:FT:RCL:RC:RCR:RDCN:DR:DV:RR:RV,"0/1:-10.2836,0,-46.1051:103:PASS:28961:1176082:124763:15:9:7:0:0"
IV,1142515,INS00000356,T,<INS>,660,PASS,"PRECISE;SVTYPE=INS;SVMETHOD=EMBL.DELLYv0.9.1;END=1142516;SVLEN=54;PE=0;MAPQ=0;CT=NtoN;CIPOS=-23,23;CIEND=-23,23;SRMAPQ=60;INSLEN=54;HOMLEN=24;SR=11;SRQ=1;CONSENSUS=AAAAGGGATCTGCTTCATGAAGATTTATAAAAAGAAAGTAAAACACTAAGTCTAAGCCTAAGCCTTAGCCTGAGTCTAAGCCTTAGCCTAAGCCTAAGCCTTAGCCTAAGCCTAAGCCTTAGCCTAAGCCTAATCCTAATCCTAACTTTCACCCTAAAAATCTTAACCCTTTTTTTAAAT;CE=1.91953",GT:GL:GQ:FT:RCL:RC:RCR:RDCN:DR:DV:RR:RV,"1/1:-134.495,-11.4341,0:114:PASS:9975:19268:9293:2:0:0:0:38"
IV,1831076,DUP00000361,G,<DUP>,679,PASS,"IMPRECISE;SVTYPE=DUP;SVMETHOD=EMBL.DELLYv0.9.1;END=1831608;PE=21;MAPQ=31;CT=5to3;CIPOS=-50,50;CIEND=-50,50",GT:GL:GQ:FT:RCL:RC:RCR:RDCN:DR:DV:RR:RV,"0/1:-66.566,0,-65.4525:10000:PASS:15:180:28:8:15:23:0:0"
IV,1950188,DEL00000362,C,<DEL>,161,PASS,"IMPRECISE;SVTYPE=DEL;SVMETHOD=EMBL.DELLYv0.9.1;END=1950800;PE=5;MAPQ=32;CT=3to5;CIPOS=-173,173;CIEND=-173,173",GT:GL:GQ:FT:RCL:RC:RCR:RDCN:DR:DV:RR:RV,"0/1:-9.18472,0,-89.3993:92:PASS:53:60:77:1:18:5:0:0"
IV,1950674,DUP00000363,T,<DUP>,106,PASS,"IMPRECISE;SVTYPE=DUP;SVMETHOD=EMBL.DELLYv0.9.1;END=1951198;PE=5;MAPQ=29;CT=5to3;CIPOS=-50,50;CIEND=-50,50",GT:GL:GQ:FT:RCL:RC:RCR:RDCN:DR:DV:RR:RV,"0/1:-10.3004,0,-9.25813:93:PASS:30:100:5:6:4:5:0:0"
IV,2374684,INV00000367,A,<INV>,532,PASS,"IMPRECISE;SVTYPE=INV;SVMETHOD=EMBL.DELLYv0.9.1;END=2375643;PE=10;MAPQ=60;CT=3to3;CIPOS=-197,197;CIEND=-197,197",GT:GL:GQ:FT:RCL:RC:RCR:RDCN:DR:DV:RR:RV,"0/1:-47.4804,0,-48.2834:10000:PASS:33:107:42:3:9:10:0:0"
IV,2702406,DUP00000368,A,<DUP>,180,PASS,"IMPRECISE;SVTYPE=DUP;SVMETHOD=EMBL.DELLYv0.9.1;END=2702768;PE=3;MAPQ=60;CT=5to3;CIPOS=-186,186;CIEND=-186,186",GT:GL:GQ:FT:RCL:RC:RCR:RDCN:DR:DV:RR:RV,"0/1:-15.5922,0,-22.5918:157:PASS:1351:8466:2263:5:5:3:0:0"
IV,2821058,DUP00000369,T,<DUP>,137,PASS,"IMPRECISE;SVTYPE=DUP;SVMETHOD=EMBL.DELLYv0.9.1;END=2830557;PE=6;MAPQ=30;CT=5to3;CIPOS=-153,153;CIEND=-153,153",GT:GL:GQ:FT:RCL:RC:RCR:RDCN:DR:DV:RR:RV,"0/1:-7.49337,0,-77.1867:75:PASS:386:3320:341:9:15:5:0:0"
IV,2828718,DUP00000370,T,<DUP>,979,PASS,"IMPRECISE;SVTYPE=DUP;SVMETHOD=EMBL.DELLYv0.9.1;END=2829229;PE=39;MAPQ=25;CT=5to3;CIPOS=-50,50;CIEND=-50,50",GT:GL:GQ:FT:RCL:RC:RCR:RDCN:DR:DV:RR:RV,"0/1:-72.214,0,-128.762:10000:PASS:49:1073:204:8:56:37:0:0"
IV,3136171,INV00000373,A,<INV>,478,PASS,"PRECISE;SVTYPE=INV;SVMETHOD=EMBL.DELLYv0.9.1;END=3170032;PE=4;MAPQ=60;CT=3to3;CIPOS=-7,7;CIEND=-7,7;SRMAPQ=60;INSLEN=0;HOMLEN=7;SR=4;SRQ=1;CONSENSUS=GAATTTTTTCGGGCAAAAATATGTGACGTCAGCACGTTCTTAAACAAAAGGAAAAAAGTTGAGAACTCTGCGTCTCTTCTCCCGCATTTTTTGTAGATCTAAGTAGATCAAGCCCAAATGAGACAGTCTGGCACCACGT;CE=1.97417",GT:GL:GQ:FT:RCL:RC:RCR:RDCN:DR:DV:RR:RV,"1/1:-43.3987,-3.61108,0:36:PASS:1205:2214:1082:2:0:4:0:12"
IV,3136177,INV00000374,G,<INV>,1560,PASS,"PRECISE;SVTYPE=INV;SVMETHOD=EMBL.DELLYv0.9.1;END=3170028;PE=12;MAPQ=60;CT=5to5;CIPOS=-7,7;CIEND=-7,7;SRMAPQ=60;INSLEN=0;HOMLEN=8;SR=14;SRQ=1;CONSENSUS=TTTCAAATTGAGTTTGACTTAAGGATTTTTTATCCGTTTTTAGAATCTCGTCGCTATTCCGTAAACTTTCCAAAAATGTTGTATGGCGAGCACAATTTGAAGTAACTTTTTCATTCAGATCATCTCGTTGGCTCTTTAAATTCTTTAATTCTGCCTCAGAATCTTGAATTTCTTGAGCAATAGCTCTATACTTGAAAAAGCCACCAACTTCTTCAGACT;CE=1.90209",GT:GL:GQ:FT:RCL:RC:RCR:RDCN:DR:DV:RR:RV,"1/1:-64.798,-5.4165,0:54:PASS:1205:2214:1081:2:0:12:0:18"
IV,3366692,DUP00000378,G,<DUP>,843,PASS,"IMPRECISE;SVTYPE=DUP;SVMETHOD=EMBL.DELLYv0.9.1;END=3367146;PE=35;MAPQ=25;CT=5to3;CIPOS=-87,87;CIEND=-87,87",GT:GL:GQ:FT:RCL:RC:RCR:RDCN:DR:DV:RR:RV,"0/1:-70.1203,0,-39.1772:10000:PASS:3563:236154:7492:43:13:33:0:0"
IV,3367447,DEL00000383,C,<DEL>,48,PASS,"IMPRECISE;SVTYPE=DEL;SVMETHOD=EMBL.DELLYv0.9.1;END=10945790;PE=3;MAPQ=21;CT=3to5;CIPOS=-269,269;CIEND=-269,269",GT:GL:GQ:FT:RCL:RC:RCR:RDCN:DR:DV:RR:RV,"0/0:0,-22.6745,-295.91:10000:PASS:242448:590685:293321:2:91:3:0:0"
IV,5950124,BND00000391,T,T[I:8761062[,300,PASS,"PRECISE;SVTYPE=BND;SVMETHOD=EMBL.DELLYv0.9.1;END=5950125;CHR2=I;POS2=8761062;PE=0;MAPQ=0;CT=3to5;CIPOS=-13,13;CIEND=-13,13;SRMAPQ=60;INSLEN=0;HOMLEN=12;SR=5;SRQ=1;CONSENSUS=AAACTCAGTTGTTTCGTGCTGGCAAACTGTATAATTACCAATTTTGAGTATCATGTTGAGTATCTGTACAAATCGGCGTCCGGTCGTCCGACTTGGACACTACCGGACGCACTGCGTCCGGTTTTGGGGTAGGTTTCCACGGCGGCC;CE=1.98748",GT:GL:GQ:FT:RCL:RC:RCR:RDCN:DR:DV:RR:RV,"0/1:-10.289,0,-24.0883:103:PASS:9592:18830:9238:2:0:0:8:4"
IV,6358346,DEL00000393,G,<DEL>,129,PASS,"IMPRECISE;SVTYPE=DEL;SVMETHOD=EMBL.DELLYv0.9.1;END=6361001;PE=4;MAPQ=32;CT=3to5;CIPOS=-183,183;CIEND=-183,183",GT:GL:GQ:FT:RCL:RC:RCR:RDCN:DR:DV:RR:RV,"0/1:-3.09094,0,-85.4692:31:PASS:114:406:109:4:30:4:0:0"
IV,6685424,DUP00000402,T,<DUP>,190,PASS,"IMPRECISE;SVTYPE=DUP;SVMETHOD=EMBL.DELLYv0.9.1;END=6685899;PE=6;MAPQ=40;CT=5to3;CIPOS=-69,69;CIEND=-69,69",GT:GL:GQ:FT:RCL:RC:RCR:RDCN:DR:DV:RR:RV,"0/1:-11.7778,0,-83.0857:118:PASS:4775:20024:5511:4:18:5:0:0"
IV,6686368,DUP00000404,T,<DUP>,106,PASS,"IMPRECISE;SVTYPE=DUP;SVMETHOD=EMBL.DELLYv0.9.1;END=6686670;PE=4;MAPQ=39;CT=5to3;CIPOS=-246,246;CIEND=-246,246",GT:GL:GQ:FT:RCL:RC:RCR:RDCN:DR:DV:RR:RV,"0/1:-4.0374,0,-71.288:40:PASS:4177:11961:3755:3:18:4:0:0"
IV,6715618,INV00000413,T,<INV>,47,PASS,"IMPRECISE;SVTYPE=INV;SVMETHOD=EMBL.DELLYv0.9.1;END=6733414;PE=3;MAPQ=21;CT=3to3;CIPOS=-297,297;CIEND=-297,297",GT:GL:GQ:FT:RCL:RC:RCR:RDCN:DR:DV:RR:RV,"0/0:0,-0.511307,-52.9:6:LowQual:746:1397:647:2:15:2:0:0"
IV,6723607,DUP00000414,A,<DUP>,111,PASS,"IMPRECISE;SVTYPE=DUP;SVMETHOD=EMBL.DELLYv0.9.1;END=6724040;PE=5;MAPQ=20;CT=5to3;CIPOS=-115,115;CIEND=-115,115",GT:GL:GQ:FT:RCL:RC:RCR:RDCN:DR:DV:RR:RV,"0/1:-1.17413,0,-74.0055:12:LowQual:6757:42545:4892:7:29:5:0:0"
IV,7592330,DUP00000424,A,<DUP>,65,PASS,"IMPRECISE;SVTYPE=DUP;SVMETHOD=EMBL.DELLYv0.9.1;END=7592757;PE=4;MAPQ=22;CT=5to3;CIPOS=-147,147;CIEND=-147,147",GT:GL:GQ:FT:RCL:RC:RCR:RDCN:DR:DV:RR:RV,"0/1:-0.182144,0,-58.6474:4:LowQual:3912:14305:2152:5:17:3:0:0"
IV,7594956,DUP00000428,T,<DUP>,58,PASS,"IMPRECISE;SVTYPE=DUP;SVMETHOD=EMBL.DELLYv0.9.1;END=7598905;PE=4;MAPQ=22;CT=5to3;CIPOS=-136,136;CIEND=-136,136",GT:GL:GQ:FT:RCL:RC:RCR:RDCN:DR:DV:RR:RV,"0/1:-0.738827,0,-64.7775:8:LowQual:297:591:157:3:19:5:0:0"
IV,7595540,DUP00000429,C,<DUP>,63,PASS,"IMPRECISE;SVTYPE=DUP;SVMETHOD=EMBL.DELLYv0.9.1;END=7598843;PE=3;MAPQ=21;CT=5to3;CIPOS=-50,50;CIEND=-50,50",GT:GL:GQ:FT:RCL:RC:RCR:RDCN:DR:DV:RR:RV,"0/1:-3.35551,0,-82.3783:34:PASS:328:444:131:2:23:7:0:0"
IV,8572726,DUP00000440,A,<DUP>,227,PASS,"IMPRECISE;SVTYPE=DUP;SVMETHOD=EMBL.DELLYv0.9.1;END=8573027;PE=8;MAPQ=32;CT=5to3;CIPOS=-249,249;CIEND=-249,249",GT:GL:GQ:FT:RCL:RC:RCR:RDCN:DR:DV:RR:RV,"0/1:-13.6953,0,-95.1408:137:PASS:4129:35936:8521:6:22:8:0:0"
IV,8573706,DEL00000447,T,<DEL>,1620,PASS,"IMPRECISE;SVTYPE=DEL;SVMETHOD=EMBL.DELLYv0.9.1;END=8574553;PE=65;MAPQ=29;CT=3to5;CIPOS=-106,106;CIEND=-106,106",GT:GL:GQ:FT:RCL:RC:RCR:RDCN:DR:DV:RR:RV,"0/1:-130.999,0,-115.771:10000:PASS:463:337:438:1:44:54:0:0"
IV,8574536,DUP00000452,A,<DUP>,159,PASS,"IMPRECISE;SVTYPE=DUP;SVMETHOD=EMBL.DELLYv0.9.1;END=8579772;PE=8;MAPQ=28;CT=5to3;CIPOS=-124,124;CIEND=-124,124",GT:GL:GQ:FT:RCL:RC:RCR:RDCN:DR:DV:RR:RV,"0/1:-2.4206,0,-109.023:24:PASS:1020:2684:1176:2:39:9:0:0"
IV,8576251,DUP00000460,A,<DUP>,145,PASS,"IMPRECISE;SVTYPE=DUP;SVMETHOD=EMBL.DELLYv0.9.1;END=8578681;PE=6;MAPQ=28;CT=5to3;CIPOS=-65,65;CIEND=-65,65",GT:GL:GQ:FT:RCL:RC:RCR:RDCN:DR:DV:RR:RV,"0/1:-0.13216,0,-144.5:4:LowQual:187:1406:719:3:53:6:0:0"
IV,8576337,DUP00000461,C,<DUP>,175,PASS,"IMPRECISE;SVTYPE=DUP;SVMETHOD=EMBL.DELLYv0.9.1;END=8576729;PE=5;MAPQ=40;CT=5to3;CIPOS=-151,151;CIEND=-151,151",GT:GL:GQ:FT:RCL:RC:RCR:RDCN:DR:DV:RR:RV,"0/1:-5.78641,0,-89.5609:58:PASS:11426:113696:14742:9:36:5:0:0"
IV,8576576,DEL00000462,A,<DEL>,132,PASS,"IMPRECISE;SVTYPE=DEL;SVMETHOD=EMBL.DELLYv0.9.1;END=8579491;PE=8;MAPQ=22;CT=3to5;CIPOS=-50,50;CIEND=-50,50",GT:GL:GQ:FT:RCL:RC:RCR:RDCN:DR:DV:RR:RV,"0/0:0,-8.00649,-257.489:80:PASS:447:1466:1106:2:70:10:0:0"
IV,8579306,DEL00000471,C,<DEL>,75,PASS,"IMPRECISE;SVTYPE=DEL;SVMETHOD=EMBL.DELLYv0.9.1;END=8579944;PE=3;MAPQ=29;CT=3to5;CIPOS=-270,270;CIEND=-270,270",GT:GL:GQ:FT:RCL:RC:RCR:RDCN:DR:DV:RR:RV,"0/0:0,-9.5859,-166.436:96:PASS:118:482:208:3:57:3:0:0"
IV,8579912,DEL00000472,T,<DEL>,295,PASS,"IMPRECISE;SVTYPE=DEL;SVMETHOD=EMBL.DELLYv0.9.1;END=8580801;PE=13;MAPQ=20;CT=3to5;CIPOS=-50,50;CIEND=-50,50",GT:GL:GQ:FT:RCL:RC:RCR:RDCN:DR:DV:RR:RV,"0/1:-11.614,0,-119.905:116:PASS:406:448:469:1:50:13:0:0"
IV,9045874,DUP00000473,T,<DUP>,239,PASS,"IMPRECISE;SVTYPE=DUP;SVMETHOD=EMBL.DELLYv0.9.1;END=9048062;PE=5;MAPQ=56;CT=5to3;CIPOS=-161,161;CIEND=-161,161",GT:GL:GQ:FT:RCL:RC:RCR:RDCN:DR:DV:RR:RV,"0/1:-19.9567,0,-56.2801:10000:PASS:94:1146:695:3:16:6:0:0"
IV,9046969,DEL00000474,A,<DEL>,112,PASS,"IMPRECISE;SVTYPE=DEL;SVMETHOD=EMBL.DELLYv0.9.1;END=9047809;PE=6;MAPQ=22;CT=3to5;CIPOS=-90,90;CIEND=-90,90",GT:GL:GQ:FT:RCL:RC:RCR:RDCN:DR:DV:RR:RV,"0/1:-9.09283,0,-2.14039:21:PASS:131:779:107:7:1:6:0:0"
IV,9538161,BND00000479,A,[I:13162688[A,301,PASS,"PRECISE;SVTYPE=BND;SVMETHOD=EMBL.DELLYv0.9.1;END=9538162;CHR2=I;POS2=13162688;PE=0;MAPQ=0;CT=5to5;CIPOS=-2,2;CIEND=-2,2;SRMAPQ=60;INSLEN=0;HOMLEN=1;SR=6;SRQ=0.987179;CONSENSUS=CACGCCGATTTTTTCCCTTCCTATAAACGTTCCTATTAAAGATGTGCACAAAATGGGCAATCTTGCAGTTTCAATTAAAACGGTGCCCCAAGTATTATTACAGTGCTCCACATAATGATACGGCCACCCCCAAATTTTAGTAAAACTCAAAACT;CE=1.93706",GT:GL:GQ:FT:RCL:RC:RCR:RDCN:DR:DV:RR:RV,"0/1:-23.183,0,-29.5824:10000:PASS:7906:18837:10931:2:0:0:10:8"
IV,9852303,DUP00000481,A,<DUP>,540,PASS,"PRECISE;SVTYPE=DUP;SVMETHOD=EMBL.DELLYv0.9.1;END=9852492;PE=0;MAPQ=0;CT=5to3;CIPOS=-6,6;CIEND=-6,6;SRMAPQ=60;INSLEN=0;HOMLEN=6;SR=9;SRQ=1;CONSENSUS=TAATAAAATTTAAATTCATTAAAAATTTTGAATTTCTCACGCGTTGCTCTACTGCCCTAAAATTATTATTATTTATATTTTGTGTCTACGTGCGTGAAAGTGAAAACTGAAAACTGAAAAATATTTAAAATAATTTATTTTCTACTCAAATATCTAAAAGCACG;CE=1.78851",GT:GL:GQ:FT:RCL:RC:RCR:RDCN:DR:DV:RR:RV,"./.:0,0,0:0:LowQual:1141:6533:2734:3:0:0:0:0"
IV,11144469,DUP00000490,T,<DUP>,487,PASS,"IMPRECISE;SVTYPE=DUP;SVMETHOD=EMBL.DELLYv0.9.1;END=11145049;PE=10;MAPQ=52;CT=5to3;CIPOS=-50,50;CIEND=-50,50",GT:GL:GQ:FT:RCL:RC:RCR:RDCN:DR:DV:RR:RV,"0/1:-40.5723,0,-87.2725:10000:PASS:26:77:36:2:17:10:0:0"
IV,11615175,DUP00000491,G,<DUP>,75,PASS,"IMPRECISE;SVTYPE=DUP;SVMETHOD=EMBL.DELLYv0.9.1;END=11615525;PE=4;MAPQ=25;CT=5to3;CIPOS=-195,195;CIEND=-195,195",GT:GL:GQ:FT:RCL:RC:RCR:RDCN:DR:DV:RR:RV,"0/1:-5.15075,0,-12.4968:52:PASS:425:9100:4057:4:4:4:0:0"
IV,12024702,DUP00000493,T,<DUP>,87,PASS,"IMPRECISE;SVTYPE=DUP;SVMETHOD=EMBL.DELLYv0.9.1;END=12025073;PE=3;MAPQ=40;CT=5to3;CIPOS=-183,183;CIEND=-183,183",GT:GL:GQ:FT:RCL:RC:RCR:RDCN:DR:DV:RR:RV,"0/1:-0.921285,0,-60.5689:10:LowQual:8448:23765:2743:4:24:3:0:0"
IV,12731998,DEL00000503,T,<DEL>,94,PASS,"IMPRECISE;SVTYPE=DEL;SVMETHOD=EMBL.DELLYv0.9.1;END=12732707;PE=3;MAPQ=26;CT=3to5;CIPOS=-333,333;CIEND=-333,333",GT:GL:GQ:FT:RCL:RC:RCR:RDCN:DR:DV:RR:RV,"0/1:-6.30728,0,-21.3647:63:PASS:98:38:25:1:8:3:0:0"
IV,15059182,DUP00000516,C,<DUP>,376,PASS,"IMPRECISE;SVTYPE=DUP;SVMETHOD=EMBL.DELLYv0.9.1;END=15059622;PE=10;MAPQ=43;CT=5to3;CIPOS=-111,111;CIEND=-111,111",GT:GL:GQ:FT:RCL:RC:RCR:RDCN:DR:DV:RR:RV,"0/1:-28.4576,0,-90.0456:10000:PASS:4559:51964:5298:11:21:10:0:0"
IV,15080146,INV00000519,A,<INV>,123,PASS,"IMPRECISE;SVTYPE=INV;SVMETHOD=EMBL.DELLYv0.9.1;END=15081999;PE=8;MAPQ=23;CT=3to3;CIPOS=-288,288;CIEND=-288,288",GT:GL:GQ:FT:RCL:RC:RCR:RDCN:DR:DV:RR:RV,"0/1:-8.64794,0,-12.0408:86:PASS:62:362:27:8:5:7:0:0"
IV,15188587,DUP00000521,G,<DUP>,49,PASS,"IMPRECISE;SVTYPE=DUP;SVMETHOD=EMBL.DELLYv0.9.1;END=15189242;PE=3;MAPQ=20;CT=5to3;CIPOS=-160,160;CIEND=-160,160",GT:GL:GQ:FT:RCL:RC:RCR:RDCN:DR:DV:RR:RV,"0/1:-0.925827,0,-65.8117:10:LowQual:23:153:21:7:18:5:0:0"
IV,15853997,DEL00000524,C,<DEL>,219,PASS,"IMPRECISE;SVTYPE=DEL;SVMETHOD=EMBL.DELLYv0.9.1;END=16571444;PE=4;MAPQ=60;CT=3to5;CIPOS=-128,128;CIEND=-128,128",GT:GL:GQ:FT:RCL:RC:RCR:RDCN:DR:DV:RR:RV,"0/1:-18.8897,0,-30.9898:10000:PASS:25747:52861:26041:2:6:4:0:0"
IV,16244179,DUP00000526,T,<DUP>,450,PASS,"IMPRECISE;SVTYPE=DUP;SVMETHOD=EMBL.DELLYv0.9.1;END=16244730;PE=11;MAPQ=39;CT=5to3;CIPOS=-50,50;CIEND=-50,50",GT:GL:GQ:FT:RCL:RC:RCR:RDCN:DR:DV:RR:RV,"0/1:-44.7494,0,-53.6993:10000:PASS:21:93:8:6:14:13:0:0"
IV,17460216,DEL00000536,T,<DEL>,780,PASS,"PRECISE;SVTYPE=DEL;SVMETHOD=EMBL.DELLYv0.9.1;END=17460308;PE=0;MAPQ=0;CT=3to5;CIPOS=-2,2;CIEND=-2,2;SRMAPQ=60;INSLEN=0;HOMLEN=2;SR=13;SRQ=1;CONSENSUS=CTTCGAAGTTGGAGCACTAACGCTCTCATCTTCAACTTCGAAATTCATGGCGGTCAGCGCCTTTTTGAATTGTTCTGTTTTCACAAAACCATTCGAGTGGCAGGGGATGTCAAAATTGCCACGAAATCACAACTGTCTTCATCTATCAGAGCCATTCTAGACGTACGTCGTCGAGATGTCTCAGTGGAAGACGTTTTTGGAGATT;CE=1.98777",GT:GL:GQ:FT:RCL:RC:RCR:RDCN:DR:DV:RR:RV,"1/1:-61.7982,-5.11575,0:51:PASS:404:19:688:0:0:0:0:17"
IV,17492404,INV00000538,T,<INV>,430,PASS,"IMPRECISE;SVTYPE=INV;SVMETHOD=EMBL.DELLYv0.9.1;END=17493099;PE=8;MAPQ=60;CT=3to3;CIPOS=-89,89;CIEND=-89,89",GT:GL:GQ:FT:RCL:RC:RCR:RDCN:DR:DV:RR:RV,"0/1:-38.7911,0,-26.489:10000:PASS:29:76:26:3:6:8:0:0"
V,226053,INV00000539,C,<INV>,108,PASS,"PRECISE;SVTYPE=INV;SVMETHOD=EMBL.DELLYv0.9.1;END=845496;PE=4;MAPQ=20;CT=5to5;CIPOS=-17,17;CIEND=-17,17;SRMAPQ=6;INSLEN=0;HOMLEN=17;SR=6;SRQ=0.987013;CONSENSUS=AATGCTTGTGGTAAGTGGATTGTGAAATTCTACAAAAGCTCCGCAAATCGCTCCTCCAGGAGCGCGGACGGGGCGCGACTAGATTACGGGTTGGCGCTCCAGTCACACGTTTTTTCGCGCTCCTTCCGCGCCACGTTGGCGCTCTGATCGCGTC;CE=1.9781",GT:GL:GQ:FT:RCL:RC:RCR:RDCN:DR:DV:RR:RV,"0/1:-24.3822,0,-24.015:10000:PASS:16867:52163:23634:3:9:2:8:10"
V,265048,DUP00000540,G,<DUP>,4170,PASS,"IMPRECISE;SVTYPE=DUP;SVMETHOD=EMBL.DELLYv0.9.1;END=265575;PE=146;MAPQ=27;CT=5to3;CIPOS=-50,50;CIEND=-50,50",GT:GL:GQ:FT:RCL:RC:RCR:RDCN:DR:DV:RR:RV,"0/1:-372.416,0,-669.975:10000:PASS:20:2541:1582:3:191:147:0:0"
V,415544,DEL00000546,G,<DEL>,226,PASS,"PRECISE;SVTYPE=DEL;SVMETHOD=EMBL.DELLYv0.9.1;END=20364765;PE=0;MAPQ=0;CT=3to5;CIPOS=-2,2;CIEND=-2,2;SRMAPQ=60;INSLEN=0;HOMLEN=2;SR=4;SRQ=0.972222;CONSENSUS=ATAAACAAATTTTATTTTTAGTTGGGGATGATGAAAAATGCAAAAATGTATTTTTAAACAGTTTTACCCCTATTCATGTGTGTAGAAAAATGTAAAAAAATCGCATGCATTTTTTGCATTTTTCGACATTTTTCTACATTCTT;CE=1.80965",GT:GL:GQ:FT:RCL:RC:RCR:RDCN:DR:DV:RR:RV,"0/1:-18.7822,0,-36.4827:10000:PASS:36313:1514994:42436:38:0:0:12:7"
V,686153,BND00000547,T,]II:2141116]T,328,PASS,"PRECISE;SVTYPE=BND;SVMETHOD=EMBL.DELLYv0.9.1;END=686154;CHR2=II;POS2=2141116;PE=4;MAPQ=26;CT=5to3;CIPOS=-13,13;CIEND=-13,13;SRMAPQ=60;INSLEN=0;HOMLEN=13;SR=5;SRQ=0.986755;CONSENSUS=GCGCGAGCACACATTCAAAAAACGAATACACATTCAAAAACGTTGTTCAAACTTTTTTCATGTAGCCAAAAACTATTAACAAGGAAAGTAAGTCAATCTAGTCCCGGACTTTAAATCGAGACGTATGTCATTTGAAAATTTATGTTTAGAC;CE=1.90802",GT:GL:GQ:FT:RCL:RC:RCR:RDCN:DR:DV:RR:RV,"0/1:-22.0816,0,-30.1865:10000:PASS:9891:21749:11858:2:10:5:10:9"
V,871910,DEL00000548,A,<DEL>,180,PASS,"IMPRECISE;SVTYPE=DEL;SVMETHOD=EMBL.DELLYv0.9.1;END=872319;PE=3;MAPQ=60;CT=3to5;CIPOS=-86,86;CIEND=-86,86",GT:GL:GQ:FT:RCL:RC:RCR:RDCN:DR:DV:RR:RV,"0/1:-11.9794,0,-95.9794:120:PASS:5304:6703:4774:1:17:3:0:0"
V,1105185,BND00000552,T,T[I:856[,133,PASS,"IMPRECISE;SVTYPE=BND;SVMETHOD=EMBL.DELLYv0.9.1;END=1105186;CHR2=I;POS2=856;PE=5;MAPQ=27;CT=3to5;CIPOS=-581,581;CIEND=-581,581",GT:GL:GQ:FT:RCL:RC:RCR:RDCN:DR:DV:RR:RV,"0/1:-14.766,0,-81.2208:148:PASS:199907:209640:9733:2:15:18:0:0"
V,1712547,DUP00000556,G,<DUP>,274,PASS,"IMPRECISE;SVTYPE=DUP;SVMETHOD=EMBL.DELLYv0.9.1;END=1714665;PE=6;MAPQ=54;CT=5to3;CIPOS=-198,198;CIEND=-198,198",GT:GL:GQ:FT:RCL:RC:RCR:RDCN:DR:DV:RR:RV,"0/1:-21.3804,0,-65.7806:10000:PASS:87:317:71:4:14:6:0:0"
V,1712835,DEL00000558,T,<DEL>,294,PASS,"IMPRECISE;SVTYPE=DEL;SVMETHOD=EMBL.DELLYv0.9.1;END=1713781;PE=7;MAPQ=39;CT=3to5;CIPOS=-50,50;CIEND=-50,50",GT:GL:GQ:FT:RCL:RC:RCR:RDCN:DR:DV:RR:RV,"0/1:-19.5482,0,-92.6681:10000:PASS:61:54:158:0:26:7:0:0"
V,1714143,DEL00000561,T,<DEL>,174,PASS,"IMPRECISE;SVTYPE=DEL;SVMETHOD=EMBL.DELLYv0.9.1;END=1714632;PE=7;MAPQ=30;CT=3to5;CIPOS=-50,50;CIEND=-50,50",GT:GL:GQ:FT:RCL:RC:RCR:RDCN:DR:DV:RR:RV,"0/1:-8.27068,0,-101.422:83:PASS:25385:16698:5221:1:23:6:0:0"
V,1714441,DEL00000562,C,<DEL>,83,PASS,"PRECISE;SVTYPE=DEL;SVMETHOD=EMBL.DELLYv0.9.1;END=1714477;PE=0;MAPQ=0;CT=3to5;CIPOS=-9,9;CIEND=-9,9;SRMAPQ=40;INSLEN=0;HOMLEN=13;SR=3;SRQ=1;CONSENSUS=TGATTTTCGGTAAATTGCCGATTTGCCGGAAGTTTTGATTTTCGGTTAACTACCGATTTGCCGGAAATTTGATTTTCGGTAAATTGCCGATTTGCCGCAAATATGATTTTCGGCGAATTCCCGATTTGCCGATTTGCCG;CE=1.94257",GT:GL:GQ:FT:RCL:RC:RCR:RDCN:DR:DV:RR:RV,"0/1:-6.08999,0,-31.2861:61:PASS:374:638:454:2:0:0:11:3"
V,1764558,INV00000563,A,<INV>,193,PASS,"PRECISE;SVTYPE=INV;SVMETHOD=EMBL.DELLYv0.9.1;END=3778078;PE=3;MAPQ=5;CT=5to5;CIPOS=-12,12;CIEND=-12,12;SRMAPQ=60;INSLEN=0;HOMLEN=13;SR=3;SRQ=0.954248;CONSENSUS=AACTTTGTATTGAGATTATTTGTACTTGTGTAGTATTACAGGAAAACAATATTAGAAGAATGCGTATTGTGCAACATATTTGACGCGCAAAATATCTCGTAGCGATAACTACAGTAATTCTTTAAATGATTACTGTATCGGTTTCCGG;CE=1.90171",GT:GL:GQ:FT:RCL:RC:RCR:RDCN:DR:DV:RR:RV,"0/1:-18.2821,0,-36.5817:10000:PASS:77174:133056:76690:2:9:2:12:7"
V,1772204,BND00000565,G,[I:2295502[G,257,PASS,"PRECISE;SVTYPE=BND;SVMETHOD=EMBL.DELLYv0.9.1;END=1772205;CHR2=I;POS2=2295502;PE=0;MAPQ=0;CT=5to5;CIPOS=-29,29;CIEND=-29,29;SRMAPQ=60;INSLEN=0;HOMLEN=29;SR=5;SRQ=0.986301;CONSENSUS=TCTTCAAGAAGTTTCATGATGACATTCGGTGTTTTCAGACAATTTCGACTACACACGCTCCCCTCAAAGCCGAATAATTATTAGAGCGCGCTTCGCATTTCTGCATCCGTGGTATTTTGACTTTCCACTGAAAAAAGCAGATTTT;CE=1.96428",GT:GL:GQ:FT:RCL:RC:RCR:RDCN:DR:DV:RR:RV,"0/1:-38.8812,0,-15.5907:157:PASS:10801:20644:9843:2:0:0:6:13"
V,2646673,BND00000566,T,[III:12716834[T,300,PASS,"PRECISE;SVTYPE=BND;SVMETHOD=EMBL.DELLYv0.9.1;END=2646674;CHR2=III;POS2=12716834;PE=0;MAPQ=0;CT=5to5;CIPOS=-17,17;CIEND=-17,17;SRMAPQ=60;INSLEN=0;HOMLEN=18;SR=5;SRQ=0.953642;CONSENSUS=AACTCGATTTAGGTACATTAAAGACCGATGGATTACCAGAAATAACCAAATTTTACAAAATCTGGATCGACCTTAACGGTGGAGATCAGGAAAATGAGGATTTTACTTTAAAATGCTCACACTAGTCCCAAATGTTGAAATATTACAGAAG;CE=1.91104",GT:GL:GQ:FT:RCL:RC:RCR:RDCN:DR:DV:RR:RV,"0/1:-39.0774,0,-28.9782:10000:PASS:12338:22753:10415:2:0:0:10:13"
V,2700976,BND00000567,G,G]I:11630096],182,PASS,"IMPRECISE;SVTYPE=BND;SVMETHOD=EMBL.DELLYv0.9.1;END=2700977;CHR2=I;POS2=11630096;PE=6;MAPQ=34;CT=3to3;CIPOS=-592,592;CIEND=-592,592",GT:GL:GQ:FT:RCL:RC:RCR:RDCN:DR:DV:RR:RV,"0/1:-11.5773,0,-89.3829:116:PASS:12642:22643:10001:2:16:6:0:0"
V,3098866,DUP00000568,T,<DUP>,390,PASS,"IMPRECISE;SVTYPE=DUP;SVMETHOD=EMBL.DELLYv0.9.1;END=3099243;PE=15;MAPQ=21;CT=5to3;CIPOS=-166,166;CIEND=-166,166",GT:GL:GQ:FT:RCL:RC:RCR:RDCN:DR:DV:RR:RV,"0/1:-26.4076,0,-111.061:10000:PASS:4058:61557:14355:7:27:15:0:0"
V,3538528,DEL00000570,C,<DEL>,840,PASS,"PRECISE;SVTYPE=DEL;SVMETHOD=EMBL.DELLYv0.9.1;END=3538633;PE=0;MAPQ=0;CT=3to5;CIPOS=-4,4;CIEND=-4,4;SRMAPQ=60;INSLEN=0;HOMLEN=3;SR=14;SRQ=1;CONSENSUS=TTCTGCCTTCTCATCGCATTGATTGTATCTATTTTGTATATAATTTAGACATAGAGTGCATTTTTCTAAACGAATCTCACAAAGTGCAATGTTTTTAATTATTTTTCTTGGCCTTGTTTAGGAGTATGTCATTTTCACAAACAACATAAAAACATGTTAAAAACAAAAAATGTCGGAGATAAATATTTTAAATTTT;CE=1.83068",GT:GL:GQ:FT:RCL:RC:RCR:RDCN:DR:DV:RR:RV,"1/1:-75.8977,-6.31932,0:63:PASS:675:23:1038:0:0:0:0:21"
V,4248555,BND00000572,T,[I:14340151[T,702,PASS,"PRECISE;SVTYPE=BND;SVMETHOD=EMBL.DELLYv0.9.1;END=4248556;CHR2=I;POS2=14340151;PE=0;MAPQ=0;CT=5to5;CIPOS=-2,2;CIEND=-2,2;SRMAPQ=60;INSLEN=0;HOMLEN=2;SR=15;SRQ=0.970443;CONSENSUS=TAGATCAAAGCAGCAGGTAATCTAAATCTTTTTGTCAAAAAAAAACATTTTGGTGGTTCACCGTTTTATCTATTTGGCAGTAGGACTGTGCAACCGGACGTCCGGTTTGGGATAACTTTCCACGGCGGCCGACAATCTCCGAGTTTCGCCACTCACTATAAAATTGCTGGTTAAGTATAGTGAGTGGCGAAACTCGAAAATTG;CE=1.98159",GT:GL:GQ:FT:RCL:RC:RCR:RDCN:DR:DV:RR:RV,"0/1:-62.8735,0,-3.20537:32:PASS:10946:21783:10837:2:0:0:3:23"
V,4335568,DUP00000573,C,<DUP>,98,PASS,"IMPRECISE;SVTYPE=DUP;SVMETHOD=EMBL.DELLYv0.9.1;END=4336043;PE=3;MAPQ=31;CT=5to3;CIPOS=-71,71;CIEND=-71,71",GT:GL:GQ:FT:RCL:RC:RCR:RDCN:DR:DV:RR:RV,"0/1:-4.81241,0,-38.5837:48:PASS:1822:25181:9227:5:14:3:0:0"
V,4405080,DUP00000574,C,<DUP>,660,PASS,"PRECISE;SVTYPE=DUP;SVMETHOD=EMBL.DELLYv0.9.1;END=4417827;PE=6;MAPQ=60;CT=5to3;CIPOS=-3,3;CIEND=-3,3;SRMAPQ=60;INSLEN=0;HOMLEN=3;SR=5;SRQ=1;CONSENSUS=TCGCATTAAGCCGATAAATGTTGTTGAGAGAACAAAAAATGGCGACAATCCTAAATTTTCACTGCTTCTTCAGATTAAAATTGAAATTCTGAAACTATTAAAAAATGTGCAAAACCACAATTTGCCGAACTTTTTCGGGCAAATCGGCAAT;CE=1.91241",GT:GL:GQ:FT:RCL:RC:RCR:RDCN:DR:DV:RR:RV,"0/1:-32.7664,0,-72.8653:10000:PASS:476:2015:517:4:20:6:23:12"
V,5284122,DEL00000581,A,<DEL>,100,PASS,"PRECISE;SVTYPE=DEL;SVMETHOD=EMBL.DELLYv0.9.1;END=5284173;PE=0;MAPQ=0;CT=3to5;CIPOS=-37,37;CIEND=-37,37;SRMAPQ=21;INSLEN=0;HOMLEN=39;SR=6;SRQ=0.981132;CONSENSUS=ACTTTATTTGGTAAACGGCCAGAGTCACTAATTTTGGTGAACGGTCAGAGTCACTAATTTTGGTGAACGGTCAGAGTCACTATATTTGGTAAACGGCCAGAGTCACTACATTTGGTGAACGGCCAGAGTCACTAATTTTGGTGAACGGTCAGAGTCA;CE=1.97722",GT:GL:GQ:FT:RCL:RC:RCR:RDCN:DR:DV:RR:RV,"0/1:-247.156,0,-310.935:10000:PASS:32234:76346:35863:2:0:0:137:113"
V,6081822,DEL00000587,G,<DEL>,766,PASS,"PRECISE;SVTYPE=DEL;SVMETHOD=EMBL.DELLYv0.9.1;END=6094837;PE=5;MAPQ=32;CT=3to5;CIPOS=-3,3;CIEND=-3,3;SRMAPQ=38;INSLEN=0;HOMLEN=2;SR=14;SRQ=1;CONSENSUS=TTTGAAGAGATTTATGAATTTTCAAAGTTTGGAAAATCCATCTATGTTTGCCTATTAATGGTAGTTTTCATTAAATAATAAAATACGCACTAAAAGGTAGTGCTGAAGAAAAGTGTGACGTTAGCACACTCTTCACTATGCGAAATCAATTTAGAAGACTGCGTCTAAATTCCCGCAATTTTCGAAGATCAAACCGAGATGGGAC;CE=1.92229",GT:GL:GQ:FT:RCL:RC:RCR:RDCN:DR:DV:RR:RV,"1/1:-67.9959,-6.01654,0:60:PASS:293:535:479:1:0:5:0:20"
V,6179284,DUP00000601,G,<DUP>,109,PASS,"IMPRECISE;SVTYPE=DUP;SVMETHOD=EMBL.DELLYv0.9.1;END=6179589;PE=3;MAPQ=35;CT=5to3;CIPOS=-261,261;CIEND=-261,261",GT:GL:GQ:FT:RCL:RC:RCR:RDCN:DR:DV:RR:RV,"0/1:-4.85575,0,-42.5787:49:PASS:2604:21945:1170:12:18:3:0:0"
V,7719355,DUP00000608,T,<DUP>,116,PASS,"IMPRECISE;SVTYPE=DUP;SVMETHOD=EMBL.DELLYv0.9.1;END=7719618;PE=3;MAPQ=40;CT=5to3;CIPOS=-283,283;CIEND=-283,283",GT:GL:GQ:FT:RCL:RC:RCR:RDCN:DR:DV:RR:RV,"0/1:-4.04121,0,-86.0802:40:PASS:2974:13625:5410:3:23:3:0:0"
V,7719363,DUP00000609,A,<DUP>,86,PASS,"IMPRECISE;SVTYPE=DUP;SVMETHOD=EMBL.DELLYv0.9.1;END=7720213;PE=3;MAPQ=34;CT=5to3;CIPOS=-202,202;CIEND=-202,202",GT:GL:GQ:FT:RCL:RC:RCR:RDCN:DR:DV:RR:RV,"0/1:-2.57952,0,-87.6907:26:PASS:24:143:39:5:17:3:0:0"
V,7917514,DUP00000613,A,<DUP>,248,PASS,"IMPRECISE;SVTYPE=DUP;SVMETHOD=EMBL.DELLYv0.9.1;END=7918016;PE=9;MAPQ=27;CT=5to3;CIPOS=-50,50;CIEND=-50,50",GT:GL:GQ:FT:RCL:RC:RCR:RDCN:DR:DV:RR:RV,"0/1:-8.85046,0,-131.923:89:PASS:29:344:31:11:46:9:0:0"
V,7920970,DUP00000620,T,<DUP>,66,PASS,"IMPRECISE;SVTYPE=DUP;SVMETHOD=EMBL.DELLYv0.9.1;END=7924490;PE=3;MAPQ=22;CT=5to3;CIPOS=-213,213;CIEND=-213,213",GT:GL:GQ:FT:RCL:RC:RCR:RDCN:DR:DV:RR:RV,"0/0:0,-10.1274,-177.976:101:PASS:687:1427:222:3:55:3:0:0"
V,7922432,DUP00000623,T,<DUP>,221,PASS,"IMPRECISE;SVTYPE=DUP;SVMETHOD=EMBL.DELLYv0.9.1;END=7922896;PE=9;MAPQ=24;CT=5to3;CIPOS=-92,92;CIEND=-92,92",GT:GL:GQ:FT:RCL:RC:RCR:RDCN:DR:DV:RR:RV,"0/1:-8.24757,0,-129.759:82:PASS:19045:115531:10712:8:51:10:0:0"
V,7922528,DUP00000624,T,<DUP>,312,PASS,"IMPRECISE;SVTYPE=DUP;SVMETHOD=EMBL.DELLYv0.9.1;END=7923777;PE=15;MAPQ=21;CT=5to3;CIPOS=-50,50;CIEND=-50,50",GT:GL:GQ:FT:RCL:RC:RCR:RDCN:DR:DV:RR:RV,"0/1:-5.04317,0,-222.629:50:PASS:200:735:179:4:73:15:0:0"
V,7923272,DUP00000627,T,<DUP>,301,PASS,"IMPRECISE;SVTYPE=DUP;SVMETHOD=EMBL.DELLYv0.9.1;END=7923793;PE=9;MAPQ=40;CT=5to3;CIPOS=-50,50;CIEND=-50,50",GT:GL:GQ:FT:RCL:RC:RCR:RDCN:DR:DV:RR:RV,"0/1:-8.51485,0,-208.624:85:PASS:5:354:66:10:71:9:0:0"
V,7923652,DEL00000628,T,<DEL>,108,PASS,"IMPRECISE;SVTYPE=DEL;SVMETHOD=EMBL.DELLYv0.9.1;END=7924282;PE=4;MAPQ=32;CT=3to5;CIPOS=-126,126;CIEND=-126,126",GT:GL:GQ:FT:RCL:RC:RCR:RDCN:DR:DV:RR:RV,"0/0:0,-20.3971,-332.994:10000:PASS:218:260:79:2:102:4:0:0"
V,7989232,DUP00000630,A,<DUP>,383,PASS,"IMPRECISE;SVTYPE=DUP;SVMETHOD=EMBL.DELLYv0.9.1;END=7989758;PE=17;MAPQ=27;CT=5to3;CIPOS=-50,50;CIEND=-50,50",GT:GL:GQ:FT:RCL:RC:RCR:RDCN:DR:DV:RR:RV,"0/1:-45.2551,0,-127.235:10000:PASS:65:523:45:10:48:21:0:0"
V,8699783,DUP00000634,A,<DUP>,195,PASS,"IMPRECISE;SVTYPE=DUP;SVMETHOD=EMBL.DELLYv0.9.1;END=8700262;PE=10;MAPQ=21;CT=5to3;CIPOS=-65,65;CIEND=-65,65",GT:GL:GQ:FT:RCL:RC:RCR:RDCN:DR:DV:RR:RV,"0/0:0,-0.100495,-207.93:4:LowQual:19600:53835:13926:3:60:10:0:0"
V,8714011,DUP00000636,C,<DUP>,227,PASS,"IMPRECISE;SVTYPE=DUP;SVMETHOD=EMBL.DELLYv0.9.1;END=8714477;PE=6;MAPQ=40;CT=5to3;CIPOS=-99,99;CIEND=-99,99",GT:GL:GQ:FT:RCL:RC:RCR:RDCN:DR:DV:RR:RV,"0/1:-16.7369,0,-100.167:10000:PASS:5899:33498:21099:2:26:7:0:0"
V,9439884,DEL00000643,C,<DEL>,190,PASS,"PRECISE;SVTYPE=DEL;SVMETHOD=EMBL.DELLYv0.9.1;END=9440077;PE=0;MAPQ=0;CT=3to5;CIPOS=-2,2;CIEND=-2,2;SRMAPQ=31;INSLEN=0;HOMLEN=1;SR=6;SRQ=1;CONSENSUS=CCTACCGTACTCCTACAGTACTCCTACAGCACTACTACAGTACCCCGACCATATCCCACTAATAACTCCAAACCTATATCTCTTCAAAAGGCAAAAACTCGTTTTGTGATAACAATACCATAACTACTGTATGCTGTGTGCAGAGACTATGCTGCAACA;CE=1.9161",GT:GL:GQ:FT:RCL:RC:RCR:RDCN:DR:DV:RR:RV,"1/1:-61.8717,-5.69124,0:57:PASS:1498:14:2052:0:0:0:0:19"
V,10866852,BND00000652,C,C]I:238640],228,PASS,"IMPRECISE;SVTYPE=BND;SVMETHOD=EMBL.DELLYv0.9.1;END=10866853;CHR2=I;POS2=238640;PE=5;MAPQ=46;CT=3to3;CIPOS=-388,388;CIEND=-388,388",GT:GL:GQ:FT:RCL:RC:RCR:RDCN:DR:DV:RR:RV,"0/1:-15.5789,0,-93.5756:157:PASS:18054:28388:10334:2:19:5:0:0"
V,12509960,DUP00000653,A,<DUP>,1200,PASS,"PRECISE;SVTYPE=DUP;SVMETHOD=EMBL.DELLYv0.9.1;END=12510658;PE=0;MAPQ=0;CT=5to3;CIPOS=-3,3;CIEND=-3,3;SRMAPQ=60;INSLEN=0;HOMLEN=2;SR=20;SRQ=0.982833;CONSENSUS=TATACGCTATACGCTATACGCTATACGCTATGCACTATACGCTACAAGGTAGAAGTTTTTTTGATAATTCATGTTTTTGATTCTCTTCTTGGTTAAAACAATTACAAAGCATTCAAGAGTATTGTTAATAGAGGCTAGTCTAGGTAGTCTAGGTAGTCTAGAAAGTCTAGGTAGTCTAGGTAGTCTAGGTAGTCTAGGTAGTCTAGGTATTCTAGGTAGTCTAGGTAGTAG;CE=1.92586",GT:GL:GQ:FT:RCL:RC:RCR:RDCN:DR:DV:RR:RV,"0/1:-117.044,0,-49.9468:10000:PASS:25:376:30:14:0:0:19:38"
V,12509965,DUP00000654,T,<DUP>,425,PASS,"IMPRECISE;SVTYPE=DUP;SVMETHOD=EMBL.DELLYv0.9.1;END=12510471;PE=16;MAPQ=21;CT=5to3;CIPOS=-50,50;CIEND=-50,50",GT:GL:GQ:FT:RCL:RC:RCR:RDCN:DR:DV:RR:RV,"0/1:-41.8578,0,-123.707:10000:PASS:22:330:49:9:23:18:0:0"
V,13362656,DUP00000655,A,<DUP>,960,PASS,"PRECISE;SVTYPE=DUP;SVMETHOD=EMBL.DELLYv0.9.1;END=13367099;PE=6;MAPQ=60;CT=5to3;CIPOS=-4,4;CIEND=-4,4;SRMAPQ=60;INSLEN=0;HOMLEN=5;SR=10;SRQ=1;CONSENSUS=AATACAAAAAAGATAACCTTTTTTGTCTTAAAATCCACATTTTTCTCAGAATCATTGTGAAAATTTATTGGTAGACTCGTGGTTCTGACGAGCATAAATATTGATCTGGCTCCCTTTATATCAATGCATTGCTCATGGGCTCATTAAGATGGGTGCTGAATATCTTTTTCGGATTAGCTGATTTGAAATTTGCAAAA;CE=1.91037",GT:GL:GQ:FT:RCL:RC:RCR:RDCN:DR:DV:RR:RV,"0/1:-33.3701,0,-60.1684:10000:PASS:164:667:199:4:20:6:20:12"
V,13645829,DUP00000659,G,<DUP>,252,PASS,"IMPRECISE;SVTYPE=DUP;SVMETHOD=EMBL.DELLYv0.9.1;END=13646528;PE=7;MAPQ=42;CT=5to3;CIPOS=-62,62;CIEND=-62,62",GT:GL:GQ:FT:RCL:RC:RCR:RDCN:DR:DV:RR:RV,"0/1:-32.2763,0,-66.7085:10000:PASS:5:128:33:7:14:10:0:0"
V,13646107,DEL00000660,A,<DEL>,180,PASS,"PRECISE;SVTYPE=DEL;SVMETHOD=EMBL.DELLYv0.9.1;END=13646149;PE=0;MAPQ=0;CT=3to5;CIPOS=-31,31;CIEND=-31,31;SRMAPQ=60;INSLEN=0;HOMLEN=34;SR=3;SRQ=0.992366;CONSENSUS=TTAGATTGAAAATAAACACGCGACGCGCACGCGGGCGCGGGCGCGGGCACGAGCACGAGCGCAAATGCCGGCGCGGGCTTGCTCGAGCGCTTGCAGCGGAGAACTTTTTTCGCGTCGAAATTTTCCAGCAG;CE=1.95463",GT:GL:GQ:FT:RCL:RC:RCR:RDCN:DR:DV:RR:RV,"0/1:-63.2599,0,-61.559:10000:PASS:916:1626:1102:2:0:0:21:21"
V,14585387,INV00000664,T,<INV>,50,PASS,"IMPRECISE;SVTYPE=INV;SVMETHOD=EMBL.DELLYv0.9.1;END=14587147;PE=3;MAPQ=22;CT=5to5;CIPOS=-244,244;CIEND=-244,244",GT:GL:GQ:FT:RCL:RC:RCR:RDCN:DR:DV:RR:RV,"0/0:0,-0.092003,-45.3786:4:LowQual:72:209:38:4:15:2:0:0"
V,14588576,DUP00000667,A,<DUP>,77,PASS,"IMPRECISE;SVTYPE=DUP;SVMETHOD=EMBL.DELLYv0.9.1;END=14589016;PE=4;MAPQ=24;CT=5to3;CIPOS=-102,102;CIEND=-102,102",GT:GL:GQ:FT:RCL:RC:RCR:RDCN:DR:DV:RR:RV,"0/1:-0.0905906,0,-64.9973:4:LowQual:2322:21851:3604:7:22:4:0:0"
V,14766647,DUP00000669,T,<DUP>,534,PASS,"IMPRECISE;SVTYPE=DUP;SVMETHOD=EMBL.DELLYv0.9.1;END=14767468;PE=11;MAPQ=60;CT=5to3;CIPOS=-153,153;CIEND=-153,153",GT:GL:GQ:FT:RCL:RC:RCR:RDCN:DR:DV:RR:RV,"0/1:-70.2606,0,-66.5267:10000:PASS:27:191:110:3:21:19:0:0"
V,14768690,DEL00000671,A,<DEL>,77,PASS,"IMPRECISE;SVTYPE=DEL;SVMETHOD=EMBL.DELLYv0.9.1;END=14769317;PE=3;MAPQ=24;CT=3to5;CIPOS=-278,278;CIEND=-278,278",GT:GL:GQ:FT:RCL:RC:RCR:RDCN:DR:DV:RR:RV,"0/0:0,-1.59752,-55.6669:16:PASS:231:163:81:1:32:3:0:0"
V,15426625,DUP00000673,A,<DUP>,1860,PASS,"PRECISE;SVTYPE=DUP;SVMETHOD=EMBL.DELLYv0.9.1;END=15435577;PE=13;MAPQ=60;CT=5to3;CIPOS=-6,6;CIEND=-6,6;SRMAPQ=60;INSLEN=0;HOMLEN=5;SR=18;SRQ=1;CONSENSUS=GGTAATAACTAAGTTTTTCCCACTTTTGATGAAACTAACACTGTCAAATGATCGAACTTCTAGGATGTTTAAATATTAATGTTTGAAACATAAGTAGACCATAAAAATTCTCTGGTGAAGCAAAAAATAACGGACAAGTGCGACAATGTTGCTTGTGGAATAAAAAATATTGCGATCTCTGCATGAAGGGAAAGCTTTCAACACTCGTG;CE=1.91574",GT:GL:GQ:FT:RCL:RC:RCR:RDCN:DR:DV:RR:RV,"0/1:-96.6538,0,-42.5554:10000:PASS:349:1862:366:5:17:15:16:31"
V,17040192,BND00000682,G,G]III:11114438],280,PASS,"IMPRECISE;SVTYPE=BND;SVMETHOD=EMBL.DELLYv0.9.1;END=17040193;CHR2=III;POS2=11114438;PE=8;MAPQ=28;CT=3to3;CIPOS=-535,535;CIEND=-535,535",GT:GL:GQ:FT:RCL:RC:RCR:RDCN:DR:DV:RR:RV,"0/1:-23.4825,0,-41.0139:10000:PASS:9443:16930:7487:2:8:9:0:0"
V,17880261,DUP00000698,T,<DUP>,297,PASS,"IMPRECISE;SVTYPE=DUP;SVMETHOD=EMBL.DELLYv0.9.1;END=17881897;PE=6;MAPQ=60;CT=5to3;CIPOS=-157,157;CIEND=-157,157",GT:GL:GQ:FT:RCL:RC:RCR:RDCN:DR:DV:RR:RV,"0/1:-26.4784,0,-70.3585:10000:PASS:66:128:73:2:13:8:0:0"
V,18175000,DUP00000700,G,<DUP>,86,PASS,"IMPRECISE;SVTYPE=DUP;SVMETHOD=EMBL.DELLYv0.9.1;END=18176104;PE=4;MAPQ=22;CT=5to3;CIPOS=-241,241;CIEND=-241,241",GT:GL:GQ:FT:RCL:RC:RCR:RDCN:DR:DV:RR:RV,"0/1:-1.86138,0,-83.7891:19:PASS:47:140:64:3:19:4:0:0"
V,18680468,DEL00000705,A,<DEL>,104,PASS,"IMPRECISE;SVTYPE=DEL;SVMETHOD=EMBL.DELLYv0.9.1;END=18681261;PE=4;MAPQ=22;CT=3to5;CIPOS=-190,190;CIEND=-190,190",GT:GL:GQ:FT:RCL:RC:RCR:RDCN:DR:DV:RR:RV,"0/1:-4.68088,0,-64.1954:47:PASS:26:35:42:1:15:4:0:0"
V,18858379,INV00000708,C,<INV>,180,PASS,"PRECISE;SVTYPE=INV;SVMETHOD=EMBL.DELLYv0.9.1;END=18858818;PE=0;MAPQ=0;CT=5to5;CIPOS=-7,7;CIEND=-7,7;SRMAPQ=60;INSLEN=0;HOMLEN=10;SR=3;SRQ=0.978723;CONSENSUS=TGACTGGGTTCTGAGAAATTTGAGTTTCCGGGCCGAAATAGGCCGATTTCGGCCTGAAATTTCAAATTTTCAGAACCCAGTCAATATGGGTGTCAAAATTTCGCAAATTTCATGGAGAATGCGAATTTTGATGGGAAAAAT;CE=1.95595",GT:GL:GQ:FT:RCL:RC:RCR:RDCN:DR:DV:RR:RV,"0/1:-23.5828,0,-30.1823:10000:PASS:4051:9267:4915:2:0:0:10:8"
V,19366497,DEL00000714,T,<DEL>,265,PASS,"PRECISE;SVTYPE=DEL;SVMETHOD=EMBL.DELLYv0.9.1;END=19366527;PE=0;MAPQ=0;CT=3to5;CIPOS=-7,7;CIEND=-7,7;SRMAPQ=60;INSLEN=0;HOMLEN=8;SR=5;SRQ=0.986928;CONSENSUS=AAATTCAATTTTCTAGCTTCAAAAATATATGAAAAATTCCAAATTCCGGCAAAAAAATATACAAAAAATTCAAATTTCCCGTTAAAAAATATACGAAAAATTCTAAATTTCCAACGTAAAAATATAGGAAAAATTCAAATTTCCCGCTAAA;CE=1.69604",GT:GL:GQ:FT:RCL:RC:RCR:RDCN:DR:DV:RR:RV,"0/1:-66.5413,0,-115.239:10000:PASS:922:1680:864:2:0:0:38:24"
V,19628302,DUP00000715,T,<DUP>,1020,PASS,"PRECISE;SVTYPE=DUP;SVMETHOD=EMBL.DELLYv0.9.1;END=19638841;PE=7;MAPQ=60;CT=5to3;CIPOS=-8,8;CIEND=-8,8;SRMAPQ=60;INSLEN=0;HOMLEN=7;SR=10;SRQ=1;CONSENSUS=GAAGTTTTTGGGTGAAAACTTTTGAATTTTCAGGGAAAATTCGGAGATTTTTAGGAAATGTGTCAAAATAAAAATTTTTCAGTGAAAATTCACACAAAAATTTATGAAACTTGAAAAAAAATCTTGAAATTTTAGAAAAAACAATTCAAAAATTAAAAAATTCGGGCCAAATCTTGGCCCAAACTT;CE=1.80235",GT:GL:GQ:FT:RCL:RC:RCR:RDCN:DR:DV:RR:RV,"0/1:-34.3734,0,-47.9726:10000:PASS:355:1432:348:4:14:7:16:12"
V,19800133,DUP00000716,T,<DUP>,240,PASS,"PRECISE;SVTYPE=DUP;SVMETHOD=EMBL.DELLYv0.9.1;END=19800355;PE=0;MAPQ=0;CT=5to3;CIPOS=-9,9;CIEND=-9,9;SRMAPQ=60;INSLEN=0;HOMLEN=8;SR=4;SRQ=1;CONSENSUS=CAGAAAGTTTGAATTTCTTCAAAAAATTTGAATTCCTGCCAAAAAAATTTTCTTCAAAAATTTTAATTTCCAGCCAAAATTTTTTTTTCGAAAATTTAAATTTCCCGCTAAAATATTTTTCTCAAAAATTT;CE=1.71883",GT:GL:GQ:FT:RCL:RC:RCR:RDCN:DR:DV:RR:RV,"0/1:-17.4789,0,-47.7786:10000:PASS:2718:5560:2793:2:0:0:15:7"
V,19820219,DEL00000717,T,<DEL>,561,PASS,"PRECISE;SVTYPE=DEL;SVMETHOD=EMBL.DELLYv0.9.1;END=19820307;PE=0;MAPQ=0;CT=3to5;CIPOS=-9,9;CIEND=-9,9;SRMAPQ=60;INSLEN=0;HOMLEN=9;SR=10;SRQ=0.961749;CONSENSUS=TTAGGCTTAGGCTCAGGCTTAGGCTCAGGCTTAGTCTTTGGCTTAGTCTAAGGCTTATATTCATGCATAGGCATTGGCTTAGGCTTAGGCTTACGCTCAATCTCAGGCTTAAGCTTAGGCTTACGCGCAATCTCAGGTTTAGGCTTAGGCTTACGCTCAATCTCAGGCTTAGGCCTAGGATTA;CE=1.97768",GT:GL:GQ:FT:RCL:RC:RCR:RDCN:DR:DV:RR:RV,"0/1:-36.484,0,-9.4884:95:PASS:956:1585:1845:1:0:0:4:12"
V,19856442,DUP00000718,A,<DUP>,153,PASS,"IMPRECISE;SVTYPE=DUP;SVMETHOD=EMBL.DELLYv0.9.1;END=19877747;PE=3;MAPQ=49;CT=5to3;CIPOS=-197,197;CIEND=-197,197",GT:GL:GQ:FT:RCL:RC:RCR:RDCN:DR:DV:RR:RV,"0/1:-12.2897,0,-38.9897:123:PASS:653:1508:745:2:7:3:0:0"
V,19856611,DEL00000719,C,<DEL>,102,PASS,"IMPRECISE;SVTYPE=DEL;SVMETHOD=EMBL.DELLYv0.9.1;END=19877748;PE=5;MAPQ=25;CT=3to5;CIPOS=-102,102;CIEND=-102,102",GT:GL:GQ:FT:RCL:RC:RCR:RDCN:DR:DV:RR:RV,"0/1:-5.98558,0,-49.8398:60:PASS:640:1499:739:2:9:5:0:0"
V,20398648,DUP00000720,A,<DUP>,180,PASS,"IMPRECISE;SVTYPE=DUP;SVMETHOD=EMBL.DELLYv0.9.1;END=20398902;PE=5;MAPQ=43;CT=5to3;CIPOS=-318,318;CIEND=-318,318",GT:GL:GQ:FT:RCL:RC:RCR:RDCN:DR:DV:RR:RV,"0/1:-14.3876,0,-38.424:144:PASS:1881:10766:2122:5:7:5:0:0"
X,5284,DUP00000723,T,<DUP>,455,PASS,"IMPRECISE;SVTYPE=DUP;SVMETHOD=EMBL.DELLYv0.9.1;END=21578;PE=9;MAPQ=48;CT=5to3;CIPOS=-164,164;CIEND=-164,164",GT:GL:GQ:FT:RCL:RC:RCR:RDCN:DR:DV:RR:RV,"0/1:-40.6653,0,-103.263:10000:PASS:44:1374:474:5:26:10:0:0"
X,110390,DUP00000731,A,<DUP>,48,PASS,"IMPRECISE;SVTYPE=DUP;SVMETHOD=EMBL.DELLYv0.9.1;END=112373;PE=4;MAPQ=21;CT=5to3;CIPOS=-50,50;CIEND=-50,50",GT:GL:GQ:FT:RCL:RC:RCR:RDCN:DR:DV:RR:RV,"0/0:0,-13.8058,-150.508:138:PASS:663:1210:354:2:65:3:0:0"
X,216891,INV00000738,T,<INV>,418,PASS,"PRECISE;SVTYPE=INV;SVMETHOD=EMBL.DELLYv0.9.1;END=256071;PE=7;MAPQ=39;CT=3to3;CIPOS=-6,6;CIEND=-6,6;SRMAPQ=37;INSLEN=0;HOMLEN=5;SR=6;SRQ=1;CONSENSUS=CAATTTCTCAGTCGAAAAATCTAATTTTTTCAAATTTTTACTACCAAAAATCTAATTTCTCACAAATTTTCTCAATTTTAAAGCTAAAAATCATCGGAATTTTGTTGATCTCTGTCAAAATCACGATTTTTTCACTGTTTTATTCAATTTTTAGGA;CE=1.76884",GT:GL:GQ:FT:RCL:RC:RCR:RDCN:DR:DV:RR:RV,"1/1:-29.372,-2.88337,0:29:PASS:1344:1514:1203:1:0:7:0:11"
X,466242,BND00000745,A,A]V:9554054],642,PASS,"PRECISE;SVTYPE=BND;SVMETHOD=EMBL.DELLYv0.9.1;END=466243;CHR2=V;POS2=9554054;PE=4;MAPQ=33;CT=3to3;CIPOS=-37,37;CIEND=-37,37;SRMAPQ=60;INSLEN=0;HOMLEN=39;SR=11;SRQ=0.994152;CONSENSUS=CTTTTTGCCACCTTTCTACCACCTTTTTGCCGCCTAGTTATCGCCATTTTTCGCCTTTCGGCAAAAAGGTGGGAGAAAGTAGGCACGAAATGCCGAGAATTTAAATATATTAATGACTGACCCGATTTCCATTTGTTCTGCCACGACCAATTGCTGGCACATGAGGAGTAT;CE=1.98193",GT:GL:GQ:FT:RCL:RC:RCR:RDCN:DR:DV:RR:RV,"0/1:-48.5749,0,-10.4291:104:PASS:18659:28643:9984:2:8:9:5:20"
X,1375309,BND00000750,A,A[IV:15895965[,163,PASS,"IMPRECISE;SVTYPE=BND;SVMETHOD=EMBL.DELLYv0.9.1;END=1375310;CHR2=IV;POS2=15895965;PE=5;MAPQ=30;CT=3to5;CIPOS=-534,534;CIEND=-534,534",GT:GL:GQ:FT:RCL:RC:RCR:RDCN:DR:DV:RR:RV,"0/1:-2.34063,0,-155.449:23:PASS:63338:89300:25962:2:45:6:0:0"
X,1519510,DUP00000752,C,<DUP>,479,PASS,"PRECISE;SVTYPE=DUP;SVMETHOD=EMBL.DELLYv0.9.1;END=15387177;PE=6;MAPQ=13;CT=5to3;CIPOS=-4,4;CIEND=-4,4;SRMAPQ=60;INSLEN=0;HOMLEN=4;SR=7;SRQ=0.974026;CONSENSUS=TGCACCAAATAGTGCGATAGGGTATGGCATTATTTGGTGCAAACTTGGCTTCGCGTCCGACATTTTTTGGGTTTCGCGCATTGCTATTAAGATTTCGGATCCCGGCGTGAGGGCGGCGTTTGCGGCACCCACATGGGAGCCCTAATTGAAAAT;CE=1.98356",GT:GL:GQ:FT:RCL:RC:RCR:RDCN:DR:DV:RR:RV,"0/1:-55.2645,0,-31.9642:10000:PASS:116965:1089910:183383:7:9:6:12:24"
X,1519524,DEL00000754,T,<DEL>,240,PASS,"PRECISE;SVTYPE=DEL;SVMETHOD=EMBL.DELLYv0.9.1;END=14123605;PE=0;MAPQ=0;CT=3to5;CIPOS=-5,5;CIEND=-5,5;SRMAPQ=60;INSLEN=0;HOMLEN=6;SR=4;SRQ=0.956835;CONSENSUS=AGTTTGTGCAATTTTATTAATAAAACTGTTCGGAACCATTATTATATTAAAACCAGGGCTCCCATGTAGGCGCCGCGATCCGACATTTTTATAGCAATGCGCAGAACCCAAAAAATGTCGGACGCGGAGCCAAGGCTGC;CE=1.98483",GT:GL:GQ:FT:RCL:RC:RCR:RDCN:DR:DV:RR:RV,"0/1:-33.6823,0,-19.6829:10000:PASS:116966:990157:283135:5:0:0:7:11"
X,1836435,DUP00000764,T,<DUP>,215,PASS,"IMPRECISE;SVTYPE=DUP;SVMETHOD=EMBL.DELLYv0.9.1;END=1836916;PE=4;MAPQ=60;CT=5to3;CIPOS=-98,98;CIEND=-98,98",GT:GL:GQ:FT:RCL:RC:RCR:RDCN:DR:DV:RR:RV,"0/1:-15.7818,0,-80.7804:157:PASS:6612:18947:5095:3:15:4:0:0"
X,1883795,DUP00000767,C,<DUP>,139,PASS,"IMPRECISE;SVTYPE=DUP;SVMETHOD=EMBL.DELLYv0.9.1;END=1884338;PE=3;MAPQ=40;CT=5to3;CIPOS=-50,50;CIEND=-50,50",GT:GL:GQ:FT:RCL:RC:RCR:RDCN:DR:DV:RR:RV,"0/1:-13.1454,0,-100.463:131:PASS:72:133:42:2:31:5:0:0"
X,1884782,DUP00000770,A,<DUP>,117,PASS,"IMPRECISE;SVTYPE=DUP;SVMETHOD=EMBL.DELLYv0.9.1;END=1885353;PE=4;MAPQ=40;CT=5to3;CIPOS=-50,50;CIEND=-50,50",GT:GL:GQ:FT:RCL:RC:RCR:RDCN:DR:DV:RR:RV,"0/1:-1.95724,0,-87.0662:20:PASS:15:92:102:2:30:3:0:0"
X,1885970,DUP00000771,T,<DUP>,76,PASS,"IMPRECISE;SVTYPE=DUP;SVMETHOD=EMBL.DELLYv0.9.1;END=1886325;PE=3;MAPQ=27;CT=5to3;CIPOS=-196,196;CIEND=-196,196",GT:GL:GQ:FT:RCL:RC:RCR:RDCN:DR:DV:RR:RV,"0/0:0,-0.682341,-55.9654:8:LowQual:8034:26511:7745:3:28:3:0:0"
X,2002798,DUP00000773,C,<DUP>,70,PASS,"IMPRECISE;SVTYPE=DUP;SVMETHOD=EMBL.DELLYv0.9.1;END=2003096;PE=4;MAPQ=23;CT=5to3;CIPOS=-249,249;CIEND=-249,249",GT:GL:GQ:FT:RCL:RC:RCR:RDCN:DR:DV:RR:RV,"0/0:0,-0.272398,-55.1572:5:LowQual:2696:17486:8780:3:23:3:0:0"
X,2003885,DUP00000774,A,<DUP>,115,PASS,"IMPRECISE;SVTYPE=DUP;SVMETHOD=EMBL.DELLYv0.9.1;END=2059463;PE=5;MAPQ=32;CT=5to3;CIPOS=-78,78;CIEND=-78,78",GT:GL:GQ:FT:RCL:RC:RCR:RDCN:DR:DV:RR:RV,"0/1:-13.309,0,-51.6063:133:PASS:2114:4052:2051:2:12:7:0:0"
X,3301882,DUP00000781,G,<DUP>,90,PASS,"IMPRECISE;SVTYPE=DUP;SVMETHOD=EMBL.DELLYv0.9.1;END=3304595;PE=3;MAPQ=30;CT=5to3;CIPOS=-247,247;CIEND=-247,247",GT:GL:GQ:FT:RCL:RC:RCR:RDCN:DR:DV:RR:RV,"0/1:-3.8825,0,-78.8838:39:PASS:115:243:106:2:14:3:0:0"
X,3631392,DUP00000782,G,<DUP>,461,PASS,"IMPRECISE;SVTYPE=DUP;SVMETHOD=EMBL.DELLYv0.9.1;END=3631909;PE=16;MAPQ=29;CT=5to3;CIPOS=-50,50;CIEND=-50,50",GT:GL:GQ:FT:RCL:RC:RCR:RDCN:DR:DV:RR:RV,"0/1:-37.0709,0,-66.4339:10000:PASS:20:230:23:11:14:16:0:0"
X,3755118,DUP00000783,T,<DUP>,180,PASS,"IMPRECISE;SVTYPE=DUP;SVMETHOD=EMBL.DELLYv0.9.1;END=3757725;PE=3;MAPQ=60;CT=5to3;CIPOS=-205,205;CIEND=-205,205",GT:GL:GQ:FT:RCL:RC:RCR:RDCN:DR:DV:RR:RV,"0/1:-9.57264,0,-109.171:96:PASS:101:390:120:4:25:3:0:0"
X,3811983,DUP00000784,G,<DUP>,125,PASS,"IMPRECISE;SVTYPE=DUP;SVMETHOD=EMBL.DELLYv0.9.1;END=3812343;PE=3;MAPQ=50;CT=5to3;CIPOS=-205,205;CIEND=-205,205",GT:GL:GQ:FT:RCL:RC:RCR:RDCN:DR:DV:RR:RV,"0/1:-6.17839,0,-99.8923:62:PASS:4700:13267:3715:3:18:3:0:0"
X,4036365,DUP00000794,T,<DUP>,107,PASS,"IMPRECISE;SVTYPE=DUP;SVMETHOD=EMBL.DELLYv0.9.1;END=4051199;PE=5;MAPQ=21;CT=5to3;CIPOS=-153,153;CIEND=-153,153",GT:GL:GQ:FT:RCL:RC:RCR:RDCN:DR:DV:RR:RV,"0/1:-8.02869,0,-7.03613:70:PASS:867:1611:372:3:4:5:0:0"
X,4040841,DUP00000805,A,<DUP>,56,PASS,"IMPRECISE;SVTYPE=DUP;SVMETHOD=EMBL.DELLYv0.9.1;END=4049678;PE=3;MAPQ=22;CT=5to3;CIPOS=-210,210;CIEND=-210,210",GT:GL:GQ:FT:RCL:RC:RCR:RDCN:DR:DV:RR:RV,"0/1:-0.483931,0,-60.5613:6:LowQual:493:812:440:2:14:3:0:0"
X,4041197,DUP00000806,A,<DUP>,81,PASS,"IMPRECISE;SVTYPE=DUP;SVMETHOD=EMBL.DELLYv0.9.1;END=4041682;PE=3;MAPQ=36;CT=5to3;CIPOS=-103,103;CIEND=-103,103",GT:GL:GQ:FT:RCL:RC:RCR:RDCN:DR:DV:RR:RV,"0/1:-4.19303,0,-35.0518:42:PASS:5164:11120:8321:2:10:3:0:0"
X,4045325,DUP00000807,G,<DUP>,78,PASS,"IMPRECISE;SVTYPE=DUP;SVMETHOD=EMBL.DELLYv0.9.1;END=4045828;PE=4;MAPQ=22;CT=5to3;CIPOS=-50,50;CIEND=-50,50",GT:GL:GQ:FT:RCL:RC:RCR:RDCN:DR:DV:RR:RV,"0/1:-5.59642,0,-7.40773:56:PASS:5:92:6:17:3:3:0:0"
X,6287268,DUP00000819,G,<DUP>,180,PASS,"IMPRECISE;SVTYPE=DUP;SVMETHOD=EMBL.DELLYv0.9.1;END=6288431;PE=9;MAPQ=25;CT=5to3;CIPOS=-170,170;CIEND=-170,170",GT:GL:GQ:FT:RCL:RC:RCR:RDCN:DR:DV:RR:RV,"0/1:-17.7918,0,-51.8303:10000:PASS:41:76:52:2:11:9:0:0"
X,7078088,DEL00000823,A,<DEL>,58,PASS,"PRECISE;SVTYPE=DEL;SVMETHOD=EMBL.DELLYv0.9.1;END=7078149;PE=0;MAPQ=0;CT=3to5;CIPOS=-6,6;CIEND=-6,6;SRMAPQ=26;INSLEN=0;HOMLEN=6;SR=3;SRQ=0.977444;CONSENSUS=GTGTCGTTTATAGCTATGTCATGTCGTTTATAGCTATGTCGTATCGTAAATAGCTATGTCGTATCGAAAATAGCTAAGTCGTGTCGTTTATAGCTATGTCGTATCGTAAATAGTTATGTCGTATCGAAAATAG;CE=1.91054",GT:GL:GQ:FT:RCL:RC:RCR:RDCN:DR:DV:RR:RV,"1/1:-547.488,-10.0905,0:101:PASS:27781:34138:8438:2:0:0:22:228"
X,8182237,DEL00000827,G,<DEL>,93,PASS,"IMPRECISE;SVTYPE=DEL;SVMETHOD=EMBL.DELLYv0.9.1;END=14377625;PE=4;MAPQ=30;CT=3to5;CIPOS=-78,78;CIEND=-78,78",GT:GL:GQ:FT:RCL:RC:RCR:RDCN:DR:DV:RR:RV,"0/1:-4.68126,0,-59.3885:47:PASS:243469:490496:244936:2:12:3:0:0"
X,8602839,DUP00000830,A,<DUP>,374,PASS,"PRECISE;SVTYPE=DUP;SVMETHOD=EMBL.DELLYv0.9.1;END=8603317;PE=2;MAPQ=60;CT=5to3;CIPOS=-34,34;CIEND=-34,34;SRMAPQ=60;INSLEN=0;HOMLEN=36;SR=5;SRQ=0.993378;CONSENSUS=AGGGGAAATTAGGGAAAATGGGGAAAATTAGGGAAATTGGGGAAAAATGGGGAAATTGGGGAAAATTAGGGAAAATTAGGGAAAATGGGGAAAATGGGGAAAATGGGGAAAATTGGGGAAAATTGGGGAAATTGGGGAAATTGGGGAAATT;CE=1.49804",GT:GL:GQ:FT:RCL:RC:RCR:RDCN:DR:DV:RR:RV,"0/1:-16.7885,0,-17.3888:10000:PASS:2042:10165:4089:3:9:2:6:6"
X,9185994,DUP00000833,C,<DUP>,703,PASS,"IMPRECISE;SVTYPE=DUP;SVMETHOD=EMBL.DELLYv0.9.1;END=9186374;PE=33;MAPQ=24;CT=5to3;CIPOS=-163,163;CIEND=-163,163",GT:GL:GQ:FT:RCL:RC:RCR:RDCN:DR:DV:RR:RV,"0/1:-54.2492,0,-37.1805:10000:PASS:227:151296:8894:33:24:28:0:0"
X,9187972,DUP00000837,A,<DUP>,209,PASS,"IMPRECISE;SVTYPE=DUP;SVMETHOD=EMBL.DELLYv0.9.1;END=9188423;PE=6;MAPQ=40;CT=5to3;CIPOS=-96,96;CIEND=-96,96",GT:GL:GQ:FT:RCL:RC:RCR:RDCN:DR:DV:RR:RV,"0/0:0,-3.73084,-218.094:37:PASS:20227:106659:114067:2:99:14:0:0"
X,9188033,DEL00000838,T,<DEL>,154,PASS,"IMPRECISE;SVTYPE=DEL;SVMETHOD=EMBL.DELLYv0.9.1;END=9188670;PE=4;MAPQ=49;CT=3to5;CIPOS=-165,165;CIEND=-165,165",GT:GL:GQ:FT:RCL:RC:RCR:RDCN:DR:DV:RR:RV,"0/1:-0.73932,0,-112.448:8:LowQual:94:736:32:12:49:4:0:0"
X,9438553,DUP00000840,A,<DUP>,586,PASS,"IMPRECISE;SVTYPE=DUP;SVMETHOD=EMBL.DELLYv0.9.1;END=9439109;PE=25;MAPQ=20;CT=5to3;CIPOS=-50,50;CIEND=-50,50",GT:GL:GQ:FT:RCL:RC:RCR:RDCN:DR:DV:RR:RV,"0/1:-85.1823,0,-240.158:10000:PASS:22:703:120:10:75:45:0:0"
X,10364252,DUP00000844,C,<DUP>,66,PASS,"IMPRECISE;SVTYPE=DUP;SVMETHOD=EMBL.DELLYv0.9.1;END=10364571;PE=3;MAPQ=25;CT=5to3;CIPOS=-258,258;CIEND=-258,258",GT:GL:GQ:FT:RCL:RC:RCR:RDCN:DR:DV:RR:RV,"0/1:-2.58908,0,-26.7838:26:PASS:4312:16279:2178:5:11:3:0:0"
X,10750418,DEL00000848,A,<DEL>,145,PASS,"IMPRECISE;SVTYPE=DEL;SVMETHOD=EMBL.DELLYv0.9.1;END=10750986;PE=5;MAPQ=32;CT=3to5;CIPOS=-50,50;CIEND=-50,50",GT:GL:GQ:FT:RCL:RC:RCR:RDCN:DR:DV:RR:RV,"0/1:-2.3555,0,-132.463:24:PASS:82:83:85:1:36:5:0:0"
X,10750732,DUP00000849,C,<DUP>,159,PASS,"IMPRECISE;SVTYPE=DUP;SVMETHOD=EMBL.DELLYv0.9.1;END=10751211;PE=6;MAPQ=31;CT=5to3;CIPOS=-74,74;CIEND=-74,74",GT:GL:GQ:FT:RCL:RC:RCR:RDCN:DR:DV:RR:RV,"0/1:-7.79908,0,-89.7439:78:PASS:7224:36654:4289:6:21:6:0:0"
X,11786468,DUP00000853,A,<DUP>,173,PASS,"IMPRECISE;SVTYPE=DUP;SVMETHOD=EMBL.DELLYv0.9.1;END=11786999;PE=7;MAPQ=32;CT=5to3;CIPOS=-50,50;CIEND=-50,50",GT:GL:GQ:FT:RCL:RC:RCR:RDCN:DR:DV:RR:RV,"0/0:0,-35.7607,-313.349:10000:PASS:6:535:568:2:195:8:0:0"
X,12190992,INV00000857,C,<INV>,1140,PASS,"PRECISE;SVTYPE=INV;SVMETHOD=EMBL.DELLYv0.9.1;END=12199124;PE=9;MAPQ=60;CT=3to3;CIPOS=-6,6;CIEND=-6,6;SRMAPQ=60;INSLEN=0;HOMLEN=6;SR=10;SRQ=1;CONSENSUS=CATAAAATGAAAACTTTCACTAGTTGCAAGTTAAAAATTGTCTGTTGTTTCACATCTTTTGGTATTTTTACCAGTTATCATTTTACAACAAATCAAACGATCAGAAACCCAAACTTCTAAGCTCATTGTTCAGTTTCACACTTCCTGGTTTTCTCCCATGAGCCTATTCATATATCCTGCAAATGAAAAGAGCCGTGTGCAAAATTTCC;CE=1.90588",GT:GL:GQ:FT:RCL:RC:RCR:RDCN:DR:DV:RR:RV,"1/1:-64.698,-5.41651,0:54:PASS:325:290:322:1:0:9:0:18"
X,12277866,DUP00000860,G,<DUP>,110,PASS,"IMPRECISE;SVTYPE=DUP;SVMETHOD=EMBL.DELLYv0.9.1;END=12278312;PE=4;MAPQ=37;CT=5to3;CIPOS=-109,109;CIEND=-109,109",GT:GL:GQ:FT:RCL:RC:RCR:RDCN:DR:DV:RR:RV,"0/1:-11.7194,0,-72.1269:117:PASS:16919:76642:7108:6:32:8:0:0"
X,13308026,DUP00000864,C,<DUP>,460,PASS,"IMPRECISE;SVTYPE=DUP;SVMETHOD=EMBL.DELLYv0.9.1;END=15751492;PE=10;MAPQ=49;CT=5to3;CIPOS=-117,117;CIEND=-117,117",GT:GL:GQ:FT:RCL:RC:RCR:RDCN:DR:DV:RR:RV,"0/1:-39.6784,0,-59.6792:10000:PASS:94879:190088:98956:2:11:10:0:0"
X,14297835,DUP00000866,A,<DUP>,76,PASS,"IMPRECISE;SVTYPE=DUP;SVMETHOD=EMBL.DELLYv0.9.1;END=16305706;PE=4;MAPQ=25;CT=5to3;CIPOS=-243,243;CIEND=-243,243",GT:GL:GQ:FT:RCL:RC:RCR:RDCN:DR:DV:RR:RV,"0/1:-2.4825,0,-72.9671:25:PASS:77593:161400:76413:2:13:4:0:0"
X,14597552,BND00000871,G,G]II:11533091],111,PASS,"IMPRECISE;SVTYPE=BND;SVMETHOD=EMBL.DELLYv0.9.1;END=14597553;CHR2=II;POS2=11533091;PE=5;MAPQ=21;CT=3to3;CIPOS=-467,467;CIEND=-467,467",GT:GL:GQ:FT:RCL:RC:RCR:RDCN:DR:DV:RR:RV,"0/1:-6.9795,0,-73.0996:70:PASS:11190:19876:8686:2:14:6:0:0"
X,14908147,DUP00000873,T,<DUP>,550,PASS,"IMPRECISE;SVTYPE=DUP;SVMETHOD=EMBL.DELLYv0.9.1;END=14908668;PE=24;MAPQ=21;CT=5to3;CIPOS=-50,50;CIEND=-50,50",GT:GL:GQ:FT:RCL:RC:RCR:RDCN:DR:DV:RR:RV,"0/1:-29.1179,0,-332.263:10000:PASS:16:1018:167:11:144:35:0:0"
X,15811136,BND00000885,C,C]IV:10985063],342,PASS,"PRECISE;SVTYPE=BND;SVMETHOD=EMBL.DELLYv0.9.1;END=15811137;CHR2=IV;POS2=10985063;PE=3;MAPQ=27;CT=3to3;CIPOS=-3,3;CIEND=-3,3;SRMAPQ=24;INSLEN=0;HOMLEN=2;SR=11;SRQ=0.988506;CONSENSUS=ACGGCCAGAGTCACTATATTTGGTGAACGGCCAGAGTCACTATTTTTGGTGAACGGCCAGAGTCACTAAATTTGGTGAACGGCCAGAGTCACTAAATTTGGTGAACGGTCAGACTTCTAAGTGGGTGTGTTTAAGATTTCTATATAATTAAAGTTTTATTCTCAATACACTTTT;CE=1.95669",GT:GL:GQ:FT:RCL:RC:RCR:RDCN:DR:DV:RR:RV,"0/0:0,-49.0202,-619.466:10000:PASS:1279139:1463582:184443:2:317:6:243:7"
X,17344982,DUP00000890,T,<DUP>,150,PASS,"IMPRECISE;SVTYPE=DUP;SVMETHOD=EMBL.DELLYv0.9.1;END=17345545;PE=4;MAPQ=60;CT=5to3;CIPOS=-50,50;CIEND=-50,50",GT:GL:GQ:FT:RCL:RC:RCR:RDCN:DR:DV:RR:RV,"0/1:-9.58368,0,-52.8591:96:PASS:13:92:6:10:14:4:0:0"
X,17445197,DUP00000891,G,<DUP>,80,PASS,"IMPRECISE;SVTYPE=DUP;SVMETHOD=EMBL.DELLYv0.9.1;END=17445639;PE=5;MAPQ=21;CT=5to3;CIPOS=-152,152;CIEND=-152,152",GT:GL:GQ:FT:RCL:RC:RCR:RDCN:DR:DV:RR:RV,"0/0:0,-0.0428659,-53.8834:3:LowQual:10689:29937:5027:4:23:5:0:0"
X,17717105,INV00000894,T,<INV>,180,PASS,"PRECISE;SVTYPE=INV;SVMETHOD=EMBL.DELLYv0.9.1;END=17717367;PE=0;MAPQ=0;CT=3to3;CIPOS=-2,2;CIEND=-2,2;SRMAPQ=60;INSLEN=0;HOMLEN=1;SR=3;SRQ=1;CONSENSUS=AGAGACACATCATCTTTGACTATTGGGCACGTGCTCTCACCGGACCCATTGGAGTTGTGAGTTTTTCAAAAATTTGGCAAGGTCCAAGTGGGCAGTGATTGCGG;CE=1.98796",GT:GL:GQ:FT:RCL:RC:RCR:RDCN:DR:DV:RR:RV,"0/1:-9.08218,0,-48.0808:91:PASS:3425:5426:1332:2:0:0:15:4"
MtDNA,19,DUP00000895,A,<DUP>,1310,PASS,"IMPRECISE;SVTYPE=DUP;SVMETHOD=EMBL.DELLYv0.9.1;END=13793;PE=22;MAPQ=60;CT=5to3;CIPOS=-101,101;CIEND=-101,101",GT:GL:GQ:FT:RCL:RC:RCR:RDCN:DR:DV:RR:RV,"0/0:0,-0.30103,-6:5:LowQual:0:28613:0:-1:1:0:0:0"