#CHROM,POS,ID,REF,ALT,QUAL,FILTER,INFO,FORMAT,individual
I,670584,site_0,G,<INS>,.,PASS,IMPRECISE;SVTYPE=INS;OEA_ONLY,GSCORE:CLEFT:CRIGHT:OEALEFT:OEARIGHT,8.48331:0:0:6:7
I,1382019,site_1,G,<INS>,.,PASS,IMPRECISE;SVTYPE=INS,GSCORE:CLEFT:CRIGHT:OEALEFT:OEARIGHT,12.1065:1:4:7:9
I,3584906,site_2,A,<INS>,.,PASS,IMPRECISE;SVTYPE=INS;OEA_ONLY,GSCORE:CLEFT:CRIGHT:OEALEFT:OEARIGHT,11.247:0:0:6:14
I,6521298,site_3,C,<INS>,.,PASS,IMPRECISE;SVTYPE=INS,GSCORE:CLEFT:CRIGHT:OEALEFT:OEARIGHT,12.6795:8:2:7:6
I,8454805,site_4,G,<INS>,.,PASS,IMPRECISE;SVTYPE=INS,GSCORE:CLEFT:CRIGHT:OEALEFT:OEARIGHT,24.6279:5:9:14:18
I,10950370,site_5,G,<INS>,.,PASS,IMPRECISE;SVTYPE=INS;OEA_ONLY,GSCORE:CLEFT:CRIGHT:OEALEFT:OEARIGHT,10.5394:0:0:12:6
I,10951794,site_6,A,<INS>,.,PASS,IMPRECISE;SVTYPE=INS;OEA_ONLY,GSCORE:CLEFT:CRIGHT:OEALEFT:OEARIGHT,12.619:0:0:14:8
I,12738914,site_7,A,<INS>,.,PASS,IMPRECISE;SVTYPE=INS;OEA_ONLY,GSCORE:CLEFT:CRIGHT:OEALEFT:OEARIGHT,8:0:0:6:6
I,15071939,site_8,G,<INS>,.,PASS,IMPRECISE;SVTYPE=INS;OEA_ONLY,GSCORE:CLEFT:CRIGHT:OEALEFT:OEARIGHT,8:0:0:6:6
II,1604950,site_9,G,<INS>,.,PASS,IMPRECISE;SVTYPE=INS;OEA_ONLY,GSCORE:CLEFT:CRIGHT:OEALEFT:OEARIGHT,11:0:0:9:9
II,2570587,site_10,A,<INS>,.,PASS,IMPRECISE;SVTYPE=INS;OEA_ONLY,GSCORE:CLEFT:CRIGHT:OEALEFT:OEARIGHT,12.4891:0:0:10:11
II,2881162,site_11,A,<INS>,.,PASS,IMPRECISE;SVTYPE=INS;OEA_ONLY,GSCORE:CLEFT:CRIGHT:OEALEFT:OEARIGHT,9.3666:0:0:6:9
II,3835215,site_12,A,<INS>,.,PASS,IMPRECISE;SVTYPE=INS;OEA_ONLY,GSCORE:CLEFT:CRIGHT:OEALEFT:OEARIGHT,8:0:0:6:6
II,6669185,site_13,C,<INS>,.,PASS,IMPRECISE;SVTYPE=INS,GSCORE:CLEFT:CRIGHT:OEALEFT:OEARIGHT,14.6969:0:5:9:14
II,12844969,site_14,T,<INS>,.,PASS,IMPRECISE;SVTYPE=INS;OEA_ONLY,GSCORE:CLEFT:CRIGHT:OEALEFT:OEARIGHT,10.3808:0:0:10:7
III,2893363,site_15,T,<INS>,.,PASS,IMPRECISE;SVTYPE=INS,GSCORE:CLEFT:CRIGHT:OEALEFT:OEARIGHT,14.2358:6:3:9:7
III,7446958,site_16,T,<INS>,.,PASS,IMPRECISE;SVTYPE=INS;OEA_ONLY,GSCORE:CLEFT:CRIGHT:OEALEFT:OEARIGHT,8:0:0:6:6
III,8863371,site_17,T,<INS>,.,PASS,IMPRECISE;SVTYPE=INS;OEA_ONLY,GSCORE:CLEFT:CRIGHT:OEALEFT:OEARIGHT,8.93725:0:0:6:8
III,13778978,site_18,A,<INS>,.,PASS,IMPRECISE;SVTYPE=INS,GSCORE:CLEFT:CRIGHT:OEALEFT:OEARIGHT,9.44949:0:5:6:6
IV,7485259,site_19,A,<INS>,.,PASS,IMPRECISE;SVTYPE=INS,GSCORE:CLEFT:CRIGHT:OEALEFT:OEARIGHT,16.1225:9:3:11:7
IV,8580664,site_20,G,<INS>,.,PASS,IMPRECISE;SVTYPE=INS;OEA_ONLY,GSCORE:CLEFT:CRIGHT:OEALEFT:OEARIGHT,9:0:0:7:7
IV,10950074,site_21,A,<INS>,.,PASS,IMPRECISE;SVTYPE=INS;OEA_ONLY,GSCORE:CLEFT:CRIGHT:OEALEFT:OEARIGHT,9.77496:0:0:10:6
IV,16784585,site_22,A,<INS>,.,PASS,IMPRECISE;SVTYPE=INS;OEA_ONLY,GSCORE:CLEFT:CRIGHT:OEALEFT:OEARIGHT,8.48331:0:0:6:7
V,2646667,site_23,T,<INS>,.,PASS,IMPRECISE;SVTYPE=INS,GSCORE:CLEFT:CRIGHT:OEALEFT:OEARIGHT,9.9328:5:0:7:6
V,2661292,site_24,C,<INS>,.,PASS,IMPRECISE;SVTYPE=INS,GSCORE:CLEFT:CRIGHT:OEALEFT:OEARIGHT,10.9474:3:2:7:6
V,8158798,site_25,A,<INS>,.,PASS,IMPRECISE;SVTYPE=INS,GSCORE:CLEFT:CRIGHT:OEALEFT:OEARIGHT,20.1556:5:9:10:13
V,9026692,site_26,A,<INS>,.,PASS,IMPRECISE;SVTYPE=INS,GSCORE:CLEFT:CRIGHT:OEALEFT:OEARIGHT,13.0381:0:6:8:11
V,9338859,site_27,A,<INS>,.,PASS,IMPRECISE;SVTYPE=INS,GSCORE:CLEFT:CRIGHT:OEALEFT:OEARIGHT,10.9474:3:2:6:7
V,10608443,site_28,G,<INS>,.,PASS,IMPRECISE;SVTYPE=INS;OEA_ONLY,GSCORE:CLEFT:CRIGHT:OEALEFT:OEARIGHT,8:0:0:6:6
V,11690792,site_29,T,<INS>,.,PASS,IMPRECISE;SVTYPE=INS,GSCORE:CLEFT:CRIGHT:OEALEFT:OEARIGHT,13.2471:3:4:6:10
V,13981799,site_30,T,<INS>,.,PASS,IMPRECISE;SVTYPE=INS,GSCORE:CLEFT:CRIGHT:OEALEFT:OEARIGHT,11.8303:5:0:10:7
X,289926,site_31,G,<INS>,.,PASS,IMPRECISE;SVTYPE=INS,GSCORE:CLEFT:CRIGHT:OEALEFT:OEARIGHT,17.4222:0:8:12:15
X,6156149,site_32,A,<INS>,.,PASS,IMPRECISE;SVTYPE=INS,GSCORE:CLEFT:CRIGHT:OEALEFT:OEARIGHT,14.9641:5:4:8:9
X,8846797,site_33,T,<INS>,.,PASS,IMPRECISE;SVTYPE=INS,GSCORE:CLEFT:CRIGHT:OEALEFT:OEARIGHT,19.9897:13:0:21:11
X,9078098,site_34,A,<INS>,.,PASS,IMPRECISE;SVTYPE=INS;OEA_ONLY,GSCORE:CLEFT:CRIGHT:OEALEFT:OEARIGHT,8.48331:0:0:6:7
X,12278697,site_35,T,<INS>,.,PASS,IMPRECISE;SVTYPE=INS;OEA_ONLY,GSCORE:CLEFT:CRIGHT:OEALEFT:OEARIGHT,9.48528:0:0:8:7
X,15112243,site_36,C,<INS>,.,PASS,IMPRECISE;SVTYPE=INS,GSCORE:CLEFT:CRIGHT:OEALEFT:OEARIGHT,11.4207:6:0:10:6
MtDNA,11204,site_37,T,<INS>,.,PASS,IMPRECISE;SVTYPE=INS;OEA_ONLY,GSCORE:CLEFT:CRIGHT:OEALEFT:OEARIGHT,10.1652:0:0:6:11
