#CHROM,POS,ID,REF,ALT,QUAL,FILTER,INFO,FORMAT,N2
I,230839,DEL00000000,A,<DEL>,600,PASS,"PRECISE;SVTYPE=DEL;SVMETHOD=EMBL.DELLYv0.9.1;END=231919;PE=4;MAPQ=60;CT=3to5;CIPOS=-2,2;CIEND=-2,2;SRMAPQ=60;INSLEN=0;HOMLEN=1;SR=6;SRQ=0.988571;CONSENSUS=GGGAAAGTTAATAGGGACAAAAGAGCAAAACGAAACGTCCATTCCCGCATCGAATTGCCTCATAGGCACCGCACCCAAACTCTCCTGCCGCTGCAGCAGTCAGGGAATGTGAGCATTGAATCCTCCAGAGACTTCCATCGCGAGGGAGATCCTGTTGATCGCTGCGTGCATCACA;CE=1.98202",GT:GL:GQ:FT:RCL:RC:RCR:RDCN:DR:DV:RR:RV,"0/1:-22.1799,0,-40.4793:10000:PASS:37:40:37:1:11:4:13:8"
I,232751,DEL00000001,C,<DEL>,480,PASS,"IMPRECISE;SVTYPE=DEL;SVMETHOD=EMBL.DELLYv0.9.1;END=237780;PE=8;MAPQ=60;CT=3to5;CIPOS=-159,159;CIEND=-159,159",GT:GL:GQ:FT:RCL:RC:RCR:RDCN:DR:DV:RR:RV,"0/1:-49.4846,0,-31.4846:10000:PASS:141:175:120:1:6:9:0:0"
I,238429,DEL00000002,C,<DEL>,360,PASS,"PRECISE;SVTYPE=DEL;SVMETHOD=EMBL.DELLYv0.9.1;END=238468;PE=0;MAPQ=0;CT=3to5;CIPOS=-5,5;CIEND=-5,5;SRMAPQ=60;INSLEN=0;HOMLEN=4;SR=6;SRQ=0.98125;CONSENSUS=GTTTCCTGAGAAATTGTACAGGATTTTGTCTGAGTCGTGAACTGAACACACTTTTCAGGTAAACGTCGTCTGGAAAACAGGGTTTTCTCAAGGAAATAGTCGGAAAGTCGGTCGATGCACCATGTTGTGGCACCACGGAGTGGCGGAAGACCGAACCCTT;CE=1.9894",GT:GL:GQ:FT:RCL:RC:RCR:RDCN:DR:DV:RR:RV,"0/1:-43.7795,0,-17.98:10000:PASS:338:383:382:1:0:0:7:14"
I,669756,DUP00000003,G,<DUP>,254,PASS,"IMPRECISE;SVTYPE=DUP;SVMETHOD=EMBL.DELLYv0.9.1;END=671031;PE=5;MAPQ=51;CT=5to3;CIPOS=-69,69;CIEND=-69,69",GT:GL:GQ:FT:RCL:RC:RCR:RDCN:DR:DV:RR:RV,"0/1:-12.118,0,-139.454:121:PASS:25:187:222:2:40:5:0:0"
I,669937,DEL00000004,A,<DEL>,309,PASS,"IMPRECISE;SVTYPE=DEL;SVMETHOD=EMBL.DELLYv0.9.1;END=670681;PE=7;MAPQ=43;CT=3to5;CIPOS=-64,64;CIEND=-64,64",GT:GL:GQ:FT:RCL:RC:RCR:RDCN:DR:DV:RR:RV,"0/1:-23.2157,0,-59.4744:10000:PASS:20:73:108:1:19:7:0:0"
I,670811,DUP00000005,C,<DUP>,376,PASS,"IMPRECISE;SVTYPE=DUP;SVMETHOD=EMBL.DELLYv0.9.1;END=671309;PE=12;MAPQ=40;CT=5to3;CIPOS=-50,50;CIEND=-50,50",GT:GL:GQ:FT:RCL:RC:RCR:RDCN:DR:DV:RR:RV,"0/1:-33.2103,0,-150.08:10000:PASS:10752:66879:10578:6:39:15:0:0"
I,670927,DEL00000006,G,<DEL>,101,PASS,"PRECISE;SVTYPE=DEL;SVMETHOD=EMBL.DELLYv0.9.1;END=670960;PE=0;MAPQ=0;CT=3to5;CIPOS=-31,31;CIEND=-31,31;SRMAPQ=35;INSLEN=0;HOMLEN=31;SR=3;SRQ=0.977612;CONSENSUS=AAAATTTTGGCGGGAATTCAAATATTCTGAAAAAAAATTTAGGCGAGAATTCAAATTTTCAGAGAAAAATTTTGGCGGGAATTCAAATTTTCTGAGTAAAACTTTGGCGGGAAATCAAATTTTCTGAGAAAAA;CE=1.83755",GT:GL:GQ:FT:RCL:RC:RCR:RDCN:DR:DV:RR:RV,"0/1:-39.3786,0,-169.521:10000:PASS:1839:4467:2321:2:0:0:63:22"
I,933487,DUP00000007,C,<DUP>,257,PASS,"IMPRECISE;SVTYPE=DUP;SVMETHOD=EMBL.DELLYv0.9.1;END=933948;PE=13;MAPQ=26;CT=5to3;CIPOS=-81,81;CIEND=-81,81",GT:GL:GQ:FT:RCL:RC:RCR:RDCN:DR:DV:RR:RV,"0/1:-18.6066,0,-43.5024:10000:PASS:2904:80190:28815:5:11:11:0:0"
I,1001406,DUP00000008,C,<DUP>,300,PASS,"IMPRECISE;SVTYPE=DUP;SVMETHOD=EMBL.DELLYv0.9.1;END=1002176;PE=5;MAPQ=60;CT=5to3;CIPOS=-76,76;CIEND=-76,76",GT:GL:GQ:FT:RCL:RC:RCR:RDCN:DR:DV:RR:RV,"0/1:-38.0866,0,-32.0866:10000:PASS:19:58:10:4:6:7:0:0"
I,1936250,DUP00000009,T,<DUP>,79,PASS,"IMPRECISE;SVTYPE=DUP;SVMETHOD=EMBL.DELLYv0.9.1;END=1938235;PE=3;MAPQ=28;CT=5to3;CIPOS=-131,131;CIEND=-131,131",GT:GL:GQ:FT:RCL:RC:RCR:RDCN:DR:DV:RR:RV,"0/1:-5.65826,0,-15.7674:57:PASS:30:129:27:5:5:3:0:0"
I,2627216,INV00000011,T,<INV>,300,PASS,"PRECISE;SVTYPE=INV;SVMETHOD=EMBL.DELLYv0.9.1;END=2893749;PE=0;MAPQ=0;CT=5to5;CIPOS=-2,2;CIEND=-2,2;SRMAPQ=60;INSLEN=0;HOMLEN=1;SR=5;SRQ=0.954545;CONSENSUS=TTAGTCTATTTAAGCAAAATACCCACGAACTCTACTCTCCATTTAAAGCTAAAAAATGGGAGAAAAAGACGGAATTTCAGTCTAGCGGTTTAGAAATTCGAAAAAATGGGCTAATTTCCGCTGAAATCTCCAATCTTGGAGCGTTTTTAAG;CE=1.93471",GT:GL:GQ:FT:RCL:RC:RCR:RDCN:DR:DV:RR:RV,"0/1:-17.7892,0,-14.7895:148:PASS:5033:10228:4888:2:0:0:5:6"
I,3990111,DUP00000015,A,<DUP>,62,PASS,"PRECISE;SVTYPE=DUP;SVMETHOD=EMBL.DELLYv0.9.1;END=3990464;PE=0;MAPQ=0;CT=5to3;CIPOS=-24,24;CIEND=-24,24;SRMAPQ=29;INSLEN=0;HOMLEN=26;SR=4;SRQ=0.970149;CONSENSUS=TCAGTTTAAAAAATTTTGAAAACCAGTGCACATTTCAAATTTTATATTCTCCATAATTCTCGGTTTTAAATATTTTAAAAACCAGTGCACATTTGAAATTTTATATTCTCTATAATTCTCGGTTTTAAATATTT;CE=1.7481",GT:GL:GQ:FT:RCL:RC:RCR:RDCN:DR:DV:RR:RV,"0/1:-0.757571,0,-111.119:9:LowQual:2880:82028:14645:9:0:0:52:10"
I,4466740,DEL00000016,T,<DEL>,165,PASS,"PRECISE;SVTYPE=DEL;SVMETHOD=EMBL.DELLYv0.9.1;END=4466829;PE=0;MAPQ=0;CT=3to5;CIPOS=-4,4;CIEND=-4,4;SRMAPQ=47;INSLEN=0;HOMLEN=6;SR=4;SRQ=1;CONSENSUS=ATTTACAAAAAATTTTTTCCCAAATGATCGCCCGCGTCGTCATCTGTTTCTTTTTTCCAATTCAATTTGTTTTTTTTAGTTGTTTTTTTCAATACGAATTTTCTAATAGTTAAAGTGGTTCAGAGATTAATCACAACAAAATAAAA;CE=1.81766",GT:GL:GQ:FT:RCL:RC:RCR:RDCN:DR:DV:RR:RV,"1/1:-32.9966,-3.00694,0:30:PASS:291:17:430:0:0:0:0:10"
I,4540469,DEL00000018,T,<DEL>,82,PASS,"IMPRECISE;SVTYPE=DEL;SVMETHOD=EMBL.DELLYv0.9.1;END=4541213;PE=3;MAPQ=34;CT=3to5;CIPOS=-50,50;CIEND=-50,50",GT:GL:GQ:FT:RCL:RC:RCR:RDCN:DR:DV:RR:RV,"0/1:-4.99273,0,-18.5347:50:PASS:12:73:25:4:8:3:0:0"
I,4543340,DUP00000022,A,<DUP>,120,PASS,"IMPRECISE;SVTYPE=DUP;SVMETHOD=EMBL.DELLYv0.9.1;END=4543763;PE=3;MAPQ=40;CT=5to3;CIPOS=-122,122;CIEND=-122,122",GT:GL:GQ:FT:RCL:RC:RCR:RDCN:DR:DV:RR:RV,"0/1:-7.89778,0,-31.0858:79:PASS:10277:22097:1263:4:11:3:0:0"
I,4545891,DUP00000025,A,<DUP>,189,PASS,"IMPRECISE;SVTYPE=DUP;SVMETHOD=EMBL.DELLYv0.9.1;END=4546390;PE=8;MAPQ=22;CT=5to3;CIPOS=-50,50;CIEND=-50,50",GT:GL:GQ:FT:RCL:RC:RCR:RDCN:DR:DV:RR:RV,"0/1:-14.3323,0,-35.1757:143:PASS:16338:53325:3613:5:14:10:0:0"
I,6772914,DUP00000030,T,<DUP>,251,PASS,"IMPRECISE;SVTYPE=DUP;SVMETHOD=EMBL.DELLYv0.9.1;END=6773244;PE=8;MAPQ=40;CT=5to3;CIPOS=-217,217;CIEND=-217,217",GT:GL:GQ:FT:RCL:RC:RCR:RDCN:DR:DV:RR:RV,"0/1:-24.4242,0,-40.7667:10000:PASS:6774:18412:3689:4:15:11:0:0"
I,10266724,DUP00000045,C,<DUP>,214,PASS,"IMPRECISE;SVTYPE=DUP;SVMETHOD=EMBL.DELLYv0.9.1;END=10267052;PE=6;MAPQ=40;CT=5to3;CIPOS=-218,218;CIEND=-218,218",GT:GL:GQ:FT:RCL:RC:RCR:RDCN:DR:DV:RR:RV,"0/1:-16.1276,0,-26.9991:10000:PASS:1988:22962:1930:12:12:6:0:0"
I,10416559,DUP00000049,C,<DUP>,52,PASS,"IMPRECISE;SVTYPE=DUP;SVMETHOD=EMBL.DELLYv0.9.1;END=10417562;PE=3;MAPQ=22;CT=5to3;CIPOS=-50,50;CIEND=-50,50",GT:GL:GQ:FT:RCL:RC:RCR:RDCN:DR:DV:RR:RV,"0/1:-2.62007,0,-17.2954:26:PASS:1:56:22:5:6:2:0:0"
I,10417179,DUP00000050,C,<DUP>,154,PASS,"IMPRECISE;SVTYPE=DUP;SVMETHOD=EMBL.DELLYv0.9.1;END=10417720;PE=4;MAPQ=52;CT=5to3;CIPOS=-50,50;CIEND=-50,50",GT:GL:GQ:FT:RCL:RC:RCR:RDCN:DR:DV:RR:RV,"0/1:-14.9033,0,-41.5862:149:PASS:14:42:14:3:12:5:0:0"
I,10945962,DUP00000053,C,<DUP>,69,PASS,"IMPRECISE;SVTYPE=DUP;SVMETHOD=EMBL.DELLYv0.9.1;END=10949718;PE=4;MAPQ=21;CT=5to3;CIPOS=-50,50;CIEND=-50,50",GT:GL:GQ:FT:RCL:RC:RCR:RDCN:DR:DV:RR:RV,"0/1:-2.26222,0,-37.6794:23:PASS:77:1744:238:11:13:5:0:0"
I,10946635,DUP00000060,C,<DUP>,241,PASS,"IMPRECISE;SVTYPE=DUP;SVMETHOD=EMBL.DELLYv0.9.1;END=10949615;PE=7;MAPQ=40;CT=5to3;CIPOS=-212,212;CIEND=-212,212",GT:GL:GQ:FT:RCL:RC:RCR:RDCN:DR:DV:RR:RV,"0/1:-14.9779,0,-61.7469:150:PASS:325:1407:229:5:33:10:0:0"
I,10947495,DUP00000065,A,<DUP>,411,PASS,"IMPRECISE;SVTYPE=DUP;SVMETHOD=EMBL.DELLYv0.9.1;END=10948030;PE=14;MAPQ=35;CT=5to3;CIPOS=-50,50;CIEND=-50,50",GT:GL:GQ:FT:RCL:RC:RCR:RDCN:DR:DV:RR:RV,"0/1:-36.8352,0,-54.1873:10000:PASS:11:674:25:37:20:17:0:0"
I,10947792,DUP00000068,T,<DUP>,64,PASS,"IMPRECISE;SVTYPE=DUP;SVMETHOD=EMBL.DELLYv0.9.1;END=10951903;PE=4;MAPQ=22;CT=5to3;CIPOS=-114,114;CIEND=-114,114",GT:GL:GQ:FT:RCL:RC:RCR:RDCN:DR:DV:RR:RV,"0/0:0,-9.48537,-160.848:95:PASS:826:1204:338:2:52:3:0:0"
I,10949170,DUP00000071,A,<DUP>,163,PASS,"IMPRECISE;SVTYPE=DUP;SVMETHOD=EMBL.DELLYv0.9.1;END=10949680;PE=7;MAPQ=25;CT=5to3;CIPOS=-50,50;CIEND=-50,50",GT:GL:GQ:FT:RCL:RC:RCR:RDCN:DR:DV:RR:RV,"0/1:-8.86265,0,-35.3246:89:PASS:74:393:45:7:20:6:0:0"
I,10952679,DUP00000077,T,<DUP>,196,PASS,"IMPRECISE;SVTYPE=DUP;SVMETHOD=EMBL.DELLYv0.9.1;END=10953006;PE=6;MAPQ=40;CT=5to3;CIPOS=-224,224;CIEND=-224,224",GT:GL:GQ:FT:RCL:RC:RCR:RDCN:DR:DV:RR:RV,"0/1:-14.1274,0,-37.4924:141:PASS:8629:50816:1627:10:13:6:0:0"
I,11713511,DUP00000079,A,<DUP>,120,PASS,"IMPRECISE;SVTYPE=DUP;SVMETHOD=EMBL.DELLYv0.9.1;END=11713910;PE=3;MAPQ=40;CT=5to3;CIPOS=-201,201;CIEND=-201,201",GT:GL:GQ:FT:RCL:RC:RCR:RDCN:DR:DV:RR:RV,"0/1:-9.00084,0,-30.5925:90:PASS:1294:16364:2636:8:7:3:0:0"
I,12093613,DUP00000081,C,<DUP>,269,PASS,"IMPRECISE;SVTYPE=DUP;SVMETHOD=EMBL.DELLYv0.9.1;END=12094268;PE=7;MAPQ=39;CT=5to3;CIPOS=-50,50;CIEND=-50,50",GT:GL:GQ:FT:RCL:RC:RCR:RDCN:DR:DV:RR:RV,"0/1:-48.8965,0,-18.5533:10000:PASS:19:140:4:12:5:12:0:0"
I,12093754,DEL00000082,C,<DEL>,159,PASS,"PRECISE;SVTYPE=DEL;SVMETHOD=EMBL.DELLYv0.9.1;END=12093789;PE=0;MAPQ=0;CT=3to5;CIPOS=-12,12;CIEND=-12,12;SRMAPQ=60;INSLEN=0;HOMLEN=17;SR=3;SRQ=0.993056;CONSENSUS=AATTTTTACACATTTTTTGCACATTTTTTGCACATTTTTTACACATTTTTTGAACATTTTTCGCACATTTTTTACACATTTTTTGCACATTTTTCGCACATTTTTTTGCACATTTTTTGCACATTTTTTGCACAATTTTTGCAC;CE=1.69241",GT:GL:GQ:FT:RCL:RC:RCR:RDCN:DR:DV:RR:RV,"0/1:-23.0585,0,-207.519:10000:PASS:1926:4135:2181:2:0:0:68:14"
I,12093852,DEL00000083,T,<DEL>,211,PASS,"PRECISE;SVTYPE=DEL;SVMETHOD=EMBL.DELLYv0.9.1;END=12093884;PE=0;MAPQ=0;CT=3to5;CIPOS=-4,4;CIEND=-4,4;SRMAPQ=60;INSLEN=0;HOMLEN=3;SR=4;SRQ=0.985294;CONSENSUS=TTGCACAATTTTTGCACATTTTTTACACATTTTTTGCACATTTTTCGCACATTTTTTTGCACATTTTTCGCACATTTTTTTGCACATTTTTTACACAATTTTTACACTTTTTTTGCACATTTTTTACAAATTTTT;CE=1.65802",GT:GL:GQ:FT:RCL:RC:RCR:RDCN:DR:DV:RR:RV,"0/1:-315.565,0,-49.1759:10000:PASS:1691:2824:1366:2:0:0:25:109"
I,14002203,DUP00000089,G,<DUP>,226,PASS,"IMPRECISE;SVTYPE=DUP;SVMETHOD=EMBL.DELLYv0.9.1;END=14006425;PE=7;MAPQ=27;CT=5to3;CIPOS=-50,50;CIEND=-50,50",GT:GL:GQ:FT:RCL:RC:RCR:RDCN:DR:DV:RR:RV,"0/1:-17.1815,0,-58.5943:10000:PASS:82:247:100:3:11:7:0:0"
II,694503,DUP00000095,G,<DUP>,81,PASS,"IMPRECISE;SVTYPE=DUP;SVMETHOD=EMBL.DELLYv0.9.1;END=695753;PE=3;MAPQ=31;CT=5to3;CIPOS=-50,50;CIEND=-50,50",GT:GL:GQ:FT:RCL:RC:RCR:RDCN:DR:DV:RR:RV,"0/1:-7.37189,0,-16.6678:74:PASS:18:59:23:3:6:4:0:0"
II,1453841,DUP00000100,T,<DUP>,81,PASS,"IMPRECISE;SVTYPE=DUP;SVMETHOD=EMBL.DELLYv0.9.1;END=1454273;PE=3;MAPQ=34;CT=5to3;CIPOS=-130,130;CIEND=-130,130",GT:GL:GQ:FT:RCL:RC:RCR:RDCN:DR:DV:RR:RV,"0/1:-5.69194,0,-18.4886:57:PASS:1015:8759:1325:7:5:3:0:0"
II,2055975,DEL00000102,G,<DEL>,122,PASS,"PRECISE;SVTYPE=DEL;SVMETHOD=EMBL.DELLYv0.9.1;END=2472244;PE=0;MAPQ=0;CT=3to5;CIPOS=-36,36;CIEND=-36,36;SRMAPQ=60;INSLEN=0;HOMLEN=35;SR=3;SRQ=1;CONSENSUS=GGTGTTTGCGTACTTTTGGCGCTACCGTAACCCGGGAAATTTCAAAATTGAGCTAGAAACCTCTAGTTTCCAGTTTGAAAGCTCAAATTGAACGGAGAATTCGAATTT;CE=1.97227",GT:GL:GQ:FT:RCL:RC:RCR:RDCN:DR:DV:RR:RV,"0/1:-14.9922,0,-8.19253:82:PASS:7138:16174:8076:2:0:0:3:5"
II,2467431,DUP00000105,G,<DUP>,252,PASS,"PRECISE;SVTYPE=DUP;SVMETHOD=EMBL.DELLYv0.9.1;END=2472239;PE=0;MAPQ=0;CT=5to3;CIPOS=-19,19;CIEND=-19,19;SRMAPQ=21;INSLEN=0;HOMLEN=32;SR=7;SRQ=0.969697;CONSENSUS=GATTCTCTCCTCCAAACCAGCCTGATCAGCGTTAAATTCGAAAATTTAACAGCACGCGTCGCGGTTTCGGCTAGAAATTTCAAAATGAAGCTAAAAGCTTCTAGTTTTCGAGTATCGAAGCCAAATTTCATGAGGAATTCAATTCTGAAACCCAAAATACCGAT;CE=1.95788",GT:GL:GQ:FT:RCL:RC:RCR:RDCN:DR:DV:RR:RV,"0/1:-17.3881,0,-10.8254:108:PASS:75:178:77:2:0:0:4:8"
II,2570404,DUP00000107,A,<DUP>,788,PASS,"IMPRECISE;SVTYPE=DUP;SVMETHOD=EMBL.DELLYv0.9.1;END=2570947;PE=19;MAPQ=40;CT=5to3;CIPOS=-50,50;CIEND=-50,50",GT:GL:GQ:FT:RCL:RC:RCR:RDCN:DR:DV:RR:RV,"0/1:-129.761,0,-38.1896:10000:PASS:15:206:24:11:10:32:0:0"
II,2874610,DEL00000108,T,<DEL>,180,PASS,"PRECISE;SVTYPE=DEL;SVMETHOD=EMBL.DELLYv0.9.1;END=2874706;PE=0;MAPQ=0;CT=3to5;CIPOS=-3,3;CIEND=-3,3;SRMAPQ=60;INSLEN=0;HOMLEN=2;SR=3;SRQ=1;CONSENSUS=GTGGTATTTCAGCTTCACTCCCGTGGTCCCGGGTTCGATCCCCACAGTGGCTTAATCTTTTTTTCAAGAACAAAATGAGATTTTTTGTGTTTTTCCCCCCAAAAACGTTCAAAACGCTTGAGCTCACAGATATAGTCATATCG;CE=1.96877",GT:GL:GQ:FT:RCL:RC:RCR:RDCN:DR:DV:RR:RV,"0/1:-15.0914,0,-11.3914:114:PASS:398:461:464:1:0:0:4:5"
II,2897728,DUP00000109,A,<DUP>,163,PASS,"IMPRECISE;SVTYPE=DUP;SVMETHOD=EMBL.DELLYv0.9.1;END=2898726;PE=4;MAPQ=47;CT=5to3;CIPOS=-189,189;CIEND=-189,189",GT:GL:GQ:FT:RCL:RC:RCR:RDCN:DR:DV:RR:RV,"0/1:-12.4453,0,-31.7881:124:PASS:9:93:27:5:9:4:0:0"
II,2897943,DEL00000110,T,<DEL>,97,PASS,"IMPRECISE;SVTYPE=DEL;SVMETHOD=EMBL.DELLYv0.9.1;END=2898666;PE=3;MAPQ=30;CT=3to5;CIPOS=-50,50;CIEND=-50,50",GT:GL:GQ:FT:RCL:RC:RCR:RDCN:DR:DV:RR:RV,"0/1:-5.49201,0,-49.4888:55:PASS:31:53:26:2:11:3:0:0"
II,3539571,DUP00000115,C,<DUP>,156,PASS,"IMPRECISE;SVTYPE=DUP;SVMETHOD=EMBL.DELLYv0.9.1;END=3539940;PE=3;MAPQ=55;CT=5to3;CIPOS=-305,305;CIEND=-305,305",GT:GL:GQ:FT:RCL:RC:RCR:RDCN:DR:DV:RR:RV,"0/1:-14.0949,0,-10.4949:105:PASS:1525:2928:1612:2:2:3:0:0"
II,3834811,DEL00000117,T,<DEL>,180,PASS,"PRECISE;SVTYPE=DEL;SVMETHOD=EMBL.DELLYv0.9.1;END=3834856;PE=0;MAPQ=0;CT=3to5;CIPOS=-1,1;CIEND=-1,1;SRMAPQ=60;INSLEN=0;HOMLEN=0;SR=3;SRQ=0.959184;CONSENSUS=GTCCCCATCCCAATTAAGCTTCCAATACGCATAAATGGGCCAATGAATAAGATATAGGGAATATGAAATATCTCCAATATAGGTTAATGCAATGTTT;CE=1.92406",GT:GL:GQ:FT:RCL:RC:RCR:RDCN:DR:DV:RR:RV,"0/1:-35.4787,0,-28.7791:10000:PASS:429:647:453:1:0:0:10:12"
II,4641311,DUP00000119,C,<DUP>,46,PASS,"IMPRECISE;SVTYPE=DUP;SVMETHOD=EMBL.DELLYv0.9.1;END=4641794;PE=3;MAPQ=22;CT=5to3;CIPOS=-85,85;CIEND=-85,85",GT:GL:GQ:FT:RCL:RC:RCR:RDCN:DR:DV:RR:RV,"0/0:0,-4.95967,-72.3291:50:PASS:4267:34810:64883:1:33:2:0:0"
II,5145050,DUP00000124,G,<DUP>,213,PASS,"IMPRECISE;SVTYPE=DUP;SVMETHOD=EMBL.DELLYv0.9.1;END=5145601;PE=6;MAPQ=40;CT=5to3;CIPOS=-50,50;CIEND=-50,50",GT:GL:GQ:FT:RCL:RC:RCR:RDCN:DR:DV:RR:RV,"0/1:-21.2795,0,-71.0131:10000:PASS:3:188:38:9:20:9:0:0"
II,6163818,DUP00000125,A,<DUP>,70,PASS,"IMPRECISE;SVTYPE=DUP;SVMETHOD=EMBL.DELLYv0.9.1;END=6167026;PE=3;MAPQ=21;CT=5to3;CIPOS=-264,264;CIEND=-264,264",GT:GL:GQ:FT:RCL:RC:RCR:RDCN:DR:DV:RR:RV,"0/1:-5.19382,0,-16.2063:52:PASS:57:146:63:2:3:3:0:0"
II,6163857,INV00000126,A,<INV>,208,PASS,"IMPRECISE;SVTYPE=INV;SVMETHOD=EMBL.DELLYv0.9.1;END=6166980;PE=4;MAPQ=55;CT=3to3;CIPOS=-302,302;CIEND=-302,302",GT:GL:GQ:FT:RCL:RC:RCR:RDCN:DR:DV:RR:RV,"0/1:-18.3918,0,-21.5918:10000:PASS:54:143:63:2:4:4:0:0"
II,6630114,DUP00000129,T,<DUP>,180,PASS,"IMPRECISE;SVTYPE=DUP;SVMETHOD=EMBL.DELLYv0.9.1;END=6630884;PE=3;MAPQ=60;CT=5to3;CIPOS=-265,265;CIEND=-265,265",GT:GL:GQ:FT:RCL:RC:RCR:RDCN:DR:DV:RR:RV,"0/1:-14.3876,0,-50.3876:144:PASS:12:66:11:6:9:3:0:0"
II,9957742,DEL00000140,T,<DEL>,180,PASS,"PRECISE;SVTYPE=DEL;SVMETHOD=EMBL.DELLYv0.9.1;END=9957769;PE=0;MAPQ=0;CT=3to5;CIPOS=-2,2;CIEND=-2,2;SRMAPQ=60;INSLEN=0;HOMLEN=1;SR=3;SRQ=1;CONSENSUS=CTCATCGTCCTACTTTCTAACTCCCGTCGTTTTCTCGATAGTTTTCACTGGCGCGGTGAAAGTAACGGATTTCCGATGTGAAGCCCGCCCGCTTTTTTTGTGTCCCGTTCATTTACATATAGA;CE=1.94392",GT:GL:GQ:FT:RCL:RC:RCR:RDCN:DR:DV:RR:RV,"0/1:-18.5904,0,-10.9904:110:PASS:120:110:78:1:0:0:4:6"
II,10122122,DUP00000141,T,<DUP>,180,PASS,"PRECISE;SVTYPE=DUP;SVMETHOD=EMBL.DELLYv0.9.1;END=10122290;PE=0;MAPQ=0;CT=5to3;CIPOS=-29,29;CIEND=-29,29;SRMAPQ=60;INSLEN=0;HOMLEN=28;SR=3;SRQ=1;CONSENSUS=ATTCCAGTTTTAGTTTAGCTCCCAATTAATATATTTTTCAATTTCCAAAAAAATTATTTTCTTCCAAACCAAACACCCAATTTTTTAAACTTTACAAATTTACTTATTAATGTCTGGATAAAAATATAACCACACAAAATC;CE=1.71085",GT:GL:GQ:FT:RCL:RC:RCR:RDCN:DR:DV:RR:RV,"0/1:-11.7884,0,-21.5465:118:PASS:1287:3148:1043:3:0:0:7:5"
II,10873915,INV00000143,T,<INV>,420,PASS,"PRECISE;SVTYPE=INV;SVMETHOD=EMBL.DELLYv0.9.1;END=10875156;PE=3;MAPQ=60;CT=5to5;CIPOS=-1,1;CIEND=-1,1;SRMAPQ=60;INSLEN=0;HOMLEN=0;SR=4;SRQ=1;CONSENSUS=GGCACTGGGCTGGACAGTTGCTCGTTTCAAAATTTTTGGCCGTGGCATTTTCTGAAATTAAAATTGAGTAAAAGTTCTTCTTGGAGCTATCAATGAGAATATGAAGCTG;CE=1.94519",GT:GL:GQ:FT:RCL:RC:RCR:RDCN:DR:DV:RR:RV,"0/1:-20.1839,0,-30.1833:10000:PASS:25:65:39:2:7:3:10:7"
II,11211557,DUP00000144,A,<DUP>,268,PASS,"IMPRECISE;SVTYPE=DUP;SVMETHOD=EMBL.DELLYv0.9.1;END=11212104;PE=7;MAPQ=39;CT=5to3;CIPOS=-50,50;CIEND=-50,50",GT:GL:GQ:FT:RCL:RC:RCR:RDCN:DR:DV:RR:RV,"0/1:-22.7702,0,-20.789:10000:PASS:11:58:8:6:7:7:0:0"
II,13583099,DUP00000149,C,<DUP>,141,PASS,"IMPRECISE;SVTYPE=DUP;SVMETHOD=EMBL.DELLYv0.9.1;END=13583677;PE=4;MAPQ=60;CT=5to3;CIPOS=-274,274;CIEND=-274,274",GT:GL:GQ:FT:RCL:RC:RCR:RDCN:DR:DV:RR:RV,"0/1:-10.4876,0,-44.4849:105:PASS:6:30:15:3:8:4:0:0"
II,13598795,DUP00000150,T,<DUP>,90,PASS,"IMPRECISE;SVTYPE=DUP;SVMETHOD=EMBL.DELLYv0.9.1;END=13599321;PE=4;MAPQ=33;CT=5to3;CIPOS=-50,50;CIEND=-50,50",GT:GL:GQ:FT:RCL:RC:RCR:RDCN:DR:DV:RR:RV,"0/1:-1.5112,0,-65.3669:15:PASS:9:60:44:2:22:4:0:0"
II,13870585,DUP00000151,T,<DUP>,240,PASS,"IMPRECISE;SVTYPE=DUP;SVMETHOD=EMBL.DELLYv0.9.1;END=13871145;PE=4;MAPQ=60;CT=5to3;CIPOS=-133,133;CIEND=-133,133",GT:GL:GQ:FT:RCL:RC:RCR:RDCN:DR:DV:RR:RV,"0/1:-21.2907,0,-27.2907:10000:PASS:10:25:4:4:5:4:0:0"
II,13984939,DUP00000152,T,<DUP>,607,PASS,"IMPRECISE;SVTYPE=DUP;SVMETHOD=EMBL.DELLYv0.9.1;END=13985375;PE=17;MAPQ=40;CT=5to3;CIPOS=-104,104;CIEND=-104,104",GT:GL:GQ:FT:RCL:RC:RCR:RDCN:DR:DV:RR:RV,"0/1:-49.6426,0,-64.4245:10000:PASS:3645:107907:6806:21:20:17:0:0"
II,13984939,DUP00000153,T,<DUP>,141,PASS,"PRECISE;SVTYPE=DUP;SVMETHOD=EMBL.DELLYv0.9.1;END=13986736;PE=0;MAPQ=0;CT=5to3;CIPOS=-25,25;CIEND=-25,25;SRMAPQ=45;INSLEN=0;HOMLEN=24;SR=3;SRQ=1;CONSENSUS=CGTCTGTCAATCTATTTTTCGTGTAACAATCTATTTTTTCGTATGCCAATCTATTTTTCGTGTAACAATCTATTTTTCGTCTGTCAATCTATTTTTCGTCTGTCAATCTATTTTTCGTCTGTCAATCTATTTTCGTCTGTCAAT;CE=1.78021",GT:GL:GQ:FT:RCL:RC:RCR:RDCN:DR:DV:RR:RV,"0/1:-62.3702,0,-19.2097:10000:PASS:29:824:31:27:0:0:8:22"
II,13985134,DEL00000154,C,<DEL>,142,PASS,"IMPRECISE;SVTYPE=DEL;SVMETHOD=EMBL.DELLYv0.9.1;END=13986618;PE=3;MAPQ=50;CT=3to5;CIPOS=-241,241;CIEND=-241,241",GT:GL:GQ:FT:RCL:RC:RCR:RDCN:DR:DV:RR:RV,"0/1:-0.725126,0,-135.053:8:LowQual:157:655:50:6:43:3:0:0"
II,14337668,DUP00000155,C,<DUP>,221,PASS,"IMPRECISE;SVTYPE=DUP;SVMETHOD=EMBL.DELLYv0.9.1;END=14338033;PE=8;MAPQ=36;CT=5to3;CIPOS=-177,177;CIEND=-177,177",GT:GL:GQ:FT:RCL:RC:RCR:RDCN:DR:DV:RR:RV,"0/1:-15.3744,0,-41.2208:154:PASS:2250:53354:10091:9:15:8:0:0"
III,158849,DUP00000160,T,<DUP>,1020,PASS,"PRECISE;SVTYPE=DUP;SVMETHOD=EMBL.DELLYv0.9.1;END=162360;PE=7;MAPQ=60;CT=5to3;CIPOS=-3,3;CIEND=-3,3;SRMAPQ=60;INSLEN=0;HOMLEN=2;SR=10;SRQ=1;CONSENSUS=CCGGATTTCAATTCGCTATCCACCACTGACCTGGTGGGAATAGCACATCAGATTGCGAATGGGATGGAGTGGCTTGGAAATGTTCCGGTAACCGGTGGAATTTTTTCTTGGAGAATAGTGAAAGTATGGAGGTATTGGATATTACAGATTTGAGTTGTAATAAGAGTGGAA;CE=1.94121",GT:GL:GQ:FT:RCL:RC:RCR:RDCN:DR:DV:RR:RV,"0/1:-46.4764,0,-25.077:10000:PASS:62:285:60:5:8:7:9:15"
III,481715,DUP00000163,T,<DUP>,62,PASS,"IMPRECISE;SVTYPE=DUP;SVMETHOD=EMBL.DELLYv0.9.1;END=493013;PE=3;MAPQ=20;CT=5to3;CIPOS=-273,273;CIEND=-273,273",GT:GL:GQ:FT:RCL:RC:RCR:RDCN:DR:DV:RR:RV,"0/1:-3.94712,0,-31.1356:39:PASS:213:429:215:2:7:4:0:0"
III,1299759,DUP00000171,G,<DUP>,445,PASS,"IMPRECISE;SVTYPE=DUP;SVMETHOD=EMBL.DELLYv0.9.1;END=1300139;PE=17;MAPQ=28;CT=5to3;CIPOS=-161,161;CIEND=-161,161",GT:GL:GQ:FT:RCL:RC:RCR:RDCN:DR:DV:RR:RV,"0/1:-34.5663,0,-46.182:10000:PASS:1257:142383:27807:10:17:17:0:0"
III,1301373,DUP00000174,T,<DUP>,189,PASS,"IMPRECISE;SVTYPE=DUP;SVMETHOD=EMBL.DELLYv0.9.1;END=1301889;PE=8;MAPQ=22;CT=5to3;CIPOS=-50,50;CIEND=-50,50",GT:GL:GQ:FT:RCL:RC:RCR:RDCN:DR:DV:RR:RV,"0/1:-0.442895,0,-160.938:5:LowQual:1:199:262:2:84:14:0:0"
III,2110820,DUP00000176,T,<DUP>,221,PASS,"IMPRECISE;SVTYPE=DUP;SVMETHOD=EMBL.DELLYv0.9.1;END=2116010;PE=5;MAPQ=60;CT=5to3;CIPOS=-81,81;CIEND=-81,81",GT:GL:GQ:FT:RCL:RC:RCR:RDCN:DR:DV:RR:RV,"0/1:-17.5846,0,-55.495:10000:PASS:84:324:92:4:10:5:0:0"
III,2113454,INV00000177,T,<INV>,168,PASS,"PRECISE;SVTYPE=INV;SVMETHOD=EMBL.DELLYv0.9.1;END=2116009;PE=2;MAPQ=12;CT=3to3;CIPOS=-12,12;CIEND=-12,12;SRMAPQ=60;INSLEN=0;HOMLEN=11;SR=4;SRQ=1;CONSENSUS=AAAAATTCAAATTTTTTGAATATTTTTTGGCGGGAAATTCAAAAATTTAAATTTTCACATTTTTTAGCGTTGGAAAGAGAATCTCGAGTACAGCACGTCGTCCCGATTTGTGCA;CE=1.89563",GT:GL:GQ:FT:RCL:RC:RCR:RDCN:DR:DV:RR:RV,"0/1:-4.28328,0,-44.1383:43:PASS:99:144:51:2:14:2:14:4"
III,2497436,DUP00000179,A,<DUP>,57,PASS,"IMPRECISE;SVTYPE=DUP;SVMETHOD=EMBL.DELLYv0.9.1;END=2497753;PE=3;MAPQ=24;CT=5to3;CIPOS=-251,251;CIEND=-251,251",GT:GL:GQ:FT:RCL:RC:RCR:RDCN:DR:DV:RR:RV,"0/0:0,-2.06212,-81.0231:21:PASS:5205:36593:8170:5:37:3:0:0"
III,2500368,DUP00000181,G,<DUP>,77,PASS,"IMPRECISE;SVTYPE=DUP;SVMETHOD=EMBL.DELLYv0.9.1;END=2500808;PE=3;MAPQ=32;CT=5to3;CIPOS=-101,101;CIEND=-101,101",GT:GL:GQ:FT:RCL:RC:RCR:RDCN:DR:DV:RR:RV,"0/0:0,-0.845736,-55.8961:9:LowQual:3964:25188:18090:2:29:4:0:0"
III,2841312,BND00000183,T,[I:14448379[T,420,PASS,"PRECISE;SVTYPE=BND;SVMETHOD=EMBL.DELLYv0.9.1;END=2841313;CHR2=I;POS2=14448379;PE=0;MAPQ=0;CT=5to5;CIPOS=-22,22;CIEND=-22,22;SRMAPQ=60;INSLEN=0;HOMLEN=22;SR=7;SRQ=0.980132;CONSENSUS=CTCGGAAATTGTCGGCCGTCGTGGATAACTACCCCAAAACCGGACGACCGGACGTCCGGTTGTACAGCCCTACTAAAAACCTTTAATCTTTTAAGTTACAAGCACGTGAGCAAAACGTGTTGTCATTTTGCAAATTTGAACCTTAAATCGG;CE=1.9889",GT:GL:GQ:FT:RCL:RC:RCR:RDCN:DR:DV:RR:RV,"0/1:-25.2881,0,-10.6885:107:PASS:5046:10312:5266:2:0:0:4:8"
III,3987111,DUP00000190,T,<DUP>,90,PASS,"IMPRECISE;SVTYPE=DUP;SVMETHOD=EMBL.DELLYv0.9.1;END=3987659;PE=6;MAPQ=21;CT=5to3;CIPOS=-50,50;CIEND=-50,50",GT:GL:GQ:FT:RCL:RC:RCR:RDCN:DR:DV:RR:RV,"0/1:-3.43651,0,-41.7343:34:PASS:6:175:15:17:14:4:0:0"
III,5354304,DUP00000193,T,<DUP>,59,PASS,"IMPRECISE;SVTYPE=DUP;SVMETHOD=EMBL.DELLYv0.9.1;END=5354820;PE=3;MAPQ=20;CT=5to3;CIPOS=-50,50;CIEND=-50,50",GT:GL:GQ:FT:RCL:RC:RCR:RDCN:DR:DV:RR:RV,"0/1:-1.1288,0,-15.2859:11:LowQual:14:91:42:3:16:2:0:0"
III,5355133,DUP00000194,T,<DUP>,61,PASS,"IMPRECISE;SVTYPE=DUP;SVMETHOD=EMBL.DELLYv0.9.1;END=5355428;PE=3;MAPQ=20;CT=5to3;CIPOS=-248,248;CIEND=-248,248",GT:GL:GQ:FT:RCL:RC:RCR:RDCN:DR:DV:RR:RV,"0/0:0,-0.38794,-27.1644:5:LowQual:5309:46764:4260:10:21:3:0:0"
III,5507063,DUP00000196,A,<DUP>,540,PASS,"IMPRECISE;SVTYPE=DUP;SVMETHOD=EMBL.DELLYv0.9.1;END=5509336;PE=9;MAPQ=60;CT=5to3;CIPOS=-50,50;CIEND=-50,50",GT:GL:GQ:FT:RCL:RC:RCR:RDCN:DR:DV:RR:RV,"0/1:-54.2804,0,-48.2804:10000:PASS:48:201:42:4:9:10:0:0"
III,7596710,DUP00000205,C,<DUP>,91,PASS,"IMPRECISE;SVTYPE=DUP;SVMETHOD=EMBL.DELLYv0.9.1;END=7597066;PE=4;MAPQ=29;CT=5to3;CIPOS=-186,186;CIEND=-186,186",GT:GL:GQ:FT:RCL:RC:RCR:RDCN:DR:DV:RR:RV,"0/1:-6.30678,0,-12.9928:63:PASS:1793:17397:2201:9:6:3:0:0"
III,13778121,INV00000215,T,<INV>,386,PASS,"IMPRECISE;SVTYPE=INV;SVMETHOD=EMBL.DELLYv0.9.1;END=13778981;PE=9;MAPQ=57;CT=5to5;CIPOS=-250,250;CIEND=-250,250",GT:GL:GQ:FT:RCL:RC:RCR:RDCN:DR:DV:RR:RV,"0/1:-28.064,0,-142.094:10000:PASS:17:123:136:2:26:9:0:0"
IV,1831048,DUP00000218,G,<DUP>,281,PASS,"IMPRECISE;SVTYPE=DUP;SVMETHOD=EMBL.DELLYv0.9.1;END=1831539;PE=11;MAPQ=22;CT=5to3;CIPOS=-50,50;CIEND=-50,50",GT:GL:GQ:FT:RCL:RC:RCR:RDCN:DR:DV:RR:RV,"0/1:-22.759,0,-22.6333:10000:PASS:2582:24323:3234:8:7:11:0:0"
IV,1950188,DEL00000219,C,<DEL>,144,PASS,"IMPRECISE;SVTYPE=DEL;SVMETHOD=EMBL.DELLYv0.9.1;END=1950852;PE=6;MAPQ=23;CT=3to5;CIPOS=-135,135;CIEND=-135,135",GT:GL:GQ:FT:RCL:RC:RCR:RDCN:DR:DV:RR:RV,"0/1:-9.58946,0,-47.499:96:PASS:23:21:47:1:10:6:0:0"
IV,2025955,DEL00000221,T,<DEL>,127,PASS,"IMPRECISE;SVTYPE=DEL;SVMETHOD=EMBL.DELLYv0.9.1;END=2029969;PE=3;MAPQ=40;CT=3to5;CIPOS=-349,349;CIEND=-349,349",GT:GL:GQ:FT:RCL:RC:RCR:RDCN:DR:DV:RR:RV,"0/1:-10.2918,0,-27.5927:103:PASS:79:124:64:2:5:3:0:0"
IV,3136171,INV00000229,A,<INV>,826,PASS,"PRECISE;SVTYPE=INV;SVMETHOD=EMBL.DELLYv0.9.1;END=3170032;PE=5;MAPQ=60;CT=3to3;CIPOS=-7,7;CIEND=-7,7;SRMAPQ=60;INSLEN=0;HOMLEN=7;SR=9;SRQ=1;CONSENSUS=GTTTGATCTACAAAAAATGCGGAATTTTTTCGGGCAAAAATATGTGACGTCAGCACGTTCTTAAACAAAAGGAAAAAAGTTGAGAACTCTGCGTCTCTTCTCCCGCATTTTTTGTAGATCTAAGTAGATCAAGCCCAAATGAGACAGTCTGGCACCACGTGCAAATACCTAACGAGACCC;CE=1.96878",GT:GL:GQ:FT:RCL:RC:RCR:RDCN:DR:DV:RR:RV,"1/1:-57.1981,-4.81457,0:48:PASS:605:1114:544:2:0:5:0:16"
IV,3136177,INV00000230,G,<INV>,840,PASS,"PRECISE;SVTYPE=INV;SVMETHOD=EMBL.DELLYv0.9.1;END=3170028;PE=6;MAPQ=60;CT=5to5;CIPOS=-7,7;CIEND=-7,7;SRMAPQ=60;INSLEN=0;HOMLEN=8;SR=8;SRQ=1;CONSENSUS=GTTTGACTTAAGGATTTTTTATCCGTTTTTAGAATCTCGTCGCTATTCCGTAAACTTTCCAAAAATGTTGTATGGCGAGCACAATTTGAAGTAACTTTTTCATTCAGATCATCTCGTTGGCTCTTTAAATTCTTTAATTCTGCCTCAGAATCTTGAATTTCTTGAGCAATAGCTCTATACTTGAAAAAGCCAC;CE=1.9074",GT:GL:GQ:FT:RCL:RC:RCR:RDCN:DR:DV:RR:RV,"1/1:-35.8988,-3.00914,0:30:PASS:605:1114:543:2:0:6:0:10"
IV,3366718,DUP00000234,A,<DUP>,418,PASS,"IMPRECISE;SVTYPE=DUP;SVMETHOD=EMBL.DELLYv0.9.1;END=3367131;PE=17;MAPQ=27;CT=5to3;CIPOS=-131,131;CIEND=-131,131",GT:GL:GQ:FT:RCL:RC:RCR:RDCN:DR:DV:RR:RV,"0/1:-33.5788,0,-51.3503:10000:PASS:2410:132503:4100:41:11:15:0:0"
IV,6359357,DUP00000246,A,<DUP>,79,PASS,"IMPRECISE;SVTYPE=DUP;SVMETHOD=EMBL.DELLYv0.9.1;END=6359827;PE=3;MAPQ=34;CT=5to3;CIPOS=-92,92;CIEND=-92,92",GT:GL:GQ:FT:RCL:RC:RCR:RDCN:DR:DV:RR:RV,"0/1:-3.39739,0,-43.2499:34:PASS:3320:22961:4977:6:12:3:0:0"
IV,8374023,INV00000266,C,<INV>,124,PASS,"IMPRECISE;SVTYPE=INV;SVMETHOD=EMBL.DELLYv0.9.1;END=8374731;PE=4;MAPQ=37;CT=3to3;CIPOS=-262,262;CIEND=-262,262",GT:GL:GQ:FT:RCL:RC:RCR:RDCN:DR:DV:RR:RV,"0/1:-7.89036,0,-42.1902:79:PASS:19:38:7:3:11:4:0:0"
IV,8441395,DUP00000267,T,<DUP>,48,PASS,"IMPRECISE;SVTYPE=DUP;SVMETHOD=EMBL.DELLYv0.9.1;END=9538168;PE=3;MAPQ=21;CT=5to3;CIPOS=-178,178;CIEND=-178,178",GT:GL:GQ:FT:RCL:RC:RCR:RDCN:DR:DV:RR:RV,"0/1:-2.99382,0,-16.1264:30:PASS:22292:48152:22916:2:3:3:0:0"
IV,8442985,DEL00000268,T,<DEL>,98,PASS,"IMPRECISE;SVTYPE=DEL;SVMETHOD=EMBL.DELLYv0.9.1;END=9538164;PE=4;MAPQ=30;CT=3to5;CIPOS=-141,141;CIEND=-141,141",GT:GL:GQ:FT:RCL:RC:RCR:RDCN:DR:DV:RR:RV,"0/1:-6.48873,0,-34.1649:65:PASS:22251:48086:22874:2:7:4:0:0"
IV,8572739,DUP00000270,A,<DUP>,202,PASS,"IMPRECISE;SVTYPE=DUP;SVMETHOD=EMBL.DELLYv0.9.1;END=8573027;PE=7;MAPQ=40;CT=5to3;CIPOS=-252,252;CIEND=-252,252",GT:GL:GQ:FT:RCL:RC:RCR:RDCN:DR:DV:RR:RV,"0/1:-14.0548,0,-46.8521:141:PASS:2936:20202:4566:5:14:7:0:0"
IV,8573421,DUP00000274,T,<DUP>,243,PASS,"IMPRECISE;SVTYPE=DUP;SVMETHOD=EMBL.DELLYv0.9.1;END=8573807;PE=8;MAPQ=39;CT=5to3;CIPOS=-153,153;CIEND=-153,153",GT:GL:GQ:FT:RCL:RC:RCR:RDCN:DR:DV:RR:RV,"0/1:-14.3979,0,-64.3968:144:PASS:9894:90351:21178:6:26:8:0:0"
IV,8573705,DEL00000278,C,<DEL>,1063,PASS,"IMPRECISE;SVTYPE=DEL;SVMETHOD=EMBL.DELLYv0.9.1;END=8574549;PE=38;MAPQ=32;CT=3to5;CIPOS=-148,148;CIEND=-148,148",GT:GL:GQ:FT:RCL:RC:RCR:RDCN:DR:DV:RR:RV,"0/1:-86.9649,0,-74.9516:10000:PASS:237:182:242:1:29:33:0:0"
IV,8574793,DEL00000289,T,<DEL>,315,PASS,"IMPRECISE;SVTYPE=DEL;SVMETHOD=EMBL.DELLYv0.9.1;END=8580799;PE=12;MAPQ=24;CT=3to5;CIPOS=-143,143;CIEND=-143,143",GT:GL:GQ:FT:RCL:RC:RCR:RDCN:DR:DV:RR:RV,"0/1:-22.7813,0,-50.3239:10000:PASS:766:1464:401:3:21:13:0:0"
IV,8576397,DUP00000291,C,<DUP>,153,PASS,"IMPRECISE;SVTYPE=DUP;SVMETHOD=EMBL.DELLYv0.9.1;END=8579446;PE=7;MAPQ=21;CT=5to3;CIPOS=-134,134;CIEND=-134,134",GT:GL:GQ:FT:RCL:RC:RCR:RDCN:DR:DV:RR:RV,"0/1:-4.94018,0,-72.7448:49:PASS:108:905:600:3:29:7:0:0"
IV,8576917,DUP00000293,C,<DUP>,79,PASS,"IMPRECISE;SVTYPE=DUP;SVMETHOD=EMBL.DELLYv0.9.1;END=8577258;PE=3;MAPQ=30;CT=5to3;CIPOS=-202,202;CIEND=-202,202",GT:GL:GQ:FT:RCL:RC:RCR:RDCN:DR:DV:RR:RV,"0/0:0,-1.28669,-89.6137:13:LowQual:7902:71371:17287:6:28:3:0:0"
IV,8577646,DUP00000299,C,<DUP>,89,PASS,"IMPRECISE;SVTYPE=DUP;SVMETHOD=EMBL.DELLYv0.9.1;END=8577992;PE=4;MAPQ=37;CT=5to3;CIPOS=-217,217;CIEND=-217,217",GT:GL:GQ:FT:RCL:RC:RCR:RDCN:DR:DV:RR:RV,"0/1:-4.67733,0,-19.8431:47:PASS:9407:20100:930:4:12:3:0:0"
IV,8578334,DUP00000300,A,<DUP>,213,PASS,"IMPRECISE;SVTYPE=DUP;SVMETHOD=EMBL.DELLYv0.9.1;END=8578865;PE=8;MAPQ=40;CT=5to3;CIPOS=-50,50;CIEND=-50,50",GT:GL:GQ:FT:RCL:RC:RCR:RDCN:DR:DV:RR:RV,"0/1:-20.3641,0,-34.2193:10000:PASS:5:139:30:8:12:10:0:0"
IV,8579903,DEL00000304,T,<DEL>,182,PASS,"IMPRECISE;SVTYPE=DEL;SVMETHOD=EMBL.DELLYv0.9.1;END=8580801;PE=8;MAPQ=20;CT=3to5;CIPOS=-50,50;CIEND=-50,50",GT:GL:GQ:FT:RCL:RC:RCR:RDCN:DR:DV:RR:RV,"0/1:-9.39613,0,-55.4964:94:PASS:201:235:232:1:22:8:0:0"
IV,8580048,DUP00000305,A,<DUP>,139,PASS,"IMPRECISE;SVTYPE=DUP;SVMETHOD=EMBL.DELLYv0.9.1;END=8580526;PE=6;MAPQ=31;CT=5to3;CIPOS=-73,73;CIEND=-73,73",GT:GL:GQ:FT:RCL:RC:RCR:RDCN:DR:DV:RR:RV,"0/1:-9.60614,0,-67.9323:96:PASS:13910:47068:8926:4:29:7:0:0"
IV,9046962,DUP00000307,G,<DUP>,131,PASS,"IMPRECISE;SVTYPE=DUP;SVMETHOD=EMBL.DELLYv0.9.1;END=9047514;PE=6;MAPQ=29;CT=5to3;CIPOS=-50,50;CIEND=-50,50",GT:GL:GQ:FT:RCL:RC:RCR:RDCN:DR:DV:RR:RV,"0/1:-10.0718,0,-115.015:101:PASS:40:281:85:4:43:10:0:0"
IV,9046971,DEL00000308,A,<DEL>,97,PASS,"IMPRECISE;SVTYPE=DEL;SVMETHOD=EMBL.DELLYv0.9.1;END=9047797;PE=4;MAPQ=33;CT=3to5;CIPOS=-186,186;CIEND=-186,186",GT:GL:GQ:FT:RCL:RC:RCR:RDCN:DR:DV:RR:RV,"1/1:-9.62192,-1.12604,0:11:LowQual:64:366:39:7:0:4:0:0"
IV,9048167,DUP00000311,A,<DUP>,528,PASS,"IMPRECISE;SVTYPE=DUP;SVMETHOD=EMBL.DELLYv0.9.1;END=9048696;PE=18;MAPQ=30;CT=5to3;CIPOS=-50,50;CIEND=-50,50",GT:GL:GQ:FT:RCL:RC:RCR:RDCN:DR:DV:RR:RV,"0/1:-44.9974,0,-18.1166:10000:PASS:33:342:11:16:9:17:0:0"
IV,9852303,DUP00000313,A,<DUP>,300,PASS,"PRECISE;SVTYPE=DUP;SVMETHOD=EMBL.DELLYv0.9.1;END=9852492;PE=0;MAPQ=0;CT=5to3;CIPOS=-6,6;CIEND=-6,6;SRMAPQ=60;INSLEN=0;HOMLEN=6;SR=5;SRQ=1;CONSENSUS=CGTGAAAACTGATATTTCAAAAATCGAGTAATAAAATTTAAATTCATTAAAAATTTTGAATTTCTCACGCGTTGCTCTACTGCCCTAAAATTATTATTATTTATATTTTGTGTCTACGTGCGTGAAAGTGAAAACTGAAAACTGAAAAATA;CE=1.83298",GT:GL:GQ:FT:RCL:RC:RCR:RDCN:DR:DV:RR:RV,"0/1:-17.5893,0,-14.3896:144:PASS:1079:3373:522:4:0:0:5:6"
IV,10943672,INV00000316,C,<INV>,83,PASS,"IMPRECISE;SVTYPE=INV;SVMETHOD=EMBL.DELLYv0.9.1;END=10945718;PE=4;MAPQ=31;CT=5to5;CIPOS=-130,130;CIEND=-130,130",GT:GL:GQ:FT:RCL:RC:RCR:RDCN:DR:DV:RR:RV,"0/0:0,-0.56911,-64.8352:7:LowQual:72:209:535:1:27:3:0:0"
IV,11144455,DUP00000319,A,<DUP>,165,PASS,"IMPRECISE;SVTYPE=DUP;SVMETHOD=EMBL.DELLYv0.9.1;END=11145026;PE=3;MAPQ=60;CT=5to3;CIPOS=-99,99;CIEND=-99,99",GT:GL:GQ:FT:RCL:RC:RCR:RDCN:DR:DV:RR:RV,"0/1:-11.6836,0,-69.1835:117:PASS:9:49:9:5:13:3:0:0"
IV,13922385,DUP00000331,A,<DUP>,58,PASS,"IMPRECISE;SVTYPE=DUP;SVMETHOD=EMBL.DELLYv0.9.1;END=13923924;PE=3;MAPQ=22;CT=5to3;CIPOS=-310,310;CIEND=-310,310",GT:GL:GQ:FT:RCL:RC:RCR:RDCN:DR:DV:RR:RV,"0/1:-3.39186,0,-21.8414:34:PASS:35:107:32:3:5:3:0:0"
IV,15059141,DUP00000335,T,<DUP>,198,PASS,"IMPRECISE;SVTYPE=DUP;SVMETHOD=EMBL.DELLYv0.9.1;END=15059509;PE=6;MAPQ=40;CT=5to3;CIPOS=-174,174;CIEND=-174,174",GT:GL:GQ:FT:RCL:RC:RCR:RDCN:DR:DV:RR:RV,"0/1:-14.6212,0,-38.8784:146:PASS:2542:25229:2908:9:12:6:0:0"
IV,15189018,DUP00000337,A,<DUP>,102,PASS,"IMPRECISE;SVTYPE=DUP;SVMETHOD=EMBL.DELLYv0.9.1;END=15189303;PE=4;MAPQ=28;CT=5to3;CIPOS=-258,258;CIEND=-258,258",GT:GL:GQ:FT:RCL:RC:RCR:RDCN:DR:DV:RR:RV,"0/1:-6.03747,0,-21.9877:60:PASS:2809:13166:1627:6:11:3:0:0"
IV,15853995,DEL00000339,C,<DEL>,128,PASS,"IMPRECISE;SVTYPE=DEL;SVMETHOD=EMBL.DELLYv0.9.1;END=16571536;PE=3;MAPQ=60;CT=3to5;CIPOS=-248,248;CIEND=-248,248",GT:GL:GQ:FT:RCL:RC:RCR:RDCN:DR:DV:RR:RV,"0/1:-10.9938,0,-16.2688:110:PASS:13457:27271:13840:2:3:3:0:0"
IV,16244180,DUP00000340,G,<DUP>,93,PASS,"IMPRECISE;SVTYPE=DUP;SVMETHOD=EMBL.DELLYv0.9.1;END=16245084;PE=3;MAPQ=33;CT=5to3;CIPOS=-93,93;CIEND=-93,93",GT:GL:GQ:FT:RCL:RC:RCR:RDCN:DR:DV:RR:RV,"0/1:-5.692,0,-40.3914:57:PASS:20:65:36:2:9:3:0:0"
IV,17492393,INV00000347,A,<INV>,596,PASS,"PRECISE;SVTYPE=INV;SVMETHOD=EMBL.DELLYv0.9.1;END=17493072;PE=9;MAPQ=59;CT=3to3;CIPOS=-17,17;CIEND=-17,17;SRMAPQ=60;INSLEN=0;HOMLEN=16;SR=4;SRQ=0.984962;CONSENSUS=ACCTAGTTTTCAAACATCACCAACAGAACTGTTTCTTCTAAAAAAACGTGAAGCCAGTGAGTAAAATAAACTGTAAAGCCAGAGAGTAAAAAATACGGTGAAGCCAGAGAGTAAAATAAACTGTGAAGCCA;CE=1.8727",GT:GL:GQ:FT:RCL:RC:RCR:RDCN:DR:DV:RR:RV,"0/1:-34.5861,0,-6.08713:61:PASS:13:30:16:2:2:8:3:11"
V,265049,DUP00000348,T,<DUP>,1518,PASS,"IMPRECISE;SVTYPE=DUP;SVMETHOD=EMBL.DELLYv0.9.1;END=265550;PE=51;MAPQ=29;CT=5to3;CIPOS=-50,50;CIEND=-50,50",GT:GL:GQ:FT:RCL:RC:RCR:RDCN:DR:DV:RR:RV,"0/1:-134.225,0,-336.001:10000:PASS:14:1155:561:4:91:51:0:0"
V,415544,DEL00000354,G,<DEL>,144,PASS,"PRECISE;SVTYPE=DEL;SVMETHOD=EMBL.DELLYv0.9.1;END=20364765;PE=0;MAPQ=0;CT=3to5;CIPOS=-2,2;CIEND=-2,2;SRMAPQ=60;INSLEN=0;HOMLEN=2;SR=3;SRQ=0.980392;CONSENSUS=GGGGATGATGAAAAATGCAAAAATGTATTTTTAAACAGTTTTACCCCTATTCATGTGTGTAGAAAAATGTAAAAAAATCGCATGCATTTTTTGCATTTTTC;CE=1.8588",GT:GL:GQ:FT:RCL:RC:RCR:RDCN:DR:DV:RR:RV,"0/1:-13.7912,0,-11.493:115:PASS:18663:799687:21889:39:0:0:4:5"
V,686153,BND00000355,T,]II:2141116]T,387,PASS,"PRECISE;SVTYPE=BND;SVMETHOD=EMBL.DELLYv0.9.1;END=686154;CHR2=II;POS2=2141116;PE=0;MAPQ=0;CT=5to3;CIPOS=-13,13;CIEND=-13,13;SRMAPQ=60;INSLEN=0;HOMLEN=13;SR=8;SRQ=0.987342;CONSENSUS=GCTCTCGGCGCGAGCACACATTCAAAAAACGAATACACATTCAAAAACGTTGTTCAAACTTTTTTCATGTAGCCAAAAACTATTAACAAGGAAAGTAAGTCAATCTAGTCCCGGACTTTAAATCGAGACGTATGTCATTTGAAAATTTATGTTTAGAC;CE=1.92622",GT:GL:GQ:FT:RCL:RC:RCR:RDCN:DR:DV:RR:RV,"0/1:-34.0849,0,-6.41251:64:PASS:4543:9819:5276:2:0:0:3:12"
V,945972,INV00000356,T,<INV>,180,PASS,"PRECISE;SVTYPE=INV;SVMETHOD=EMBL.DELLYv0.9.1;END=16812045;PE=0;MAPQ=0;CT=5to5;CIPOS=-15,15;CIEND=-15,15;SRMAPQ=60;INSLEN=0;HOMLEN=14;SR=3;SRQ=1;CONSENSUS=CAATCAGCGTCTTCGAACTCCGCCCACTCCATCTGATTGGTTGAAAAATGGGCGGAGCCAGTCGCGCTGATTGGTCGCAGTTTCGATTTTGGAAAAGTATCGAAATTTGGCGAA;CE=1.99753",GT:GL:GQ:FT:RCL:RC:RCR:RDCN:DR:DV:RR:RV,"0/1:-12.995,0,-1.89527:19:PASS:39757:642021:158461:6:0:0:1:4"
V,1645711,DEL00000363,C,<DEL>,720,PASS,"PRECISE;SVTYPE=DEL;SVMETHOD=EMBL.DELLYv0.9.1;END=1647498;PE=6;MAPQ=60;CT=3to5;CIPOS=-3,3;CIEND=-3,3;SRMAPQ=60;INSLEN=0;HOMLEN=2;SR=6;SRQ=1;CONSENSUS=TTAGTCCGTGAATTTCAGATACTACGCCGGATATGCTCAAGTCGCAAATACTATCCGCGCGGGATCAGTTTGGGTCAACTGTTATGATGTTTTTGATCCTGCTGCTCCGTTTGGAGGATTCAAACAATCTGGTAACAAAAATAATTATTCCA;CE=1.9761",GT:GL:GQ:FT:RCL:RC:RCR:RDCN:DR:DV:RR:RV,"1/1:-46.3984,-3.91178,0:39:PASS:36:0:40:0:0:7:0:13"
V,1712554,DUP00000364,C,<DUP>,206,PASS,"IMPRECISE;SVTYPE=DUP;SVMETHOD=EMBL.DELLYv0.9.1;END=1714676;PE=4;MAPQ=52;CT=5to3;CIPOS=-168,168;CIEND=-168,168",GT:GL:GQ:FT:RCL:RC:RCR:RDCN:DR:DV:RR:RV,"0/1:-18.1918,0,-17.5918:10000:PASS:39:157:40:4:4:4:0:0"
V,1712749,DEL00000366,G,<DEL>,153,PASS,"IMPRECISE;SVTYPE=DEL;SVMETHOD=EMBL.DELLYv0.9.1;END=1713811;PE=3;MAPQ=54;CT=3to5;CIPOS=-248,248;CIEND=-248,248",GT:GL:GQ:FT:RCL:RC:RCR:RDCN:DR:DV:RR:RV,"0/1:-8.68341,0,-78.1774:87:PASS:24:39:86:1:19:3:0:0"
V,3098866,DUP00000373,T,<DUP>,531,PASS,"IMPRECISE;SVTYPE=DUP;SVMETHOD=EMBL.DELLYv0.9.1;END=3099378;PE=13;MAPQ=40;CT=5to3;CIPOS=-50,50;CIEND=-50,50",GT:GL:GQ:FT:RCL:RC:RCR:RDCN:DR:DV:RR:RV,"0/1:-46.3026,0,-76.0734:10000:PASS:11:141:46:5:20:15:0:0"
V,5283674,DUP00000378,T,<DUP>,370,PASS,"IMPRECISE;SVTYPE=DUP;SVMETHOD=EMBL.DELLYv0.9.1;END=5284193;PE=16;MAPQ=24;CT=5to3;CIPOS=-50,50;CIEND=-50,50",GT:GL:GQ:FT:RCL:RC:RCR:RDCN:DR:DV:RR:RV,"0/1:-24.3433,0,-219.434:10000:PASS:58:617:207:5:83:27:0:0"
V,5284033,DEL00000379,A,<DEL>,227,PASS,"PRECISE;SVTYPE=DEL;SVMETHOD=EMBL.DELLYv0.9.1;END=5284139;PE=0;MAPQ=0;CT=3to5;CIPOS=-7,7;CIEND=-7,7;SRMAPQ=31;INSLEN=0;HOMLEN=7;SR=10;SRQ=0.994444;CONSENSUS=ACTATATTTGGTGAACGGCCAGAGTCACTAATTTTGGTGAACGGTCAAGTCACTAATTTTGGTGAACGGTCAGAGTCACTTTATTTGGTAAACGGCCAGAGTCACTACATTTGGTGAACGGCCAGAGTCACTAATTTTGGTGAACGGTCAGAGTCACTTTATTTGGTAAACGGCCAGAGT;CE=1.97638",GT:GL:GQ:FT:RCL:RC:RCR:RDCN:DR:DV:RR:RV,"0/1:-5.59851,0,-451.151:56:PASS:19246:57273:37666:2:0:0:212:38"
V,6081822,DEL00000384,G,<DEL>,422,PASS,"PRECISE;SVTYPE=DEL;SVMETHOD=EMBL.DELLYv0.9.1;END=6094837;PE=3;MAPQ=33;CT=3to5;CIPOS=-3,3;CIEND=-3,3;SRMAPQ=37;INSLEN=0;HOMLEN=2;SR=7;SRQ=1;CONSENSUS=GAAAATCCATCTATGTTTGCCTATTAATGGTAGTTTTCATTAAATAATAAAATACGCACTAAAAGGTAGTGCTGAAGAAAAGTGTGACGTTAGCACACTCTTCACTATGCGAAATCAATTTAGAAGACTGCGTCTAAATTCCCGCAATTTTCGAAGATCAAAC;CE=1.92285",GT:GL:GQ:FT:RCL:RC:RCR:RDCN:DR:DV:RR:RV,"1/1:-31.2986,-2.7079,0:27:PASS:154:276:271:1:0:3:0:9"
V,6172649,DUP00000386,C,<DUP>,104,PASS,"IMPRECISE;SVTYPE=DUP;SVMETHOD=EMBL.DELLYv0.9.1;END=6173196;PE=3;MAPQ=40;CT=5to3;CIPOS=-50,50;CIEND=-50,50",GT:GL:GQ:FT:RCL:RC:RCR:RDCN:DR:DV:RR:RV,"0/1:-5.45974,0,-59.9836:55:PASS:24:148:23:6:19:4:0:0"
V,6942155,DUP00000393,A,<DUP>,131,PASS,"IMPRECISE;SVTYPE=DUP;SVMETHOD=EMBL.DELLYv0.9.1;END=6942519;PE=6;MAPQ=31;CT=5to3;CIPOS=-176,176;CIEND=-176,176",GT:GL:GQ:FT:RCL:RC:RCR:RDCN:DR:DV:RR:RV,"0/1:-9.09173,0,-11.5533:91:PASS:1098:67556:10129:12:9:5:0:0"
V,7917437,DUP00000397,G,<DUP>,204,PASS,"IMPRECISE;SVTYPE=DUP;SVMETHOD=EMBL.DELLYv0.9.1;END=7917888;PE=8;MAPQ=33;CT=5to3;CIPOS=-96,96;CIEND=-96,96",GT:GL:GQ:FT:RCL:RC:RCR:RDCN:DR:DV:RR:RV,"0/1:-11.7218,0,-44.5822:117:PASS:5220:50415:7092:8:23:8:0:0"
V,7922531,DUP00000407,C,<DUP>,169,PASS,"IMPRECISE;SVTYPE=DUP;SVMETHOD=EMBL.DELLYv0.9.1;END=7923777;PE=8;MAPQ=22;CT=5to3;CIPOS=-91,91;CIEND=-91,91",GT:GL:GQ:FT:RCL:RC:RCR:RDCN:DR:DV:RR:RV,"0/1:-5.6911,0,-107.149:57:PASS:86:351:96:4:37:9:0:0"
V,7923535,DEL00000412,A,<DEL>,63,PASS,"IMPRECISE;SVTYPE=DEL;SVMETHOD=EMBL.DELLYv0.9.1;END=7924277;PE=3;MAPQ=21;CT=3to5;CIPOS=-199,199;CIEND=-199,199",GT:GL:GQ:FT:RCL:RC:RCR:RDCN:DR:DV:RR:RV,"0/0:0,-10.0831,-169.136:101:PASS:32:218:61:5:53:3:0:0"
V,7924581,DUP00000413,T,<DUP>,80,PASS,"IMPRECISE;SVTYPE=DUP;SVMETHOD=EMBL.DELLYv0.9.1;END=7924893;PE=3;MAPQ=30;CT=5to3;CIPOS=-230,230;CIEND=-230,230",GT:GL:GQ:FT:RCL:RC:RCR:RDCN:DR:DV:RR:RV,"0/0:0,-0.197397,-82.1148:4:LowQual:7735:14339:2639:3:25:3:0:0"
V,7989200,DUP00000414,G,<DUP>,195,PASS,"IMPRECISE;SVTYPE=DUP;SVMETHOD=EMBL.DELLYv0.9.1;END=7989692;PE=8;MAPQ=31;CT=5to3;CIPOS=-57,57;CIEND=-57,57",GT:GL:GQ:FT:RCL:RC:RCR:RDCN:DR:DV:RR:RV,"0/1:-15.2463,0,-67.9136:152:PASS:13245:79190:6671:8:29:9:0:0"
V,8329435,DUP00000417,G,<DUP>,108,PASS,"IMPRECISE;SVTYPE=DUP;SVMETHOD=EMBL.DELLYv0.9.1;END=8329764;PE=4;MAPQ=34;CT=5to3;CIPOS=-212,212;CIEND=-212,212",GT:GL:GQ:FT:RCL:RC:RCR:RDCN:DR:DV:RR:RV,"0/1:-7.13204,0,-17.9881:71:PASS:1658:13915:606:12:9:3:0:0"
V,10450393,DUP00000429,C,<DUP>,74,PASS,"IMPRECISE;SVTYPE=DUP;SVMETHOD=EMBL.DELLYv0.9.1;END=10450659;PE=3;MAPQ=22;CT=5to3;CIPOS=-287,287;CIEND=-287,287",GT:GL:GQ:FT:RCL:RC:RCR:RDCN:DR:DV:RR:RV,"0/1:-3.09869,0,-38.7233:31:PASS:2357:10803:1628:5:12:3:0:0"
V,10611362,DUP00000434,A,<DUP>,155,PASS,"IMPRECISE;SVTYPE=DUP;SVMETHOD=EMBL.DELLYv0.9.1;END=10611813;PE=4;MAPQ=40;CT=5to3;CIPOS=-102,102;CIEND=-102,102",GT:GL:GQ:FT:RCL:RC:RCR:RDCN:DR:DV:RR:RV,"0/1:-12.6528,0,-12.1901:121:PASS:1676:21084:2854:9:6:4:0:0"
V,10866330,BND00000435,T,[IV:6005695[T,232,PASS,"IMPRECISE;SVTYPE=BND;SVMETHOD=EMBL.DELLYv0.9.1;END=10866331;CHR2=IV;POS2=6005695;PE=5;MAPQ=47;CT=5to5;CIPOS=-591,591;CIEND=-591,591",GT:GL:GQ:FT:RCL:RC:RCR:RDCN:DR:DV:RR:RV,"0/1:-18.9856,0,-47.7859:10000:PASS:7754:19259:11505:2:9:5:0:0"
V,12509960,DUP00000437,A,<DUP>,480,PASS,"PRECISE;SVTYPE=DUP;SVMETHOD=EMBL.DELLYv0.9.1;END=12510658;PE=0;MAPQ=0;CT=5to3;CIPOS=-3,3;CIEND=-3,3;SRMAPQ=60;INSLEN=0;HOMLEN=2;SR=8;SRQ=0.994118;CONSENSUS=CTATGCACTATACGCTACAAGGTAGAAGTTTTTTTGATAATTCATGTTTTTGATTCTCTTCTTGGTTAAAACAATTACAAAGCATTCAAGAGTATTGTTAATAGAGGCTAGTCTAGGTAGTCTAGGTAGTCTAGAAAGTCTAGGTAGTCTAGGTAGTCTAGGTAGTCTAG;CE=1.91042",GT:GL:GQ:FT:RCL:RC:RCR:RDCN:DR:DV:RR:RV,"0/1:-48.7746,0,-27.6754:10000:PASS:9:225:13:20:0:0:10:16"
V,12509988,DUP00000438,G,<DUP>,291,PASS,"IMPRECISE;SVTYPE=DUP;SVMETHOD=EMBL.DELLYv0.9.1;END=12510345;PE=14;MAPQ=27;CT=5to3;CIPOS=-178,178;CIEND=-178,178",GT:GL:GQ:FT:RCL:RC:RCR:RDCN:DR:DV:RR:RV,"0/1:-21.7095,0,-45.692:10000:PASS:2441:53169:6908:11:11:10:0:0"
V,13362656,DUP00000439,A,<DUP>,900,PASS,"PRECISE;SVTYPE=DUP;SVMETHOD=EMBL.DELLYv0.9.1;END=13367099;PE=7;MAPQ=60;CT=5to3;CIPOS=-4,4;CIEND=-4,4;SRMAPQ=60;INSLEN=0;HOMLEN=5;SR=8;SRQ=1;CONSENSUS=ACAAAAAAGATAACCTTTTTTGTCTTAAAATCCACATTTTTCTCAGAATCATTGTGAAAATTTATTGGTAGACTCGTGGTTCTGACGAGCATAAATATTGATCTGGCTCCCTTTATATCAATGCATTGCTCATGGGCTCATTAAGATGGGTGCTGAATATCTTT;CE=1.92034",GT:GL:GQ:FT:RCL:RC:RCR:RDCN:DR:DV:RR:RV,"0/1:-27.7848,0,-19.1845:10000:PASS:96:339:80:4:8:7:7:9"
V,14745024,INS00000445,G,<INS>,300,PASS,"PRECISE;SVTYPE=INS;SVMETHOD=EMBL.DELLYv0.9.1;END=14745025;SVLEN=27;PE=0;MAPQ=0;CT=NtoN;CIPOS=-15,15;CIEND=-15,15;SRMAPQ=60;INSLEN=27;HOMLEN=16;SR=5;SRQ=0.987805;CONSENSUS=CCCGAAGCATATCCTCCACCTCCACCTGATGGCTTTGCGTATCCTCCACCACCTCCGCCTCCTCCTGATGCGTATCCACCACCACCTCCTCCTGATGGCTTAGGATATCCTCCGCCTGCTCCACCACCTCCTCCTGATGCGTATCCTCCAC;CE=1.83102",GT:GL:GQ:FT:RCL:RC:RCR:RDCN:DR:DV:RR:RV,"0/1:-75.2643,0,-32.1657:10000:PASS:6889:14221:7332:2:0:0:12:24"
V,14766650,DUP00000448,T,<DUP>,185,PASS,"IMPRECISE;SVTYPE=DUP;SVMETHOD=EMBL.DELLYv0.9.1;END=14767414;PE=5;MAPQ=41;CT=5to3;CIPOS=-59,59;CIEND=-59,59",GT:GL:GQ:FT:RCL:RC:RCR:RDCN:DR:DV:RR:RV,"0/1:-13.5223,0,-36.5579:135:PASS:17:97:28:4:12:5:0:0"
V,15426625,DUP00000451,A,<DUP>,1080,PASS,"PRECISE;SVTYPE=DUP;SVMETHOD=EMBL.DELLYv0.9.1;END=15435577;PE=4;MAPQ=60;CT=5to3;CIPOS=-6,6;CIEND=-6,6;SRMAPQ=60;INSLEN=0;HOMLEN=5;SR=14;SRQ=1;CONSENSUS=ATAACTAAGTTTTTCCCACTTTTGATGAAACTAACACTGTCAAATGATCGAACTTCTAGGATGTTTAAATATTAATGTTTGAAACATAAGTAGACCATAAAAATTCTCTGGTGAAGCAAAAAATAACGGACAAGTGCGACAATGTTGCTTGTGGAATAAAAAATATTGCGATCTCTGCATGAAGGGAAAGCTTTCAACACTCGT;CE=1.91079",GT:GL:GQ:FT:RCL:RC:RCR:RDCN:DR:DV:RR:RV,"0/1:-63.366,0,-38.4668:10000:PASS:169:972:187:5:14:9:14:21"
V,16708355,DUP00000455,T,<DUP>,353,PASS,"IMPRECISE;SVTYPE=DUP;SVMETHOD=EMBL.DELLYv0.9.1;END=16708885;PE=16;MAPQ=24;CT=5to3;CIPOS=-50,50;CIEND=-50,50",GT:GL:GQ:FT:RCL:RC:RCR:RDCN:DR:DV:RR:RV,"0/1:-10.41,0,-200.327:104:PASS:188:383:471:1:83:15:0:0"
V,17310516,DUP00000460,C,<DUP>,85,PASS,"IMPRECISE;SVTYPE=DUP;SVMETHOD=EMBL.DELLYv0.9.1;END=17310799;PE=4;MAPQ=29;CT=5to3;CIPOS=-287,287;CIEND=-287,287",GT:GL:GQ:FT:RCL:RC:RCR:RDCN:DR:DV:RR:RV,"0/0:0,-6.22595,-150.021:62:PASS:7166:36563:21311:3:50:4:0:0"
V,17880261,DUP00000468,T,<DUP>,234,PASS,"IMPRECISE;SVTYPE=DUP;SVMETHOD=EMBL.DELLYv0.9.1;END=17881892;PE=5;MAPQ=60;CT=5to3;CIPOS=-112,112;CIEND=-112,112",GT:GL:GQ:FT:RCL:RC:RCR:RDCN:DR:DV:RR:RV,"0/1:-20.0887,0,-32.7636:10000:PASS:23:68:28:3:6:5:0:0"
V,18400346,DUP00000471,A,<DUP>,74,PASS,"IMPRECISE;SVTYPE=DUP;SVMETHOD=EMBL.DELLYv0.9.1;END=18400914;PE=3;MAPQ=32;CT=5to3;CIPOS=-50,50;CIEND=-50,50",GT:GL:GQ:FT:RCL:RC:RCR:RDCN:DR:DV:RR:RV,"0/1:-7.23517,0,-40.0871:72:PASS:6:143:21:11:13:6:0:0"
V,18703462,DUP00000473,G,<DUP>,1440,PASS,"PRECISE;SVTYPE=DUP;SVMETHOD=EMBL.DELLYv0.9.1;END=18725499;PE=14;MAPQ=60;CT=5to3;CIPOS=-3,3;CIEND=-3,3;SRMAPQ=60;INSLEN=0;HOMLEN=3;SR=10;SRQ=1;CONSENSUS=AGATTGGACAGTTGCACAGCTGCAGATTATTGCTGCAGAGAAGGGTTTCCTGCAAAAAAAAAACGATTAAATTCAGTTTCAGACCCCCGGGTTCCATTTTTGCGGGGTCTTTGGAGGACGTAAGTCTCGATTTTGACAAAAAAAGATAAACAATCAATCTAATTTCTAAGTCGAAATCAATC;CE=1.95915",GT:GL:GQ:FT:RCL:RC:RCR:RDCN:DR:DV:RR:RV,"0/1:-51.8733,0,-29.7735:10000:PASS:460:2723:469:6:9:14:11:17"
V,19428025,DUP00000477,A,<DUP>,960,PASS,"PRECISE;SVTYPE=DUP;SVMETHOD=EMBL.DELLYv0.9.1;END=19431298;PE=10;MAPQ=60;CT=5to3;CIPOS=-1,1;CIEND=-1,1;SRMAPQ=60;INSLEN=0;HOMLEN=0;SR=6;SRQ=0.955128;CONSENSUS=GATTTTGGCGGAAATTCTGAATTTACTTGACCCCCATATCGCGAAATTCTAAAAATTTCAATAAAAAGCGAGAAGACGTATGCACCCACTATAGAGACGTATGCACCCACGGGCACAAGCACAGACACATACTCAGGTACACATACACCTAAGG;CE=1.94705",GT:GL:GQ:FT:RCL:RC:RCR:RDCN:DR:DV:RR:RV,"0/1:-28.5807,0,-29.381:10000:PASS:64:249:60:4:7:10:10:10"
V,19800133,DUP00000478,T,<DUP>,180,PASS,"PRECISE;SVTYPE=DUP;SVMETHOD=EMBL.DELLYv0.9.1;END=19800355;PE=0;MAPQ=0;CT=5to3;CIPOS=-9,9;CIEND=-9,9;SRMAPQ=60;INSLEN=0;HOMLEN=8;SR=3;SRQ=0.991803;CONSENSUS=TCCAGAAAGTTTGAATTTCTTCAAAAAATTTGAATTCCTGCCAAAAAAATTTTCTTCAAAAATTTTAATTTCCAGCCAAAATTTTTTTTTCGAAAATTTAAATTTCCCGCTAAAATATTTTT;CE=1.73371",GT:GL:GQ:FT:RCL:RC:RCR:RDCN:DR:DV:RR:RV,"0/1:-9.88598,0,-34.485:99:PASS:1538:3019:1729:2:0:0:11:4"
V,19856691,DEL00000479,C,<DEL>,163,PASS,"IMPRECISE;SVTYPE=DEL;SVMETHOD=EMBL.DELLYv0.9.1;END=19877527;PE=6;MAPQ=26;CT=3to5;CIPOS=-51,51;CIEND=-51,51",GT:GL:GQ:FT:RCL:RC:RCR:RDCN:DR:DV:RR:RV,"0/1:-13.0846,0,-43.5886:131:PASS:403:715:373:2:8:7:0:0"
V,20398648,DUP00000480,A,<DUP>,198,PASS,"IMPRECISE;SVTYPE=DUP;SVMETHOD=EMBL.DELLYv0.9.1;END=20399094;PE=5;MAPQ=45;CT=5to3;CIPOS=-113,113;CIEND=-113,113",GT:GL:GQ:FT:RCL:RC:RCR:RDCN:DR:DV:RR:RV,"0/1:-17.2928,0,-15.8934:157:PASS:1837:4988:1973:3:3:4:0:0"
X,216897,INV00000493,G,<INV>,139,PASS,"IMPRECISE;SVTYPE=INV;SVMETHOD=EMBL.DELLYv0.9.1;END=256072;PE=3;MAPQ=60;CT=3to3;CIPOS=-69,69;CIEND=-69,69",GT:GL:GQ:FT:RCL:RC:RCR:RDCN:DR:DV:RR:RV,"1/1:-13.8945,-0.897587,0:10:LowQual:660:721:651:1:0:3:0:0"
X,1519510,DUP00000500,C,<DUP>,180,PASS,"PRECISE;SVTYPE=DUP;SVMETHOD=EMBL.DELLYv0.9.1;END=15387177;PE=0;MAPQ=0;CT=5to3;CIPOS=-4,4;CIEND=-4,4;SRMAPQ=60;INSLEN=0;HOMLEN=4;SR=3;SRQ=0.967742;CONSENSUS=AGTGCGATAGGGTATGGCATTATTTGGTGCAAACTTGGCTTCGCGTCCGACATTTTTTGGGTTTCGCGCATTGCTATTAAGATTTCGGATCCCGGCGTGAGGGCGGCGTTTGCGGCACCCACA;CE=1.96047",GT:GL:GQ:FT:RCL:RC:RCR:RDCN:DR:DV:RR:RV,"0/1:-15.3883,0,-18.0023:154:PASS:60732:578315:96548:7:0:0:6:6"
X,1590581,DEL00000503,C,<DEL>,50,PASS,"IMPRECISE;SVTYPE=DEL;SVMETHOD=EMBL.DELLYv0.9.1;END=2526226;PE=3;MAPQ=22;CT=3to5;CIPOS=-432,432;CIEND=-432,432",GT:GL:GQ:FT:RCL:RC:RCR:RDCN:DR:DV:RR:RV,"0/1:-2.29073,0,-33.4219:23:PASS:18677:37050:18968:2:6:3:0:0"
X,1883428,DUP00000508,T,<DUP>,126,PASS,"IMPRECISE;SVTYPE=DUP;SVMETHOD=EMBL.DELLYv0.9.1;END=1883835;PE=4;MAPQ=40;CT=5to3;CIPOS=-143,143;CIEND=-143,143",GT:GL:GQ:FT:RCL:RC:RCR:RDCN:DR:DV:RR:RV,"0/1:-7.41726,0,-31.2837:74:PASS:2366:17973:4592:5:14:4:0:0"
X,3301754,DUP00000516,G,<DUP>,177,PASS,"IMPRECISE;SVTYPE=DUP;SVMETHOD=EMBL.DELLYv0.9.1;END=3304606;PE=6;MAPQ=30;CT=5to3;CIPOS=-59,59;CIEND=-59,59",GT:GL:GQ:FT:RCL:RC:RCR:RDCN:DR:DV:RR:RV,"0/1:-14.6897,0,-20.9927:147:PASS:74:119:59:2:4:6:0:0"
X,3631393,DUP00000517,T,<DUP>,191,PASS,"IMPRECISE;SVTYPE=DUP;SVMETHOD=EMBL.DELLYv0.9.1;END=3631889;PE=7;MAPQ=30;CT=5to3;CIPOS=-50,50;CIEND=-50,50",GT:GL:GQ:FT:RCL:RC:RCR:RDCN:DR:DV:RR:RV,"0/1:-15.1866,0,-32.1205:152:PASS:3216:34603:2275:13:6:7:0:0"
X,5056311,DUP00000530,C,<DUP>,245,PASS,"IMPRECISE;SVTYPE=DUP;SVMETHOD=EMBL.DELLYv0.9.1;END=5056871;PE=10;MAPQ=33;CT=5to3;CIPOS=-50,50;CIEND=-50,50",GT:GL:GQ:FT:RCL:RC:RCR:RDCN:DR:DV:RR:RV,"0/1:-6.43215,0,-161.111:64:PASS:11:405:296:3:78:13:0:0"
X,6287260,DUP00000533,T,<DUP>,89,PASS,"IMPRECISE;SVTYPE=DUP;SVMETHOD=EMBL.DELLYv0.9.1;END=6288431;PE=3;MAPQ=33;CT=5to3;CIPOS=-260,260;CIEND=-260,260",GT:GL:GQ:FT:RCL:RC:RCR:RDCN:DR:DV:RR:RV,"0/1:-6.49176,0,-27.5949:65:PASS:27:36:22:1:5:3:0:0"
X,7077956,DEL00000536,C,<DEL>,80,PASS,"PRECISE;SVTYPE=DEL;SVMETHOD=EMBL.DELLYv0.9.1;END=7077993;PE=0;MAPQ=0;CT=3to5;CIPOS=-7,7;CIEND=-7,7;SRMAPQ=34;INSLEN=0;HOMLEN=7;SR=3;SRQ=0.963636;CONSENSUS=TCGTGTCGTTTATAGCTATGTCGTATCGTAAATAGTTATGTCGTATCGAAAATAGCTGTGTCGTGTCGTTTATAGCTATGTCGTGTCGTTTATAGCTATGTCGTATCGTA;CE=1.89603",GT:GL:GQ:FT:RCL:RC:RCR:RDCN:DR:DV:RR:RV,"0/1:-252.034,0,-85.9919:10000:PASS:6822:10618:5786:2:0:0:61:116"
X,7078808,DUP00000537,G,<DUP>,106,PASS,"IMPRECISE;SVTYPE=DUP;SVMETHOD=EMBL.DELLYv0.9.1;END=7079255;PE=3;MAPQ=38;CT=5to3;CIPOS=-111,111;CIEND=-111,111",GT:GL:GQ:FT:RCL:RC:RCR:RDCN:DR:DV:RR:RV,"0/1:-6.77878,0,-22.3874:68:PASS:11273:36755:2558:5:11:3:0:0"
X,9187839,DUP00000546,G,<DUP>,94,PASS,"IMPRECISE;SVTYPE=DUP;SVMETHOD=EMBL.DELLYv0.9.1;END=9188301;PE=4;MAPQ=28;CT=5to3;CIPOS=-85,85;CIEND=-85,85",GT:GL:GQ:FT:RCL:RC:RCR:RDCN:DR:DV:RR:RV,"0/1:-4.18523,0,-47.9732:42:PASS:6077:29149:54753:1:22:6:0:0"
X,9188055,DEL00000547,A,<DEL>,134,PASS,"IMPRECISE;SVTYPE=DEL;SVMETHOD=EMBL.DELLYv0.9.1;END=9188645;PE=4;MAPQ=38;CT=3to5;CIPOS=-176,176;CIEND=-176,176",GT:GL:GQ:FT:RCL:RC:RCR:RDCN:DR:DV:RR:RV,"0/1:-4.39344,0,-63.9761:44:PASS:49:306:32:8:28:4:0:0"
X,9438649,DUP00000548,C,<DUP>,692,PASS,"IMPRECISE;SVTYPE=DUP;SVMETHOD=EMBL.DELLYv0.9.1;END=9439139;PE=22;MAPQ=33;CT=5to3;CIPOS=-50,50;CIEND=-50,50",GT:GL:GQ:FT:RCL:RC:RCR:RDCN:DR:DV:RR:RV,"0/1:-47.5552,0,-187.598:10000:PASS:9565:117745:7182:14:58:22:0:0"
X,10750002,DUP00000552,T,<DUP>,114,PASS,"IMPRECISE;SVTYPE=DUP;SVMETHOD=EMBL.DELLYv0.9.1;END=10751216;PE=5;MAPQ=31;CT=5to3;CIPOS=-156,156;CIEND=-156,156",GT:GL:GQ:FT:RCL:RC:RCR:RDCN:DR:DV:RR:RV,"0/1:-10.7087,0,-40.6911:107:PASS:28:161:29:6:10:7:0:0"
X,12190992,INV00000560,C,<INV>,780,PASS,"PRECISE;SVTYPE=INV;SVMETHOD=EMBL.DELLYv0.9.1;END=12199124;PE=7;MAPQ=60;CT=3to3;CIPOS=-6,6;CIEND=-6,6;SRMAPQ=60;INSLEN=0;HOMLEN=6;SR=6;SRQ=1;CONSENSUS=AATTGCTCATAAAATGAAAACTTTCACTAGTTGCAAGTTAAAAATTGTCTGTTGTTTCACATCTTTTGGTATTTTTACCAGTTATCATTTTACAACAAATCAAACGATCAGAAACCCAAACTTCTAAGCTCATTGTTCAGTTTCACACTTCCTGGTTTTCTCCCATGA;CE=1.88149",GT:GL:GQ:FT:RCL:RC:RCR:RDCN:DR:DV:RR:RV,"1/1:-38.6985,-3.3098,0:33:PASS:163:141:172:1:0:7:0:11"
X,14908147,DUP00000569,T,<DUP>,344,PASS,"IMPRECISE;SVTYPE=DUP;SVMETHOD=EMBL.DELLYv0.9.1;END=14908703;PE=17;MAPQ=21;CT=5to3;CIPOS=-50,50;CIEND=-50,50",GT:GL:GQ:FT:RCL:RC:RCR:RDCN:DR:DV:RR:RV,"0/1:-23.2989,0,-103.109:10000:PASS:10:597:73:14:53:20:0:0"
X,15809445,DUP00000579,G,<DUP>,55,PASS,"IMPRECISE;SVTYPE=DUP;SVMETHOD=EMBL.DELLYv0.9.1;END=15809802;PE=3;MAPQ=21;CT=5to3;CIPOS=-186,186;CIEND=-186,186",GT:GL:GQ:FT:RCL:RC:RCR:RDCN:DR:DV:RR:RV,"0/1:-2.58118,0,-8.85674:26:PASS:583:19988:715:31:9:3:0:0"
MtDNA,2,DUP00000585,C,<DUP>,1320,PASS,"IMPRECISE;SVTYPE=DUP;SVMETHOD=EMBL.DELLYv0.9.1;END=13793;PE=22;MAPQ=60;CT=5to3;CIPOS=-108,108;CIEND=-108,108",GT:GL:GQ:FT:RCL:RC:RCR:RDCN:DR:DV:RR:RV,"./.:0,0,0:0:LowQual:0:8693:0:-1:0:0:0:0"