#CHROM,POS,ID,REF,ALT,QUAL,FILTER,INFO,FORMAT,N2_SV
I,230839,MantaDEL:19:0:1:0:0:0,A,<DEL>,228,PASS,"END=231918;SVTYPE=DEL;SVLEN=-1079;CIPOS=0,1;CIEND=0,1;HOMLEN=1;HOMSEQ=T",GT:FT:GQ:PL:PR:SR,"0/1:PASS:228:278,0,397:15,3:27,7"
I,232741,MantaDEL:5:0:1:0:0:0,A,<DEL>,86,PASS,"END=237800;SVTYPE=DEL;SVLEN=-5059;IMPRECISE;CIPOS=-91,92;CIEND=-104,105",GT:FT:GQ:PL:PR,"0/1:PASS:45:136,0,42:4,7"
I,396216,MantaDEL:9:0:1:0:0:0,A,<DEL>,53,PASS,"END=13753509;SVTYPE=DEL;SVLEN=-13357293;CIPOS=0,1;CIEND=0,1;HOMLEN=1;HOMSEQ=A",GT:FT:GQ:PL:PR:SR,"0/1:PASS:53:103,0,215:6,2:14,2"
I,2017917,MantaBND:36:0:1:0:0:0:0,A,A[IV:14775344[,35,PASS,SVTYPE=BND;MATEID=MantaBND:36:0:1:0:0:0:1;BND_DEPTH=21;MATE_BND_DEPTH=16,GT:FT:GQ:PL:PR:SR,"0/1:PASS:35:85,0,314:11,2:18,4"
I,2532406,MantaBND:35:0:1:0:0:0:1,A,[I:14673009[A,26,PASS,"SVTYPE=BND;MATEID=MantaBND:35:0:1:0:0:0:0;CIPOS=0,8;HOMLEN=8;HOMSEQ=ACCCCCAG;BND_DEPTH=18;MATE_BND_DEPTH=21",GT:FT:GQ:PL:PR:SR,"0/1:PASS:26:76,0,361:9,2:23,4"
I,4058627,MantaBND:46:0:1:0:0:0:1,C,[II:11620282[C,46,PASS,SVTYPE=BND;MATEID=MantaBND:46:0:1:0:0:0:0;BND_DEPTH=10;MATE_BND_DEPTH=16,GT:FT:GQ:PL:PR:SR,"0/1:PASS:46:96,0,263:9,2:15,4"
I,4463727,MantaINS:63:0:0:0:0:0,A,ATTCCGGCAATTTGCCAATTTGCCGGAAATTTTGAATTCCGGCAATTTGCCAATATGCCGGAATTTTTGAATTGCCGGAATTCAAAAT,407,PASS,"END=4463727;SVTYPE=INS;SVLEN=87;CIGAR=1M87I;CIPOS=0,9;HOMLEN=9;HOMSEQ=TTCCGGCAA",GT:FT:GQ:PL:PR:SR,"1/1:PASS:27:460,30,0:0,0:0,15"
I,4466740,MantaDEL:77:0:0:0:0:0,TTTTATATTATCCCCCGTATGTTAATCATCAGAAAAGTACAATAATTTCTCAATGTGAAAATGTTTATTTCTTCCGGCCTCTTCCCCAA,T,368,PASS,"END=4466828;SVTYPE=DEL;SVLEN=-88;CIGAR=1M88D;CIPOS=0,2;HOMLEN=2;HOMSEQ=TT",GT:FT:GQ:PL:PR:SR,"1/1:PASS:24:421,27,0:0,0:0,10"
I,4677641,MantaBND:55:0:1:0:0:0:0,T,T]I:14882662],45,PASS,"SVTYPE=BND;MATEID=MantaBND:55:0:1:0:0:0:1;CIPOS=0,1;HOMLEN=1;HOMSEQ=A;BND_DEPTH=8;MATE_BND_DEPTH=18",GT:FT:GQ:PL:PR:SR,"0/1:PASS:45:95,0,229:10,2:16,2"
I,4948381,MantaBND:57:0:1:0:0:0:1,T,]IV:6571519]T,30,PASS,SVTYPE=BND;MATEID=MantaBND:57:0:1:0:0:0:0;BND_DEPTH=21;MATE_BND_DEPTH=21,GT:FT:GQ:PL:PR:SR,"0/1:PASS:30:80,0,358:13,2:22,2"
I,6521294,MantaINS:76:0:0:0:2:0,A,<INS>,672,PASS,"END=6521294;SVTYPE=INS;CIPOS=0,5;CIEND=0,5;HOMLEN=5;HOMSEQ=GATCG;LEFT_SVINSSEQ=GATCGAAACAATTATTGGAAATGTATTAAATGAAATGAAATCAGAATTGCATTTAGGGGGTAGTAGTCGCATCTTTAGTCAGATTATTCAGATATAGTATGAAGTTTTTAGATAATAAATCA;RIGHT_SVINSSEQ=TTTGGCCAAAACGTTTTCTCACTCACACGAAAGAATAGGAACAAACTGTGCAAATCCAATAGATTCTTGTT",GT:FT:GQ:PL:PR:SR,"1/1:PASS:41:725,44,0:0,0:0,16"
I,8454802,MantaINS:86:0:0:0:3:0,T,<INS>,811,PASS,END=8454802;SVTYPE=INS;LEFT_SVINSSEQ=TAGGTGATTGGTAGGTTAGATATTACATATAGGGGGGGGGGGGGGGCATTGACAGTATTCGCTTTTCGATTGGCGTCTTTTTGTTTGGGTAAC;RIGHT_SVINSSEQ=GGGAACGTCGCAAAGTCAAATAGTTGGCAAAGTGGAGAGACGGCAGACATGACGTGGCACCAACCAGCGAAAACACGCAAACGGCGATGATCCGGAAATGGCAGAAAAAAACGAC,GT:FT:GQ:PL:PR:SR,"1/1:PASS:50:864,53,0:0,0:0,20"
I,9304201,MantaBND:97:0:1:0:0:0:0,T,[IV:13328365[T,45,PASS,"SVTYPE=BND;MATEID=MantaBND:97:0:1:0:0:0:1;CIPOS=0,1;HOMLEN=1;HOMSEQ=T;BND_DEPTH=14;MATE_BND_DEPTH=20",GT:FT:GQ:PL:PR:SR,"0/1:PASS:45:95,0,272:9,2:21,4"
I,10037654,MantaBND:103:0:1:0:0:0:0,A,[X:13101208[A,40,PASS,SVTYPE=BND;MATEID=MantaBND:103:0:1:0:0:0:1;BND_DEPTH=20;MATE_BND_DEPTH=18,GT:FT:GQ:PL:PR:SR,"0/1:PASS:40:90,0,282:11,2:20,2"
I,10951612,MantaDEL:165:0:0:0:2:1,CAATTTAGCTCCAATGAAGCACCAAATAGCACCAAATAGCACCAATTTAGCTCCAATGAAACACCTAATAGCACCAATTTAGCTCCAATGAAGCACCAAATAGCACCAAATAGCACCAATTTAGCTCCAATGAAACACCTAATAGCACCAATTTAGCTCCAATGAAGCACCAAATAGCACCAATTTAGCACCGATGGAGCACCAAATAGCACCGATGGAGCACCAAATAGCACCGATGGAGCACCAAATAGCACCGATAGAGCACCAAATAGCCCCAATTTAGCACCAATGGAGCACCAAATAGCACAAATTTAGCACCGACAGAGCACCAAATAGCACCAATTTAGCTCCAATGAAGCACCTATTAGCACCAATTTAGCTCCAATGAAGCACCAAAT,CGATGG,10,MaxDepth;MinQUAL;SampleFT,END=10952009;SVTYPE=DEL;SVLEN=-397;CIGAR=1M5I397D,GT:FT:GQ:PL:PR:SR,"0/1:MinGQ:10:60,0,160:7,0:15,9"
I,11175582,MantaINS:117:0:0:0:2:0,C,<INS>,691,PASS,"END=11175582;SVTYPE=INS;CIPOS=0,6;CIEND=0,6;HOMLEN=6;HOMSEQ=CTCGTG;LEFT_SVINSSEQ=CTCGTGGATTACACGAGCACTGCGTAAATCGACACATGACTAATATTGGGCTTTTCCAATTTAAATCGACTATTTTAAGCTAAAAGTTGCTTGATTTTTAAGAAAAAAAAAGAAGAATTT;RIGHT_SVINSSEQ=AGTTTTTAACATAAATTTTACATTTTTTTTCTTAAAAATCACGCAATTTTTAGCCTAAAAGTGTCGATTTAAGTTGGAAAAGCCAAAATATTAGTAATGTGTCGATTGACGCAGTG",GT:FT:GQ:PL:PR:SR,"1/1:PASS:41:744,44,0:0,0:0,19"
I,12864614,MantaINS:142:0:0:0:2:0,T,<INS>,412,PASS,"END=12864614;SVTYPE=INS;CIPOS=0,6;CIEND=0,6;HOMLEN=6;HOMSEQ=AAATGC;LEFT_SVINSSEQ=AAATGCGTACGTGGAGCATTTTATTTGACGCGCAATATCTCTTAGCGAAAACTCCAGTAAGAACTCAAATAACTAT;RIGHT_SVINSSEQ=CTATTGTTATTTAAGATCTTACTGTAGTTTTCGCTAAGAGATATCGCGCGTCAAATA",GT:FT:GQ:PL:PR:SR,"1/1:PASS:27:465,30,0:0,1:0,9"
I,13894627,MantaBND:144:0:1:0:0:0:1,T,T]III:4026066],223,PASS,"SVTYPE=BND;MATEID=MantaBND:144:0:1:0:0:0:0;CIPOS=0,44;HOMLEN=44;HOMSEQ=TCAACAGGTATATACAGGCACAAAAAAACAAAAATAAAAATTTT;BND_DEPTH=21;MATE_BND_DEPTH=22",GT:FT:GQ:PL:PR:SR,"0/1:PASS:107:273,0,104:4,4:8,7"
I,14425428,MantaDEL:153:0:1:0:0:0,CAGCAATTTTGCCTAATTTAGACTACAAACTACAGTTATTTGCAATTTGGCACAGTCTGTCTTGATTACTATAATGCAGTAGCAGTAGTCGAAATTTCAAAAAAAATCGCCAAATTCGAATTCAATTTTCTGAGAAAATTCTAATTTTCCTGTTAGATATGTTTTGGGCTCTGCTGATCTGTTGGAAAATGCAAAAAATTCGGTGAAAATCTGTTGAAAACTAGGAATTTAGACTAAATTGACGATTGGTTGAGGCTATCGGACTACAAAC,CTATATTTGGAGCTA,338,PASS,END=14425698;SVTYPE=DEL;SVLEN=-270;CIGAR=1M14I270D,GT:FT:GQ:PL:PR:SR,"1/1:PASS:21:391,24,0:0,2:0,9"
I,14673001,MantaBND:35:0:1:0:0:0:0,T,[I:2532414[T,26,PASS,"SVTYPE=BND;MATEID=MantaBND:35:0:1:0:0:0:1;CIPOS=0,8;HOMLEN=8;HOMSEQ=GGGGGTTT;BND_DEPTH=21;MATE_BND_DEPTH=18",GT:FT:GQ:PL:PR:SR,"0/1:PASS:26:76,0,361:9,2:23,4"
I,14882661,MantaBND:55:0:1:0:0:0:1,G,G]I:4677642],45,PASS,"SVTYPE=BND;MATEID=MantaBND:55:0:1:0:0:0:0;CIPOS=0,1;HOMLEN=1;HOMSEQ=T;BND_DEPTH=18;MATE_BND_DEPTH=8",GT:FT:GQ:PL:PR:SR,"0/1:PASS:45:95,0,229:10,2:16,2"
II,2141116,MantaBND:186:0:1:0:0:0:0,A,A[V:686153[,420,PASS,"SVTYPE=BND;MATEID=MantaBND:186:0:1:0:0:0:1;CIPOS=0,12;HOMLEN=12;HOMSEQ=TTAACAAGGAAA;BND_DEPTH=26;MATE_BND_DEPTH=30",GT:FT:GQ:PL:PR:SR,"0/1:PASS:41:470,0,38:2,1:5,13"
II,2818716,MantaINS:192:0:0:0:0:0,A,AGCGCTCAAAGATTGGGCGCGAGAGAGCGCGGGGAAGGGGAGACGCAGAGCGCCTCGCGCGCCTGCGTCTCCCCTTCCACCGCACTCTCTC,351,PASS,"END=2818716;SVTYPE=INS;SVLEN=90;CIGAR=1M90I;CIPOS=0,4;HOMLEN=4;HOMSEQ=GCGC",GT:FT:GQ:PL:PR:SR,"1/1:PASS:24:404,27,0:0,0:0,10"
II,2874610,MantaDEL:182:0:1:0:0:0,TCACCCCGTGTCCTGCACCTTGCCAGCCGGTAGTGATACACAGTTTTACGACACAGTGAAGATGGTGGGAAGAGGAGGGCGGGGAGGTGGGAGGGG,T,119,PASS,"END=2874705;SVTYPE=DEL;SVLEN=-95;CIGAR=1M95D;CIPOS=0,2;HOMLEN=2;HOMSEQ=CA",GT:FT:GQ:PL:PR:SR,"0/1:PASS:93:169,0,90:3,0:10,5"
II,2897567,MantaDUP:TANDEM:204:0:1:0:0:0,G,<DUP:TANDEM>,574,PASS,"END=2898963;SVTYPE=DUP;SVLEN=1396;CIPOS=0,24;CIEND=0,24;HOMLEN=24;HOMSEQ=TAGTCCTAAAATTGTGATTTTTAG",GT:FT:GQ:PL:PR:SR,"0/1:PASS:39:624,0,36:3,4:7,17"
II,3568818,MantaINS:191:0:0:0:2:0,T,<INS>,648,PASS,"END=3568818;SVTYPE=INS;CIPOS=0,20;CIEND=0,20;HOMLEN=20;HOMSEQ=GTTGTGGTTACTGTAGTTGG;LEFT_SVINSSEQ=GTTGTGGTTACTGTAGTTGGGATTGGTGTTGTGGTTACTGTAGTTGGAATAGTTGTGGTTACTGTAGTTGGAATAGTCGTGGTTACTGTAGTCGGGATAGGAGTGGGTGTTACGGTTGTTGGAATTGGAGTTGTGGTTACTGTAGTAGGAATTGGTGTTGTGGTTACTTTAGT;RIGHT_SVINSSEQ=CTGTAGTTGGAATTAGAGTAGAGGTTACTGTAGTCAGAATTGGCGTGGTGGTTACTGTAGTTGGAATTGGTGTTGTGGTTACTGTAGTTGGAATTGGAGTAGAGGTTACTGTAGTCGAAGTTGGTGTTGTGGTTACTGTAGTGGGAATAGTTGTGGTTACTGTAGTTGGAATA",GT:FT:GQ:PL:PR:SR,"1/1:PASS:41:701,44,0:0,0:0,17"
II,3833797,MantaINS:228:0:0:0:0:1,ACG,ATGGCTAGTTTAGGGGTGACAGGCAAACGATTTTTTCCGGCAAATCAGCAAACCGGCAATTTGCCGAATTTGCCGGAAAAAACTCAATTGCCGTCCACTCCTGTGATAGTGGATGGTTGT,348,PASS,END=3833799;SVTYPE=INS;SVLEN=119;CIGAR=1M119I2D,GT:FT:GQ:PL:PR:SR,"0/1:PASS:90:398,0,87:0,2:9,13"
II,3834811,MantaDEL:235:0:0:0:0:0,TGCATAAATGGGCATAAATGGGCCAATGAAAAGCATAAATGGGCCAATGAAT,TAAGATATAG,286,PASS,END=3834862;SVTYPE=DEL;SVLEN=-51;CIGAR=1M9I51D,GT:FT:GQ:PL:PR:SR,"0/1:PASS:183:336,0,180:1,0:15,10"
II,6163898,MantaBND:236:0:1:0:0:0:1,T,T]II:6167022],13,MinQUAL;SampleFT,"SVTYPE=BND;MATEID=MantaBND:236:0:1:0:0:0:0;IMPRECISE;CIPOS=-86,87;BND_DEPTH=18;MATE_BND_DEPTH=21",GT:FT:GQ:PL:PR,"0/1:MinGQ:13:63,0,68:5,4"
II,6167022,MantaBND:236:0:1:0:0:0:0,T,T]II:6163898],13,MinQUAL;SampleFT,"SVTYPE=BND;MATEID=MantaBND:236:0:1:0:0:0:1;IMPRECISE;CIPOS=-84,85;BND_DEPTH=21;MATE_BND_DEPTH=18",GT:FT:GQ:PL:PR,"0/1:MinGQ:13:63,0,68:5,4"
II,9937187,MantaINS:274:0:0:0:0:0,T,TACCAAGAAATCATGAGAATGCGTACTTGGTGCATTTTGTTTGACGCGCGATATCTCCAGTAAGAAACTACAGTAAGAGCTTAAATATCTATTCTTATTTGAGTTCTTACTGTAGTTTTCGCTAAGAGATATCGCGCGTCAAATAAAATGC,609,PASS,"END=9937187;SVTYPE=INS;SVLEN=150;CIGAR=1M150I;CIPOS=0,6;HOMLEN=6;HOMSEQ=ACCAAG",GT:FT:GQ:PL:PR:SR,"1/1:PASS:47:662,50,0:0,7:0,12"
II,10873915,MantaBND:267:0:1:0:0:0:0,T,[II:10875156[T,156,PASS,SVTYPE=BND;MATEID=MantaBND:267:0:1:0:0:0:1;BND_DEPTH=23;MATE_BND_DEPTH=24,GT:FT:GQ:PL:PR:SR,"0/1:PASS:156:206,0,273:11,3:20,7"
II,10875156,MantaBND:267:0:1:0:0:0:1,G,[II:10873915[G,156,PASS,SVTYPE=BND;MATEID=MantaBND:267:0:1:0:0:0:0;BND_DEPTH=24;MATE_BND_DEPTH=23,GT:FT:GQ:PL:PR:SR,"0/1:PASS:156:206,0,273:11,3:20,7"
II,11027640,MantaINS:268:0:0:0:0:0,C,CCGTGAAGATCGCCGTGACCGAAGCAAGGATCGGGAGGATCGTCGTGATCGCAGTAAGGATCGAGACGATCGT,486,MaxDepth,"END=11027640;SVTYPE=INS;SVLEN=72;CIGAR=1M72I;CIPOS=0,32;HOMLEN=32;HOMSEQ=CGTGAAGATCGCCGTGACCGAAGCAAGGATCG",GT:FT:GQ:PL:PR:SR,"1/1:PASS:30:539,33,0:0,0:0,14"
II,11384829,MantaBND:280:0:1:0:0:0:1,A,]IV:12281017]A,36,PASS,"SVTYPE=BND;MATEID=MantaBND:280:0:1:0:0:0:0;CIPOS=0,1;HOMLEN=1;HOMSEQ=T;BND_DEPTH=14;MATE_BND_DEPTH=14",GT:FT:GQ:PL:PR:SR,"0/1:PASS:36:86,0,228:6,2:15,4"
II,11620282,MantaBND:46:0:1:0:0:0:0,C,[I:4058627[C,46,PASS,SVTYPE=BND;MATEID=MantaBND:46:0:1:0:0:0:1;BND_DEPTH=16;MATE_BND_DEPTH=10,GT:FT:GQ:PL:PR:SR,"0/1:PASS:46:96,0,263:9,2:15,4"
II,11704655,MantaINS:283:0:0:1:0:0,G,GTTTTTTCAAATGTGCCTCCGTGGAGAAAACCATCTGAAATGTTAAAAAAATTATGTTTTT,170,SampleFT,"END=11704655;SVTYPE=INS;SVLEN=60;CIGAR=1M60I;CIPOS=0,9;HOMLEN=9;HOMSEQ=TTTTTTCAA",GT:FT:GQ:PL:PR:SR,"1/1:MinGQ:12:223,15,0:0,0:0,9"
II,12803737,MantaBND:295:0:0:0:0:0:0,A,A]II:12803789],14,MinQUAL;SampleFT,"SVTYPE=BND;MATEID=MantaBND:295:0:0:0:0:0:1;IMPRECISE;CIPOS=-147,147;BND_DEPTH=16;MATE_BND_DEPTH=16",GT:FT:GQ:PL:PR,"0/1:MinGQ:13:64,0,19:2,4"
II,12803789,MantaBND:295:0:0:0:0:0:1,T,T]II:12803737],14,MinQUAL;SampleFT,"SVTYPE=BND;MATEID=MantaBND:295:0:0:0:0:0:0;IMPRECISE;CIPOS=-196,196;BND_DEPTH=16;MATE_BND_DEPTH=16",GT:FT:GQ:PL:PR,"0/1:MinGQ:13:64,0,19:2,4"
II,12907707,MantaBND:277:0:1:0:0:0:1,G,]V:15916083]G,65,PASS,"SVTYPE=BND;MATEID=MantaBND:277:0:1:0:0:0:0;CIPOS=0,9;HOMLEN=9;HOMSEQ=TGTGTGTGA;BND_DEPTH=17;MATE_BND_DEPTH=9",GT:FT:GQ:PL:PR:SR,"0/1:PASS:65:115,0,156:3,2:12,2"
II,13583084,MantaDUP:TANDEM:300:0:1:0:0:0,C,<DUP:TANDEM>,182,PASS,END=13583647;SVTYPE=DUP;SVLEN=563;SVINSLEN=1;SVINSSEQ=T,GT:FT:GQ:PL:PR:SR,"0/1:PASS:182:232,0,231:7,2:14,7"
II,14987259,MantaBND:302:0:1:0:0:0:1,A,[X:14102591[A,38,PASS,"SVTYPE=BND;MATEID=MantaBND:302:0:1:0:0:0:0;CIPOS=0,11;HOMLEN=11;HOMSEQ=ATTTTATTTTA;BND_DEPTH=23;MATE_BND_DEPTH=17",GT:FT:GQ:PL:PR:SR,"0/1:PASS:38:88,0,283:5,2:19,4"
III,158848,MantaDUP:TANDEM:320:0:1:0:0:0,A,<DUP:TANDEM>,590,PASS,"END=162360;SVTYPE=DUP;SVLEN=3512;CIPOS=0,2;CIEND=0,2;HOMLEN=2;HOMSEQ=TT",GT:FT:GQ:PL:PR:SR,"0/1:PASS:240:640,0,237:6,6:16,14"
III,2422740,MantaBND:331:0:1:0:0:0:0,T,[X:11139599[T,50,PASS,"SVTYPE=BND;MATEID=MantaBND:331:0:1:0:0:0:1;CIPOS=0,1;HOMLEN=1;HOMSEQ=A;BND_DEPTH=11;MATE_BND_DEPTH=16",GT:FT:GQ:PL:PR:SR,"0/1:PASS:50:100,0,231:6,2:14,4"
III,3529951,MantaBND:341:0:1:0:0:0:1,T,]IV:16637706]T,23,PASS,"SVTYPE=BND;MATEID=MantaBND:341:0:1:0:0:0:0;CIPOS=0,1;HOMLEN=1;HOMSEQ=G;BND_DEPTH=14;MATE_BND_DEPTH=12",GT:FT:GQ:PL:PR:SR,"0/1:PASS:23:73,0,190:2,2:13,2"
III,4026022,MantaBND:144:0:1:0:0:0:0,C,C]I:13894671],223,PASS,"SVTYPE=BND;MATEID=MantaBND:144:0:1:0:0:0:1;CIPOS=0,44;HOMLEN=44;HOMSEQ=AAAATTTTTATTTTTGTTTTTTTGTGCCTGTATATACCTGTTGA;BND_DEPTH=22;MATE_BND_DEPTH=21",GT:FT:GQ:PL:PR:SR,"0/1:PASS:107:273,0,104:4,4:8,7"
III,4235660,MantaBND:351:0:1:0:0:0:0,T,]V:4374142]T,56,PASS,"SVTYPE=BND;MATEID=MantaBND:351:0:1:0:0:0:1;CIPOS=0,3;HOMLEN=3;HOMSEQ=ATG;BND_DEPTH=14;MATE_BND_DEPTH=10",GT:FT:GQ:PL:PR:SR,"0/1:PASS:56:106,0,180:5,2:12,2"
III,4670588,MantaBND:343:0:2:0:0:0:0,T,]IV:15853868]T,125,NoPairSupport,"SVTYPE=BND;MATEID=MantaBND:343:0:2:0:0:0:1;CIPOS=0,33;HOMLEN=33;HOMSEQ=TTTCGGACGTCCGAAAAACCGGACGCCGGACGT;BND_DEPTH=16;MATE_BND_DEPTH=14",GT:FT:GQ:PL:PR:SR,"0/1:PASS:41:175,0,38:1,0:7,4"
III,4753361,MantaBND:344:0:1:0:0:0:0,T,T]IV:10290074],54,PASS,"SVTYPE=BND;MATEID=MantaBND:344:0:1:0:0:0:1;CIPOS=0,2;HOMLEN=2;HOMSEQ=AA;BND_DEPTH=9;MATE_BND_DEPTH=12",GT:FT:GQ:PL:PR:SR,"0/1:PASS:54:104,0,196:4,2:11,2"
III,5507102,MantaDUP:TANDEM:354:0:1:0:0:0,G,<DUP:TANDEM>,457,PASS,"END=5509334;SVTYPE=DUP;SVLEN=2232;CIPOS=0,1;CIEND=0,1;HOMLEN=1;HOMSEQ=T",GT:FT:GQ:PL:PR:SR,"0/1:PASS:218:507,0,215:3,10:17,8"
III,9735829,MantaBND:365:0:1:0:0:0:0,T,]V:1049760]T,36,PASS,SVTYPE=BND;MATEID=MantaBND:365:0:1:0:0:0:1;BND_DEPTH=20;MATE_BND_DEPTH=16,GT:FT:GQ:PL:PR:SR,"0/1:PASS:36:86,0,311:13,2:19,2"
III,10226056,MantaINS:379:1:1:0:0:0,A,AAAAACTAAAAATAAAACTAAAAATAAAACTAAAACTAAAAATAAAACTAAAAATAAAACTAAAAATAAAACT,373,PASS,"END=10226056;SVTYPE=INS;SVLEN=72;CIGAR=1M72I;CIPOS=0,54;HOMLEN=54;HOMSEQ=AAAACTAAAAATAAAACTAAAAATAAAACTAAAACTAAAAATAAAACTAAAAAT",GT:FT:GQ:PL:PR:SR,"1/1:PASS:24:426,27,0:0,0:0,9"
III,11096530,MantaBND:382:0:1:0:0:0:1,T,]V:14565338]T,16,MinQUAL,SVTYPE=BND;MATEID=MantaBND:382:0:1:0:0:0:0;BND_DEPTH=22;MATE_BND_DEPTH=27,GT:FT:GQ:PL:PR:SR,"0/1:PASS:16:66,0,432:16,2:28,2"
III,11114378,MantaBND:390:1:2:0:0:0:0,T,T]V:17040204],128,SampleFT,"SVTYPE=BND;MATEID=MantaBND:390:1:2:0:0:0:1;CIPOS=0,59;HOMLEN=59;HOMSEQ=TCGCTTTTTTCACGGCCACCTCTTCCATTTGAAAACAGGGGGGAAATTAGAAACCCGTG;BND_DEPTH=19;MATE_BND_DEPTH=6",GT:FT:GQ:PL:PR:SR,"0/1:MinGQ:4:177,1,0:1,4:1,2"
IV,320360,MantaBND:404:0:1:0:0:0:0,C,[IV:4485190[C,58,PASS,"SVTYPE=BND;MATEID=MantaBND:404:0:1:0:0:0:1;CIPOS=0,18;HOMLEN=18;HOMSEQ=GGTGTTTTCAGACAATTC;BND_DEPTH=13;MATE_BND_DEPTH=17",GT:FT:GQ:PL:PR:SR,"0/1:PASS:58:108,0,172:6,2:11,4"
IV,2356276,MantaBND:412:0:1:0:0:0:1,A,[V:14937117[A,47,PASS,"SVTYPE=BND;MATEID=MantaBND:412:0:1:0:0:0:0;CIPOS=0,3;HOMLEN=3;HOMSEQ=GAA;BND_DEPTH=15;MATE_BND_DEPTH=17",GT:FT:GQ:PL:PR:SR,"0/1:PASS:47:97,0,264:7,2:18,4"
IV,3136171,MantaBND:428:0:1:1:0:0:0,A,A]IV:3170032],728,PASS,"SVTYPE=BND;MATEID=MantaBND:428:0:1:1:0:0:1;CIPOS=0,5;HOMLEN=5;HOMSEQ=GATCT;BND_DEPTH=22;MATE_BND_DEPTH=27",GT:FT:GQ:PL:PR:SR,"1/1:PASS:41:781,44,0:0,4:0,15"
IV,3136172,MantaBND:428:0:1:2:0:0:0,G,[IV:3170033[G,554,PASS,"SVTYPE=BND;MATEID=MantaBND:428:0:1:2:0:0:1;CIPOS=0,5;HOMLEN=5;HOMSEQ=ATCTG;BND_DEPTH=22;MATE_BND_DEPTH=27",GT:FT:GQ:PL:PR:SR,"1/1:PASS:35:607,38,0:0,6:0,11"
IV,3170027,MantaBND:428:0:1:1:0:0:1,T,T]IV:3136176],728,PASS,"SVTYPE=BND;MATEID=MantaBND:428:0:1:1:0:0:0;CIPOS=0,5;HOMLEN=5;HOMSEQ=AGATC;BND_DEPTH=27;MATE_BND_DEPTH=22",GT:FT:GQ:PL:PR:SR,"1/1:PASS:41:781,44,0:0,4:0,15"
IV,3170028,MantaBND:428:0:1:2:0:0:1,A,[IV:3136177[A,554,PASS,"SVTYPE=BND;MATEID=MantaBND:428:0:1:2:0:0:0;CIPOS=0,5;HOMLEN=5;HOMSEQ=GATCA;BND_DEPTH=27;MATE_BND_DEPTH=22",GT:FT:GQ:PL:PR:SR,"1/1:PASS:35:607,38,0:0,6:0,11"
IV,3654367,MantaDEL:418:0:1:0:0:0,A,<DEL>,44,PASS,END=10755088;SVTYPE=DEL;SVLEN=-7100721,GT:FT:GQ:PL:PR:SR,"0/1:PASS:44:94,0,278:15,2:17,2"
IV,4394923,MantaBND:437:0:1:0:0:0:0,A,]V:20313247]A,35,PASS,"SVTYPE=BND;MATEID=MantaBND:437:0:1:0:0:0:1;CIPOS=0,2;HOMLEN=2;HOMSEQ=CC;BND_DEPTH=16;MATE_BND_DEPTH=13",GT:FT:GQ:PL:PR:SR,"0/1:PASS:35:85,0,258:11,2:15,2"
IV,4485172,MantaBND:404:0:1:0:0:0:1,A,[IV:320378[A,58,PASS,"SVTYPE=BND;MATEID=MantaBND:404:0:1:0:0:0:0;CIPOS=0,18;HOMLEN=18;HOMSEQ=ATTGTCTGAAAACACCGC;BND_DEPTH=17;MATE_BND_DEPTH=13",GT:FT:GQ:PL:PR:SR,"0/1:PASS:58:108,0,172:6,2:11,4"
IV,4816396,MantaBND:435:0:1:1:0:0:1,A,ATCGACT[V:9724732[,479,PASS,SVTYPE=BND;MATEID=MantaBND:435:0:1:1:0:0:0;SVINSLEN=6;SVINSSEQ=TCGACT;BND_DEPTH=36;MATE_BND_DEPTH=22,GT:FT:GQ:PL:PR:SR,"0/1:PASS:159:529,0,156:5,4:12,14"
IV,6571519,MantaBND:57:0:1:0:0:0:0,A,A[I:4948381[,30,PASS,SVTYPE=BND;MATEID=MantaBND:57:0:1:0:0:0:1;BND_DEPTH=21;MATE_BND_DEPTH=21,GT:FT:GQ:PL:PR:SR,"0/1:PASS:30:80,0,358:13,2:22,2"
IV,7485251,MantaINS:446:0:0:0:3:0,A,<INS>,792,PASS,"END=7485251;SVTYPE=INS;CIPOS=0,10;CIEND=0,10;HOMLEN=10;HOMSEQ=GGATCCGAAA;LEFT_SVINSSEQ=GGATCCGAAAAGTATCGAACAAGTGATGACACGTCTACAAATTAGCAAACAATGGAATACACTTCGTGCTCTACTCAACTATGTTCGTTCGAATCAAATGGATTCCATGATCCGCTCGTTCCCGCTTATTTGGTTCCGTGTTTATGAAAATGCCTTGATTGAATTGAATG;RIGHT_SVINSSEQ=ATTGTCCCATCAGTGCCTCGATTATTTCTGTCCTTTCTAACTGGACTATTGATGTAAGTTCAATTTAAACAATATTTATAATCATTTAATTTACCAATATCATTTCAGAAAATGGACGACGTTGACTCTTCCAAGTT",GT:FT:GQ:PL:PR:SR,"1/1:PASS:50:845,53,0:0,1:0,19"
IV,8442984,MantaDEL:464:0:1:0:0:0,A,<DEL>,300,PASS,END=9538163;SVTYPE=DEL;SVLEN=-1095179;SVINSLEN=3;SVINSSEQ=ATA,GT:FT:GQ:PL:PR:SR,"0/1:PASS:186:350,0,183:5,3:12,8"
IV,10290072,MantaBND:344:0:1:0:0:0:1,A,A]III:4753363],54,PASS,"SVTYPE=BND;MATEID=MantaBND:344:0:1:0:0:0:0;CIPOS=0,2;HOMLEN=2;HOMSEQ=TT;BND_DEPTH=12;MATE_BND_DEPTH=9",GT:FT:GQ:PL:PR:SR,"0/1:PASS:54:104,0,196:4,2:11,2"
IV,10350537,MantaBND:478:0:0:0:0:0:0,A,[IV:10350682[A,468,PASS,SVTYPE=BND;MATEID=MantaBND:478:0:0:0:0:0:1;BND_DEPTH=25;MATE_BND_DEPTH=31,GT:FT:GQ:PL:PR:SR,"0/1:PASS:278:518,0,275:11,7:23,11"
IV,10350682,MantaBND:478:0:0:0:0:0:1,A,[IV:10350537[A,468,PASS,SVTYPE=BND;MATEID=MantaBND:478:0:0:0:0:0:0;BND_DEPTH=31;MATE_BND_DEPTH=25,GT:FT:GQ:PL:PR:SR,"0/1:PASS:278:518,0,275:11,7:23,11"
IV,12281017,MantaBND:280:0:1:0:0:0:0,A,A[II:11384829[,36,PASS,"SVTYPE=BND;MATEID=MantaBND:280:0:1:0:0:0:1;CIPOS=0,1;HOMLEN=1;HOMSEQ=A;BND_DEPTH=14;MATE_BND_DEPTH=14",GT:FT:GQ:PL:PR:SR,"0/1:PASS:36:86,0,228:6,2:15,4"
IV,13328364,MantaBND:97:0:1:0:0:0:1,A,[I:9304202[A,45,PASS,"SVTYPE=BND;MATEID=MantaBND:97:0:1:0:0:0:0;CIPOS=0,1;HOMLEN=1;HOMSEQ=T;BND_DEPTH=20;MATE_BND_DEPTH=14",GT:FT:GQ:PL:PR:SR,"0/1:PASS:45:95,0,272:9,2:21,4"
IV,14775344,MantaBND:36:0:1:0:0:0:1,T,]I:2017917]T,35,PASS,SVTYPE=BND;MATEID=MantaBND:36:0:1:0:0:0:0;BND_DEPTH=16;MATE_BND_DEPTH=21,GT:FT:GQ:PL:PR:SR,"0/1:PASS:35:85,0,314:11,2:18,4"
IV,15853868,MantaBND:343:0:2:0:0:0:1,A,A[III:4670588[,125,NoPairSupport,"SVTYPE=BND;MATEID=MantaBND:343:0:2:0:0:0:0;CIPOS=0,33;HOMLEN=33;HOMSEQ=TTTTCGGACGTCCGAAAAACCGGACGCCGGACG;BND_DEPTH=14;MATE_BND_DEPTH=16",GT:FT:GQ:PL:PR:SR,"0/1:PASS:41:175,0,38:1,0:7,4"
IV,16571413,MantaBND:343:1:3:0:0:0:1,T,T[V:20705302[,128,PASS,"SVTYPE=BND;MATEID=MantaBND:343:1:3:0:0:0:0;CIPOS=0,19;HOMLEN=19;HOMSEQ=CGGACGCGTGTGCGTCCGG;BND_DEPTH=14;MATE_BND_DEPTH=19",GT:FT:GQ:PL:PR:SR,"0/1:PASS:40:178,0,37:3,3:2,9"
IV,16571432,MantaBND:343:3:4:0:0:0:1,G,G[V:17490457[,176,SampleFT,SVTYPE=BND;MATEID=MantaBND:343:3:4:0:0:0:0;BND_DEPTH=14;MATE_BND_DEPTH=6,GT:FT:GQ:PL:PR:SR,"0/1:MinGQ:8:226,0,4:0,4:1,3"
IV,16637706,MantaBND:341:0:1:0:0:0:0,G,G[III:3529951[,23,PASS,"SVTYPE=BND;MATEID=MantaBND:341:0:1:0:0:0:1;CIPOS=0,1;HOMLEN=1;HOMSEQ=T;BND_DEPTH=12;MATE_BND_DEPTH=14",GT:FT:GQ:PL:PR:SR,"0/1:PASS:23:73,0,190:2,2:13,2"
IV,17492390,MantaBND:539:0:1:0:0:0:1,T,TA]IV:17493072],651,PASS,SVTYPE=BND;MATEID=MantaBND:539:0:1:0:0:0:0;SVINSLEN=1;SVINSSEQ=A;BND_DEPTH=20;MATE_BND_DEPTH=20,GT:FT:GQ:PL:PR:SR,"0/1:PASS:86:701,0,83:3,10:8,12"
IV,17493072,MantaBND:539:0:1:0:0:0:0,T,TT]IV:17492390],651,PASS,SVTYPE=BND;MATEID=MantaBND:539:0:1:0:0:0:1;SVINSLEN=1;SVINSSEQ=T;BND_DEPTH=20;MATE_BND_DEPTH=20,GT:FT:GQ:PL:PR:SR,"0/1:PASS:86:701,0,83:3,10:8,12"
V,686153,MantaBND:186:0:1:0:0:0:1,T,]II:2141116]T,420,PASS,"SVTYPE=BND;MATEID=MantaBND:186:0:1:0:0:0:0;CIPOS=0,12;HOMLEN=12;HOMSEQ=TAACAAGGAAAG;BND_DEPTH=30;MATE_BND_DEPTH=26",GT:FT:GQ:PL:PR:SR,"0/1:PASS:41:470,0,38:2,1:5,13"
V,1049760,MantaBND:365:0:1:0:0:0:1,A,A[III:9735829[,36,PASS,SVTYPE=BND;MATEID=MantaBND:365:0:1:0:0:0:0;BND_DEPTH=16;MATE_BND_DEPTH=20,GT:FT:GQ:PL:PR:SR,"0/1:PASS:36:86,0,311:13,2:19,2"
V,1645711,MantaDEL:571:0:1:0:0:0,C,<DEL>,543,PASS,"END=1647497;SVTYPE=DEL;SVLEN=-1786;CIPOS=0,1;CIEND=0,1;HOMLEN=1;HOMSEQ=T",GT:FT:GQ:PL:PR:SR,"1/1:PASS:27:596,30,0:0,6:0,12"
V,2661282,MantaINS:573:0:0:0:2:0,A,<INS>,545,PASS,"END=2661282;SVTYPE=INS;CIPOS=0,17;CIEND=0,17;HOMLEN=17;HOMSEQ=CCGATTTGCCGGAAATT;LEFT_SVINSSEQ=CCGATTTGCCGGAAATTGTGATTTTCGGTATATTGCCGATTTGCTGGAAAATCAAAATTTCTAAAAAATCCCTCTACAAAAGTCCGACTTCCGGCAAATCGGAAATTTGCCGTGGTGCCAGAGTGCCCCATGATCTACGAGAATTGCGGGAATTTTGCATGGCTAAAAATGCCGGCTGTTTTTTGTAGATCAAACCGTAATAGAGCGTTTTCGCGTTTTTGAACAATTTAAAAATTTCGTAAAATCGTGAAATTTTTGTTTATTTTCACGGTGGGTCTCGCCACGATCTCTGAAAAAAATAACTATC;RIGHT_SVINSSEQ=CTCGGCGTTCCACCACTGGCCAATCATGATCAGCGCTTCATATCCACTTATCACAAGGATGCGGCGTCTCCCGATTTCATATTTTTCACGCCAGAAACTACTAAAATGGTGTGTCAGAGTTGTGAATCAGAGTTTG",GT:FT:GQ:PL:PR:SR,"1/1:PASS:43:598,46,0:0,5:0,13"
V,3731496,MantaBND:576:0:1:0:0:0:0,T,]X:14256137]T,51,PASS,"SVTYPE=BND;MATEID=MantaBND:576:0:1:0:0:0:1;CIPOS=0,1;HOMLEN=1;HOMSEQ=G;BND_DEPTH=15;MATE_BND_DEPTH=17",GT:FT:GQ:PL:PR:SR,"0/1:PASS:51:101,0,246:7,2:15,4"
V,4269913,MantaBND:568:0:1:0:0:0:0,A,A]X:10422388],60,PASS,SVTYPE=BND;MATEID=MantaBND:568:0:1:0:0:0:1;BND_DEPTH=6;MATE_BND_DEPTH=15,GT:FT:GQ:PL:PR:SR,"0/1:PASS:60:110,0,196:8,2:11,4"
V,4374142,MantaBND:351:0:1:0:0:0:1,A,A[III:4235660[,56,PASS,"SVTYPE=BND;MATEID=MantaBND:351:0:1:0:0:0:0;CIPOS=0,3;HOMLEN=3;HOMSEQ=TAT;BND_DEPTH=10;MATE_BND_DEPTH=14",GT:FT:GQ:PL:PR:SR,"0/1:PASS:56:106,0,180:5,2:12,2"
V,4435280,MantaBND:586:0:1:0:0:0:1,A,A]X:15662850],47,PASS,"SVTYPE=BND;MATEID=MantaBND:586:0:1:0:0:0:0;CIPOS=0,5;HOMLEN=5;HOMSEQ=GTGAC;BND_DEPTH=16;MATE_BND_DEPTH=17",GT:FT:GQ:PL:PR:SR,"0/1:PASS:47:97,0,249:8,2:17,4"
V,6081822,MantaDEL:596:0:1:0:0:0,G,<DEL>,389,PASS,END=6094836;SVTYPE=DEL;SVLEN=-13014,GT:FT:GQ:PL:PR:SR,"1/1:PASS:21:442,24,0:0,2:0,10"
V,8158794,MantaINS:599:0:0:0:4:0,A,<INS>,926,PASS,"END=8158794;SVTYPE=INS;CIPOS=0,6;CIEND=0,6;HOMLEN=6;HOMSEQ=ATGATC;LEFT_SVINSSEQ=ATGATCGCTGATGACTGAAAAAAAGAAAAAAAAAGAAAAACTGAAGCCTCGATCAAACTGACCTAAATATTTGTAGGACTTTGATATTTGCTAGCATCATTTATTATTTTCATTCAAATTTATTTAAAACGTTTCAGGAATCTATGGAGACTCTATCAATGAGATGTCATGGGCAGTTGGAGAGGTTTTAGACAGTCTTGTAAATGCTGGAATTGCTGAAAATACATTGGTTATT;RIGHT_SVINSSEQ=GCCAGGGACAGTGAAACCATCCCGAGTATCGCATGAAGTCATTTCCAGTATGGACTTGTTTCCAACTTTCCGAGGAATGCAAGAACAATGCTTATTTGAGGT",GT:FT:GQ:PL:PR:SR,"1/1:PASS:59:979,62,0:0,3:0,22"
V,9724732,MantaBND:435:0:1:1:0:0:0,A,]IV:4816396]TCGACTA,479,PASS,SVTYPE=BND;MATEID=MantaBND:435:0:1:1:0:0:1;SVINSLEN=6;SVINSSEQ=TCGACT;BND_DEPTH=22;MATE_BND_DEPTH=36,GT:FT:GQ:PL:PR:SR,"0/1:PASS:159:529,0,156:5,4:12,14"
V,13362655,MantaDUP:TANDEM:634:0:1:0:0:0,T,<DUP:TANDEM>,387,PASS,"END=13367099;SVTYPE=DUP;SVLEN=4444;CIPOS=0,2;CIEND=0,2;HOMLEN=2;HOMSEQ=AT",GT:FT:GQ:PL:PR:SR,"0/1:PASS:256:437,0,253:10,6:17,10"
V,14565338,MantaBND:382:0:1:0:0:0:0,A,A[III:11096530[,16,MinQUAL,SVTYPE=BND;MATEID=MantaBND:382:0:1:0:0:0:1;BND_DEPTH=27;MATE_BND_DEPTH=22,GT:FT:GQ:PL:PR:SR,"0/1:PASS:16:66,0,432:16,2:28,2"
V,14937114,MantaBND:412:0:1:0:0:0:0,T,[IV:2356279[T,47,PASS,"SVTYPE=BND;MATEID=MantaBND:412:0:1:0:0:0:1;CIPOS=0,3;HOMLEN=3;HOMSEQ=CTA;BND_DEPTH=17;MATE_BND_DEPTH=15",GT:FT:GQ:PL:PR:SR,"0/1:PASS:47:97,0,264:7,2:18,4"
V,15426624,MantaDUP:TANDEM:633:0:1:0:0:0,G,<DUP:TANDEM>,604,MaxDepth,"END=15435577;SVTYPE=DUP;SVLEN=8953;CIPOS=0,5;CIEND=0,5;HOMLEN=5;HOMSEQ=AAAAA",GT:FT:GQ:PL:PR:SR,"0/1:PASS:415:654,0,412:11,7:29,18"
V,15543394,MantaBND:643:0:1:0:0:0:1,T,]X:6977289]T,31,PASS,SVTYPE=BND;MATEID=MantaBND:643:0:1:0:0:0:0;BND_DEPTH=25;MATE_BND_DEPTH=15,GT:FT:GQ:PL:PR:SR,"0/1:PASS:31:81,0,361:12,2:20,4"
V,15916083,MantaBND:277:0:1:0:0:0:0,A,A[II:12907707[,65,PASS,"SVTYPE=BND;MATEID=MantaBND:277:0:1:0:0:0:1;CIPOS=0,9;HOMLEN=9;HOMSEQ=GTGTGTGTG;BND_DEPTH=9;MATE_BND_DEPTH=17",GT:FT:GQ:PL:PR:SR,"0/1:PASS:65:115,0,156:3,2:12,2"
V,17040145,MantaBND:390:1:2:0:0:0:1,A,A]III:11114437],128,SampleFT,"SVTYPE=BND;MATEID=MantaBND:390:1:2:0:0:0:0;CIPOS=0,59;HOMLEN=59;HOMSEQ=CACGGGTTTCTAATTTCCCCCCTGTTTTCAAATGGAAGAGGTGGCCGTGAAAAAAGCGA;BND_DEPTH=6;MATE_BND_DEPTH=19",GT:FT:GQ:PL:PR:SR,"0/1:MinGQ:4:177,1,0:1,4:1,2"
V,17490457,MantaBND:343:3:4:0:0:0:0,C,]IV:16571432]C,176,SampleFT,SVTYPE=BND;MATEID=MantaBND:343:3:4:0:0:0:1;BND_DEPTH=6;MATE_BND_DEPTH=14,GT:FT:GQ:PL:PR:SR,"0/1:MinGQ:8:226,0,4:0,4:1,3"
V,17880285,MantaDUP:TANDEM:659:0:1:0:0:0,C,<DUP:TANDEM>,235,PASS,"END=17881868;SVTYPE=DUP;SVLEN=1583;CIPOS=0,28;CIEND=0,28;HOMLEN=28;HOMSEQ=AAATCAAAAATTTGCCGAAAATGAAAAT",GT:FT:GQ:PL:PR:SR,"0/1:PASS:147:285,0,144:5,4:10,5"
V,18211087,MantaINS:653:0:0:0:0:0,GG,GATTTGGACACATAGATGTTATCTAACAACGCGGGTCAGCCCTATCAACGATATAATGAGCTGACCCACGTTGTCAGATAACATCTGTGTA,491,PASS,END=18211088;SVTYPE=INS;SVLEN=90;CIGAR=1M90I1D,GT:FT:GQ:PL:PR:SR,"1/1:PASS:30:544,33,0:0,0:0,14"
V,18703461,MantaDUP:TANDEM:658:0:1:0:0:0,C,<DUP:TANDEM>,838,MaxDepth,"END=18725499;SVTYPE=DUP;SVLEN=22038;CIPOS=0,1;CIEND=0,1;HOMLEN=1;HOMSEQ=G",GT:FT:GQ:PL:PR:SR,"0/1:PASS:280:888,0,277:11,15:20,17"
V,19428035,MantaDUP:TANDEM:664:0:1:0:0:0,G,<DUP:TANDEM>,558,PASS,END=19431295;SVTYPE=DUP;SVLEN=3260;SVINSLEN=15;SVINSSEQ=GACGTATGCACCCAC,GT:FT:GQ:PL:PR:SR,"0/1:PASS:215:608,0,212:7,11:17,12"
V,19628301,MantaDUP:TANDEM:665:0:1:0:0:0,C,<DUP:TANDEM>,146,PASS,"END=19638841;SVTYPE=DUP;SVLEN=10540;CIPOS=0,5;CIEND=0,5;HOMLEN=5;HOMSEQ=TGAAA",GT:FT:GQ:PL:PR:SR,"0/1:PASS:146:196,0,172:10,2:13,6"
V,20313247,MantaBND:437:0:1:0:0:0:1,A,A[IV:4394923[,35,PASS,"SVTYPE=BND;MATEID=MantaBND:437:0:1:0:0:0:0;CIPOS=0,2;HOMLEN=2;HOMSEQ=AC;BND_DEPTH=13;MATE_BND_DEPTH=16",GT:FT:GQ:PL:PR:SR,"0/1:PASS:35:85,0,258:11,2:15,2"
V,20705302,MantaBND:343:1:3:0:0:0:0,C,]IV:16571413]C,128,PASS,"SVTYPE=BND;MATEID=MantaBND:343:1:3:0:0:0:1;CIPOS=0,19;HOMLEN=19;HOMSEQ=GGACGCGTGTGCGTCCGGC;BND_DEPTH=19;MATE_BND_DEPTH=14",GT:FT:GQ:PL:PR:SR,"0/1:PASS:40:178,0,37:3,3:2,9"
X,216891,MantaBND:672:0:1:0:0:0:0,T,T]X:256071],127,SampleFT,"SVTYPE=BND;MATEID=MantaBND:672:0:1:0:0:0:1;CIPOS=0,5;HOMLEN=5;HOMSEQ=GATCT;BND_DEPTH=10;MATE_BND_DEPTH=9",GT:FT:GQ:PL:PR:SR,"1/1:MinGQ:12:179,15,0:0,2:0,3"
X,256066,MantaBND:672:0:1:0:0:0:1,G,G]X:216896],127,SampleFT,"SVTYPE=BND;MATEID=MantaBND:672:0:1:0:0:0:0;CIPOS=0,5;HOMLEN=5;HOMSEQ=AGATC;BND_DEPTH=9;MATE_BND_DEPTH=10",GT:FT:GQ:PL:PR:SR,"1/1:MinGQ:12:179,15,0:0,2:0,3"
X,1842799,MantaDUP:TANDEM:678:0:1:0:0:0,C,<DUP:TANDEM>,35,PASS,"END=3292242;SVTYPE=DUP;SVLEN=1449443;CIPOS=0,2;CIEND=0,2;HOMLEN=2;HOMSEQ=AT",GT:FT:GQ:PL:PR:SR,"0/1:PASS:35:85,0,312:13,2:21,2"
X,3301785,MantaDUP:TANDEM:683:0:1:0:0:0,A,<DUP:TANDEM>,43,PASS,"END=3304696;SVTYPE=DUP;SVLEN=2911;IMPRECISE;CIPOS=-255,256;CIEND=-121,121",GT:FT:GQ:PL:PR,"0/1:PASS:43:93,0,92:7,6"
X,6156148,MantaINS:696:0:0:0:2:0,T,<INS>,769,PASS,END=6156148;SVTYPE=INS;LEFT_SVINSSEQ=CTTAAATATTCTCTTAAAAATTCTTAAACATTGAAAAGAAAAAAAAGTTTTTGGTAAAAACCAGATTCATAATTATCAATTATAGTATTGTTCAGAACAAACTCTAG;RIGHT_SVINSSEQ=TTCGGTGCTCTGACACTGAATCCTCCTGCGGGTCTCGTTTTTCATTTGCTTTTAATGACAGTTATTGTCAGATTAAGATGGTGTAATTGGCACATTGCTTAGAGATCAGC,GT:FT:GQ:PL:PR:SR,"1/1:PASS:47:822,50,0:0,0:0,20"
X,6977289,MantaBND:643:0:1:0:0:0:0,C,C[V:15543394[,31,PASS,SVTYPE=BND;MATEID=MantaBND:643:0:1:0:0:0:1;BND_DEPTH=15;MATE_BND_DEPTH=25,GT:FT:GQ:PL:PR:SR,"0/1:PASS:31:81,0,361:12,2:20,4"
X,10422388,MantaBND:568:0:1:0:0:0:1,A,A]V:4269913],60,PASS,SVTYPE=BND;MATEID=MantaBND:568:0:1:0:0:0:0;BND_DEPTH=15;MATE_BND_DEPTH=6,GT:FT:GQ:PL:PR:SR,"0/1:PASS:60:110,0,196:8,2:11,4"
X,11139598,MantaBND:331:0:1:0:0:0:1,A,[III:2422741[A,50,PASS,"SVTYPE=BND;MATEID=MantaBND:331:0:1:0:0:0:0;CIPOS=0,1;HOMLEN=1;HOMSEQ=T;BND_DEPTH=16;MATE_BND_DEPTH=11",GT:FT:GQ:PL:PR:SR,"0/1:PASS:50:100,0,231:6,2:14,4"
X,11211563,MantaDUP:TANDEM:714:0:1:0:0:0,T,<DUP:TANDEM>,50,PASS,"END=15184269;SVTYPE=DUP;SVLEN=3972706;CIPOS=0,1;CIEND=0,1;HOMLEN=1;HOMSEQ=T",GT:FT:GQ:PL:PR:SR,"0/1:PASS:50:100,0,244:10,2:13,2"
X,12190992,MantaBND:720:0:1:0:0:0:0,C,C]X:12199124],408,PASS,"SVTYPE=BND;MATEID=MantaBND:720:0:1:0:0:0:1;CIPOS=0,4;HOMLEN=4;HOMSEQ=GATC;BND_DEPTH=14;MATE_BND_DEPTH=15",GT:FT:GQ:PL:PR:SR,"1/1:PASS:27:461,30,0:0,6:0,9"
X,12199120,MantaBND:720:0:1:0:0:0:1,T,T]X:12190996],408,PASS,"SVTYPE=BND;MATEID=MantaBND:720:0:1:0:0:0:0;CIPOS=0,4;HOMLEN=4;HOMSEQ=GATC;BND_DEPTH=15;MATE_BND_DEPTH=14",GT:FT:GQ:PL:PR:SR,"1/1:PASS:27:461,30,0:0,6:0,9"
X,13101208,MantaBND:103:0:1:0:0:0:1,A,[I:10037654[A,40,PASS,SVTYPE=BND;MATEID=MantaBND:103:0:1:0:0:0:0;BND_DEPTH=18;MATE_BND_DEPTH=20,GT:FT:GQ:PL:PR:SR,"0/1:PASS:40:90,0,282:11,2:20,2"
X,14102580,MantaBND:302:0:1:0:0:0:0,A,[II:14987270[A,38,PASS,"SVTYPE=BND;MATEID=MantaBND:302:0:1:0:0:0:1;CIPOS=0,11;HOMLEN=11;HOMSEQ=AAATAAAATTC;BND_DEPTH=17;MATE_BND_DEPTH=23",GT:FT:GQ:PL:PR:SR,"0/1:PASS:38:88,0,283:5,2:19,4"
X,14256137,MantaBND:576:0:1:0:0:0:1,T,T[V:3731496[,51,PASS,"SVTYPE=BND;MATEID=MantaBND:576:0:1:0:0:0:0;CIPOS=0,1;HOMLEN=1;HOMSEQ=T;BND_DEPTH=17;MATE_BND_DEPTH=15",GT:FT:GQ:PL:PR:SR,"0/1:PASS:51:101,0,246:7,2:15,4"
X,15112237,MantaINS:734:0:0:0:0:0,C,CCGTCGGAATCGCAGTTGCGGCGACCTCGTGGGAGCCCTATGAAACATTAGATGCAAAATTTAATTCTAAAATCAATAGGTAAAATTCTTTTTTGTAAGCTGATTTCAAAATTCAAAATCAGCTTACAAAAAAGAATTTTACCTATTGATTTTAGAATTAAGTTTGCATCTAATGTTTCATAGGGCTCCCACGAGGTCGCCGCAACTGCGATTCCGACGGCCTCAGCGGT,696,PASS,"END=15112237;SVTYPE=INS;SVLEN=229;CIGAR=1M229I;CIPOS=0,5;HOMLEN=5;HOMSEQ=CGTCG",GT:FT:GQ:PL:PR:SR,"1/1:PASS:47:749,50,0:0,3:0,17"
X,15662845,MantaBND:586:0:1:0:0:0:0,G,G]V:4435285],47,PASS,"SVTYPE=BND;MATEID=MantaBND:586:0:1:0:0:0:1;CIPOS=0,5;HOMLEN=5;HOMSEQ=GTCAC;BND_DEPTH=17;MATE_BND_DEPTH=16",GT:FT:GQ:PL:PR:SR,"0/1:PASS:47:97,0,249:8,2:17,4"
MtDNA,31,MantaDUP:TANDEM:746:0:1:0:0:0,T,<DUP:TANDEM>,22,SampleFT,"END=13753;SVTYPE=DUP;SVLEN=13722;IMPRECISE;CIPOS=-31,31;CIEND=-41,41",GT:FT:GQ:PL:PR,"1/1:MinGQ:7:74,9,0:0,3"
