@left_chr,left_pos,left_strand,left_clip_read_NO,right_chr,right_pos,right_strand,right_clip_read_NO,microhomology_length,abnormal_readpair_NO,svtype,left_pos_depth,right_pos_depth,average_depth_of_left_pos_5end,average_depth_of_left_pos_3end,average_depth_of_right_pos_5end,average_depth_of_right_pos_3end,left_pos_clip_percentage,right_pos_clip_percentage,left_seq_cigar,right_seq_cigar,left_seq,right_seq
I,230839,+,4,I,231919,+,6,0,1,DEL,32,30,23,16,12,23,0.3125,0.333333,50M,148M,CCTCATAGGCACCGCACCCAAACTCTCCTGCCGCTGCAGCAGTCAGGGAA,TGTGAGCATTGAATCCTCCAGAGACTTCCATCGCGAGCGAGATCCTGTTGATCGCTGCGTGCATCACATCTATCTTGTCGTGCAGAACGACGTGATCCGCGGATTGGATCCACACTTCCTGGGAGCCAGAGCCTTGTGGAGCCGTCGA
I,232750,+,6,I,237784,+,0,-1,3,DEL,17,29,23,5,8,27,0.352941,0.206897,41M1D5M2I88M,38M3S,ATTTTAATTATTTTTAAAGAAAGTTTGGTAGAAGAAAGGGAGGGGGAAATGTTTAAATAGATGTGTACCTGTCGTCTATTAAGTCTTCGACTATTGAAAATGTCGAGTCGTCGAAGTTCATATTGACTCGTCTCTT,GTCGTGGTGGTGTGAAGTGTGGTGGTGTGAAGCGTGTGTAC
I,933532,+,0,I,933479,+,44,-1,0,INS,245,73,164,193,12,164,0.179592,0.60274,31M,149M,CCAATTATCTTTCTCTCTGTGGCTTCCCACT,ATATTTTACTCTCTATGGCTTCACCAATTATTTTACTCTCTGTGGCTTCCCACTATATTTTACTCTCTATGGCTTCACCTATTATTTTACTCTCTGTGGCTTCCCACTATATTTTACTCTCTATGGCTTCCCACTATATTTTACTCTCT
I,1101648,+,2,I,1059752,+,6,0,0,INS,20,21,12,12,13,9,0.4,0.380952,74M14S,141M,CAATTTTTTAAAAATTTTTTATTATGAAATTCGATCACTATGGTACCATAGGCGTGTTTTAAAGCAATTTCCCCCCGAATCCTAGTCA,GAAATGGGCGGGGCTTTTGTACTTCAAAACTCCGCCCATTTCCGACTCAAAAATTGCTTTTTTTTTTTGCATTTTTCACATTTTAACGGATTTTTGTTTTCTGTAAATGTGGCGGTAATTAAAGATGTCAAAAATTCAAAT
I,3990340,+,1,I,3990518,+,8,27,0,DEL,327,79,189,196,196,31,0.0275229,0.113924,41M,134M,CATTTCAAATTTTATATTCTCTATAATTCACGGTTTTAAAT,ATTTTGAAAACCAGTGCACATTTCAAATTTTATATTCTCCATAATTCTCGGTTTTAAATATTTTGAAAACCAGTGCACATTTCAAATTTTATATTCTCCATAATTCTCGGTTTTAAATATTTTGAAAACCAGTG
I,3990342,+,10,I,3990284,+,55,21,0,INS,375,250,304,285,169,304,0.173333,0.26,50M,147M,CAGTGCACATTTGAAATTTTATATTCTCCATAATTCTCGGTTTTAAATAT,TTTGAAAACCAGTGCACATTTCAAATTTTATATTCTCCATAATTCTCGGTTTTAAATATTTTGAAAACCAGTGCACATTTGAAATTCCCAATTCTCCATAATTTTCAGTTTAAAAAATTTTGAAAACCAGTGCACATTTGAAATTTT
I,3990592,+,4,I,3990121,+,0,-1,0,INS,31,47,116,16,16,147,0.129032,0.0851064,134M,50M,ACTTTGAAAACCAGTGCACATTTGAAATTCCAAATTCTCCACAGTTTTCAGTTTGAAAAATTTTGAAAACCAGTGCACATTTCAAATTTTATATTCTCCATAATTCTCGGTTTTAAATATTTTGAAAACCAGTG,CACATTTCAAATTTTATATTCTCCATAATTCTCGGTTTAAAATATTTTAA
I,4466740,+,5,I,4466829,+,7,2,0,DEL,15,14,11,0,0,11,0.8,0.857143,71M,148M,TTGCCATTTACAAAAAATTTTTTCCCAAATGATCGCCCGCGTCGTCATCTGTTTCTTTTTTCCAATTCAAT,TTGTTTTTTTTAGTTGTTTTTTTCAATACGAATTTTCTAATAGTTAAAGTGGTTCAGAGATTAATCACAACAAAATAAAAGAATTTTCACTAATGGGGATTCGAACCAACAACCTTCTGACTACAAGGCGAGGGTTTTACCACTTGGC
I,4545750,+,8,I,4547011,+,0,-1,3,DEL,41,81,82,40,54,92,0.195122,0.0987654,140M,30M,GCTTCACCGATGATTTTACTCTCTGTGGCTTCACCGATGATTTTACTCTCTGTGGCTTCCCACTATATTTTACTCTCTGTGGATTCACCGATTATTTTACTCTCTGTGGCTTCACCGATGATTTTACTCTCTGTGGCTTC,CCACTATATTTTACTCTCTGTGGATTCACC
I,7781415,+,0,I,7781356,+,3,-1,0,INS,17,6,9,17,3,9,0.176471,0.5,50M,118M,CCATCCCGATCCATCCCGATTCACCTCGATCCATCCCGATCCACCTCGAA,CCATCCCGATCCATCCCGATCCATCCCGATCCACCTCGATCCATCCCGATCCACCTCGATCCACCTCGATCCATCCCGATCCATCCCGATCCATCCTTCGTCGTCGTCGTCGTCGTCG
I,10953005,+,9,I,10951931,+,0,-1,1,INS,86,35,184,10,37,25,0.104651,0.257143,148M,35M,ATGAAGCACCAAATAGCACCAATTTAGCACCGATGGAGCACCAAATAGCACCGATGGAGCACCAAATAGCACCAATTTAACACCGATAGAGCACCAAATAGCCCCAATTTAGCACCAATGGAGCACCAAATAGCACCAATTTAGCACC,GACAGAGCACCAAATAGCACCAATTTAGCTCCAAT
I,11368866,+,9,I,11368750,+,3,0,0,INS,41,37,38,11,13,38,0.292683,0.324324,32M1D11M48S,117M,AAGTTCAAATAATTTTTTTTGAAATTTTAAAATTTTTGGAAAATTTTTTTTTGATTTAAAAAAAAATTTTTTTTTTTGGAATTTTTTTGGT,TTTTTTTTGTAAACATTTTTTTTCGGAAATTTTGATCGATGGGTTACTGTAGAGTTATGATTGTCTATTTTAAAAGTTCAAATAATTTTTTTTGAATCTTTAAAACTTTTTGGAAAA
I,14005444,+,1,I,14005373,+,16,47,0,INS,87,44,65,58,14,65,0.195402,0.386364,31M,127M,AGATCCTTAGATCCATAGATCCATAGATACC,TAGATCCATAGATCCTTAGATCCTTAGATCCTTAGATCCTTAGATCCTTAGATCCATAGATCCATAGATACCTAGATCCATAGATCCTTAGATCCTTAGATCCTTAGATCCTTAGATCCTTAGATCC
I,14006397,+,8,I,14002200,+,0,-1,1,INS,31,28,25,19,11,48,0.258065,0.285714,102M,25S41M,AGGATCTAAGGATCTAAGGATCTAAGGATCTAAGGATCTAAGGATCTAAGGATCTAAGGATCTAAGGATCTAAGGATCTAAGAATCTAAGGATCTAAGGATC,AAAGGATCAAAGGATCAAAGGATCAAAGGATCAAAGAATCTAAGGATCTAAGGATCTAAGGATCTA
I,14048939,+,0,I,14048676,+,5,-1,0,INS,19,18,23,9,11,24,0.263158,0.277778,55M,148M,GGACCAGGGCCAGGACCAGGGCCAGGACCAGGACCAGAGGACCAGGACCAGAACC,AGGACCAGGACCACAGGACTAGGACCACAGGATCAGGACCACAGGACCAGGACCACAGGACCAGGACCACAGGACCAGGACCACAGGACCACAGGACCATAGGACCACAGGACCACAGGACCACAGGACCACAGGACCACAGGACCAG
I,14425428,+,6,I,14425699,+,5,0,1,DEL,14,13,11,0,0,7,0.785714,0.846154,6S55M14S,149M,ATTTTAACTACAAACTACATTCTCGACTTGATAGGTTTTGAAGTTTGGAGCAGTTTGGAGCTATATTTGGAGCTA,TACAAGATTTCCGGCTTCAACCAAATTAGTGTAAATTGGTTGAGGCTAAAAATATTACTGTAGTTTGTAGTTAAAATCATCTTTTTTTTAAATTTTTTAAAAACAACTTTTCATAACACTTTTAAAATAGTTTTTGTAGTTTGTAGTCA
I,2627224,-,0,I,2893749,+,7,-1,0,INV,16,15,9,9,8,12,0.4375,0.466667,7S62M,144M,TGGTTTTGGACCAGTTTTAGTCTATTTAAGCAAAATACCCACGAACTCTACTCTCCATTTAAAGCTAAA,AAATGGGAGAAAAAGACGGAATTTCAGTCTAGCGGTTTAGAAATTCGAAAAAATGGGCTAATTTCCGCTGAAATCTCCAATCTTGGAGCGTTTTTAAGCCGGAAATTGATAATTTTGCAAATAAATTAATTTTGTTCCTTTTTT
I,2652455,-,1,I,14610300,+,2,40,0,INV,6,9,5,6,11,5,0.5,0.333333,115M,36M,GCGGTCGAGGGAAATTTCTAGGCCAGGGCTAGGCCAGGGCTACGGCCAGGGCTACTAGGCCAGGGCTACAGTTGAACTCGGTATTTCGTGCCTACTTTCTCCCACCTTTTTGCCG,GAAGGCGAAAAATGGCCATAACTAGGCGGCAAAAAG
I,12864589,+,5,II,15124906,-,2,31,0,CTX,8,17,12,8,11,10,0.875,0.411765,42M,122M,ATTCCACCAAGAAATTTAGCAAAATTTACTCGCACGGTGGTG,TTATTACGGGAATAATAAATCATGTAAATGCGTACGTGGAGCATTTTATTTGACGCGCAATATCTCTTAGCGAAAACTCCAGTAAGAACTCAAATAACTATTGTTATTTAAGATCTTACTGT
I,13462774,+,0,II,15124907,-,5,-1,0,CTX,10,10,9,20,11,10,0.5,0.5,43M,148M,ACTAATTCTGAAATAACGTTAATTCAAACAGACTACAAACTAC,ATTATTACGGGAACAATAAATCATGAAAATGCGTACGTGGAGCATTTTATTTGACGCGCGATATCTCTTAGCGAAAACTACATTAAGAACTCAAATAACTATAGTTATTTAAATTCTTACTGTAGTTTTCGCTAAGTGATATCGCGCG
I,4058627,-,2,II,11620282,+,2,0,2,CTX,12,17,11,6,12,9,0.333333,0.235294,115M,36M,CTTCCAAACATGGTTGTATCAATTGAGCAACGGAATTCAAATTGATCGTCCTTTGAAACCGTAACCCCTTGGGCTGTCGTAATCTCTTTTCCATCCAAGAACCATTTGCACTCGG,CACTTTCTCTGCCCGTTCGTTTCATCGCGTCGAAGG
I,14862456,+,5,III,5315047,+,1,5,0,CTX,22,29,15,14,13,23,0.272727,0.206897,36M,56M,GGGAAGGAGTTTCGGGATTTTATGGGACTTTAGAAG,AAGAAAAGCGCAACACCTACTGATCGTAGAAGATCCAGAGACACTCCGACAGGCAG
I,7136094,-,1,III,5717200,+,3,0,1,CTX,17,14,15,11,13,14,0.235294,0.285714,78M,73M,TCTGCTGTCCATCAAAGAATTTGGTATGCTCTCAACCACGTGACGTCGGAGTTAGATGTTCTAGCACACGAATCTCCA,CTGACGGGAATAAAAGGTAAGTTTTTCATTGTTTTTCTCTCCATTGTTGACCTTCTCCGCCCTCCATCTCCCT
I,230275,+,9,IV,13457051,+,0,-1,0,CTX,21,29,26,13,5,6,0.428571,0.310345,100M2D48M,40S45M12S,GTGGTTAAGAAGAAAGACAAAATGTTTTGAGATTAAGTAAAAGACTTAATAAGAGATTAGGAACGGAAGATGGGGATGAGGACTCAATTTGAGTGATAAGGAAAAGGTATTTTAATATAAGATTCTACAATTGGGATTGGGAAAGGTG,AAGGAATGTTAATAGAATGGTTTTTAAGGTAGTAATACCTAGGGTGAAGAGTCCCCCTTCGGGTCAAGAGTCCCCGGTGGAGAAAAAAGTTTTGGTG
I,1382017,-,13,IV,13791976,+,0,-1,0,CTX,25,23,8,28,11,7,0.52,0.565217,148M,61S46M,AAAAATTAAAATTCAAAAAAAATCCCCTGATTTTATATTTAAGCTTAAAATCGCTTGTACACCCATGAGATTTCGAATTTTCGCGCCAAAGATGCCATGTGTGTGTCGATTTACGAAATTTTAAATCTTTATCGGATGCTGATTTCCG,TTTTTCAACAGGTTTCCTTAATTTTCGTCGGTTTTTGCCAAAGTTTAATCACACATTAAAAAACGCAAAAACCGACGAAAATTAAGAAACCTGTTGAAAAACGGAAA
I,13162687,-,0,IV,9538164,+,6,-1,0,CTX,13,9,8,14,7,14,0.461538,0.666667,73M,142M,TGCTATCTCAACCCAGTTTTGAGTTTTACTAAAATTTGGGGGTGGCCGTATCATTATGTGGAGCACTGTAATA,ATACTTGGGGCACCGTTTTAATTGAAACTGCAAGATTGCCCATTTTGTGCACATCTTTAATAGGAACGTTTATAGGAAGGGAAAAAATCGGCGTGCACCTATTTTTAAACTTTGCCCAGAAATTTGCTCCATCTGTCGCAAC
I,918081,+,4,V,19993487,+,0,-1,0,CTX,12,31,8,3,20,21,0.333333,0.129032,133M,2S63M9S,ATTTCTCAGAAAATTTGAATTCCCGCCAAAATGTTTCTTTGAAAGTTTGAATTCCCGCCAAAAACATTCTCAGAAAATTCAAGTTCCCGCCAAAAATGTTTCTTTGAAAATTTGAATTCCCGCCAAGATTTTT,TACAGAAAATTTGAATTTCCGCCTAAAATATTCTCGGAAAATTTGAATTCCCGCCAAAATTTTTCTTTGAAAAT
I,13640145,+,0,V,19877748,+,10,-1,0,CTX,25,12,13,11,16,13,0.4,0.833333,13S40M18S,149M,CCTTTTAAGATGATGAGAGAGTGTGGAGGAGGGGGAGAGTGCAGACAGTCTGCGTGTCTGCACTCTCCACC,TCCCCCATACTCTCTCACCCATTTTACTTCAAATGGTCATATCTTTTGAACGGGAGGAGATAGAGAAAAAGTTCCAAATGAGGAAGTGTTCAGAATTTGAAGGACTTTATTTTTGTAGAACACGTTTTTAAGATATTATCGATCAAAAT
I,6473462,+,0,V,971622,-,3,-1,0,CTX,15,16,8,10,15,13,0.2,0.1875,48M,139M,ATGCTAAAACATTTTCCAAGTGAAAAAGTGTGTATTGAGTCGGTAAGT,AGCGGTGAAAGTGGTCAATGTAATATGATGGATTACGGGAATACAAAACCTAAACTTTTTCTGAAACATGATACATATGATGCTTAGATGCTGAAATTACCTGATTTTCATAACGAGACCGCTGAAAAAGTTTTGAGGT
I,14917174,+,0,V,2083609,-,4,-1,0,CTX,18,12,9,12,10,5,0.222222,0.333333,13M1I25M,147M,CTCGGTTTTAGTTGTAAAACTAAACTGTATTTGTCCGTG,TGGAGTACACGACTTTCCCACGCGTTGTCCGGCGGGAGATTGTCAATGGAGCGCGAAAAATTCAATGAGGAAGGCCAGAACCCGTGACATTAAATTTTTTGAAGATCAGTTTCTCCTGAAAAATTTTTTAAACATTTCCAGTCGGGA
I,2295502,-,4,V,1772204,+,2,27,1,CTX,12,7,10,14,8,9,0.5,0.857143,31M1I115M,42M,TTAACATAAGGGTTGTTCGTAAAATGCAGAAGAAAAATTTTTTAAGCTCAAAATTCGATAAATCTGAAAAATCTGCTTTTTTCAGTGGAAAGTCAAAATACCACGGATGCAGAAATGCGAAGCGCGCTCTAATAATTATTCGGCTTT,GAGGGGAGCGTGTGTAGTCGAAATTGTCTGAAAACACCGAAT
I,6654582,-,0,V,9023181,+,3,-1,0,CTX,14,18,9,12,11,18,0.214286,0.166667,67M,111M,ACAATGGCTCTAAAACTTCGAACTCGAATGCGACTACTCACAAAAAATCTCAACAATGTTTAAAGTT,AATAATAGCGATATTCGGAATAATTTTTATGGAATTGAGCTCTTATAGGTTCACTGAATGTCATCACATAACTATTACCAATCATCATAACCGATATGTTTCCGTGGCTTT
I,7780229,-,5,V,13645876,+,0,-1,0,CTX,16,44,11,11,11,37,0.3125,0.113636,147M,57M,TGCTGAAAAATTTCGACGCGGAAAAAATTTGCTGCTGAAAAATTTCGACGCGGAAAAATTTTGCTGCGGAAAAATTTCGACGCGGAAAAATTTTGCTGCGGAAAAATTTCGTCGCGGAAAAGTTTTACTGCGGGAAAATTTCGCCGC,TGCAAGCGCGCAGGTAAGCCCGCGCCTGCATTTGCGCTCGTGCTCGGGCTCCCGCCT
I,7780373,-,0,V,13645845,+,4,-1,0,CTX,12,22,13,6,7,38,0.333333,0.181818,17S67M,88M12D24M,TGCCGGAAAATTTCGTGGCGGAAAAATTTCGCTGCTGGAAAATTTCGACGCCGGAAAATTTTGCTGCAAGAAATTTTGGTCGTG,GAAAAATTTTGCTGCGGAAAAATTTTGCCGCTGCAAGCGCGCAGGTAAGCCCGCGCCTGCATTTGCGCTCGTGCTCGGGCTCCCGCCTGCGCCCGCGTATATAAATTTACAT
II,2932104,+,0,I,2263986,+,8,-1,0,CTX,21,16,9,16,15,11,0.380952,0.5,56M30S,137M,TCCTATGAATGTTCCTACATCTATTTTAAAAAGTAAGCAAATTCTATGAAAATATCCAAATGAAAACTTCCTGCAAATTAACAAAC,CGGCAAATAGCCGAAAATTAAAATTTCCAGCAAATCGGCAAACCGGCAAATTACCGGAATTGAATATTTCCGGCAAATCGGCAAACCCGCAGTTTGCCGAAAATTAAAATTTCCGGCAATTCGGCAAACCGGCAATT
II,2221696,+,4,II,2221612,+,2,39,0,INS,13,14,10,10,7,10,0.461538,0.428571,41M,120M,TTGACTAGACTAGACTAGACTAGGCTAGGCTCGACTAGACT,AGACTAGACTAGCCTAGACTAGACTAGACTAGACTAGACTAGACTAGACTAGACTAGACTAGACTAGGCTAGGCTAGACTAGACTAGACTAGACTAGCCTAGACTAGACTCGCCTAGACT
II,2472224,+,0,II,2467416,+,5,0,0,INS,13,18,11,15,14,11,0.384615,0.277778,38M,113M,CCAGCCTGATCAGCGTTAAATTCGAAAATTTAACAGCA,CGCGTCGCGGTTTCGGCTAGAAATTTCAAAATGAAGCTAAAAGCTTCTAGTTTTCGAGTATCGAAGCCAAATTTCATGAGGAATTCAATTCTGAAACCCAAAATACCGATAAA
II,2570398,+,4,II,2571023,+,0,-1,2,DEL,40,21,18,72,77,8,0.1,0.190476,19M1I27M3D88M,39M,AAAAATCTGAAAAACCGGCAAAAAATCTAAAAAACTGGCAAAACATCTAAAAAACCGGCAAAAAATCTTTAAAAAAAAACCGGCGAAAAATCTTTTGAAAAACCGGCAAAAAATTTTTTGAAAAACCGGCAAAAA,AATCTTTTGAAAAACCGGCAAAAAAATCTTTTGAAAAAC
II,2874610,+,3,II,2874706,+,2,2,0,DEL,9,15,11,4,4,11,0.555556,0.333333,42M,131M,GAACAAAATGAGATTTTTTGTGTTTTTCCCCCCAAAAACGTT,CAAAACGCTTGAGCTCACAGATATAGTCATATCGGTTTTTTGCTCTCCCAGTGGACACACGTTAAACGATTTTTTGCTAGTTTCAGCTATTTTTAGCCTTTTTCTAATAAAAAAAACCCTTATTTTCAGCC
II,2898673,+,9,II,2897830,+,0,-1,0,INS,46,63,51,16,26,27,0.195652,0.142857,149M,35M,CCAAAAATTGAGGCTTTTAGTCCAAAAATTGAGATTTATAGTCCTAAAATCGAGGTTTTTAGTCCAAAAATTGAGGTTTGTAGTCCTAAAATTGTGATTTTTAGTCCAAAAATTGAGGTTTATAGTCCAAAAATTGAGATTTTTAGTCC,ATAAATTGAGGCTTTTAGGCCTAAAATTGAGGTTT
II,3539939,+,5,II,3539602,+,0,-1,0,INS,12,17,9,11,8,8,0.416667,0.294118,138M,49M18S,GGAAAATCAAAAAAAAATTTCCAATTTTTTCGAAAAAATGGCAGATTTTTCAGTAAATGTTCCAATTCTTTTCTGAAACTTTTTCGATTTTTTTTCCAAAAAATATTCGATTTTTCAATGAATTTTCCAATTTTCTCT,TTAAAAAAATACCGGAAAATTCGAAAAAATATCCGATTTTTTCGAAAAAAGTCAGATTTTTCCTTCT
II,3796966,+,9,II,3796835,+,0,-1,0,INS,47,173,124,36,155,124,0.191489,0.0520231,136M,37M,AGTCTACCAGCACTTCCACTGATTCTACTACAACCGAGTCTACCACAGAATCAACTACGGAGTCTACCAGCACATCCACGGATTCTACCACGACCGAGTCTACCAGCACATCCACTGATTCTACTACAACCGAGTC,GACAAGCACTTCCACTGATTCTACTACAACCGAGTCT
II,3833160,+,0,II,3833227,+,8,-1,0,DEL,33,23,15,12,12,23,0.242424,0.347826,19S31M27S,146M,ACAAAGTTTGTTAAACGGAGTCACGTGCCAGGTGAGCCGGATTATGACACATATGTTTTTCCTTTATATTGAAAAAA,TAACCGATTTCAACAAGAATATTTTACAAAGTTTCACAAACATTCTTCCAAACATGTCTAACGTGCTCCAAGCCAAGCGGCGTCAAGTGTTTTGCCATTGTGATGTAGGAGTACCCCATTTTGTCGAATATCCGGTAGGATTGGCT
II,3834811,+,5,II,3834863,+,0,-1,0,DEL,22,28,23,15,15,24,0.227273,0.178571,147M,9S46M,CACCAGCTTTAAAAAAAAATTTGAGATTTTGTTTTAAAAAACCGATTACAAAATTTTGAAAACACTCTATCTCTAAGTAGTAGCAAACTCACATGTTCTGTCCCCATCCCAATTAAGCTTCCAATACGAATAAATGGGCCAATGAAT,AAGATATAGGGAATATGAAATATCTCCAATATAGGTTAATGCAATGTTTGATAAT
II,6630883,+,5,II,6630114,+,0,-1,4,INS,14,28,24,10,11,23,0.357143,0.178571,149M,60M,TAAGTCATTTTAATCTGTCATAAGCTCCCTCGATCCATTTTTCCGCAATTTCAGATTATTCTTCACATTGGCACTTCCATTTTTACAACTTGACTTATCGTAAAAGTTGCGGTTCCATTTAGAAAAAAGTTATTGTAGTCCTGTATTTA,TGGAAATACTTGTGATGAAAGAGTTCTTGTCATATGAAATATGGAAATATTTTTTTCTTC
II,6657259,+,0,II,6163818,+,8,-1,0,INS,22,11,14,13,9,14,0.363636,0.727273,58M,147M,CATTTTTTCTCTTAAGGCATTTGAAATCTGATGGAGTTCCCAGTCGTTTTCAAGCAAG,AAAAATGTCACGTGATAATGAAATTAGGTTTATTTTTTAATTTTAGGTCGTTTGAAACGAAAAATTATGTGAAATGAACATGAAATTCGTGAATAACGTGTTCTCAGCATTCTAAAAACATTTTTTTCGACCCCAATATCCCAATTT
II,7152968,+,0,II,7123746,+,8,-1,0,INS,34,20,14,17,9,29,0.235294,0.4,33M3S,146M,ACACCCGAAGGGCAGCAGGCGTATTGGGCCTATATT,CAACAGCAACAACAACAACAACAAGGAGGTCAACCTGGTGTAAGTATATGAGATTCTGTCAACTGTTCGCATCACACTCGATGCATTTCTCAGAATTGCCCAGGAGCAAAGTTCTGTTGTTGAATACCACCAGGCTCACATACGTT
II,10122290,+,0,II,10122122,+,4,-1,0,INS,23,20,22,13,16,22,0.173913,0.2,5S58M,134M,GATCTATTCCAGTTTTAGTTTAGCTCCCAATTAATATATTTTTCAATTTCCAAAAAAATTATT,TTCTTCCAAACCAAACACCCAATTTTTTAAACTTTACAAATTTACTTATTAATGTCTGGATAAAAATATAACCACACAAAATCGGTACTCACCGTTCAAAATTTGACTGAAATTCCAGTTTTAGTTTAGCTCCC
II,11027691,+,11,II,11027641,+,1,0,0,INS,24,71,41,7,15,41,0.5,0.169014,49M21S,81M,TGAAGATCGCCGTGACCGAAGCAAGGATCGGGAGGATCGTCGTGATCGCAGTAAGGATCGAGACGATCGT,CGTGAAGATCGCCGTGACCGAAGCAAGGATCGTGAGGATCGACGTGATCGCCGTCGTCATGACTCTGATGATGATCGTAAA
II,13583647,+,0,II,13583099,+,3,-1,0,INS,18,10,18,11,5,15,0.166667,0.3,63M11S,128M,CCAAAATTTTTTTTTAATCCTGAAAAAATTCCAAAAAACATTCCACAAAAAATTCAAAAAAAATTCCAAAAAAT,CCAAAAAAAATTCCAAAAAAATTTCCAAAAAAAATCCAAAAAAAATTCCAAAAAATCCAAAAAACATTCCAAAAAAATTTCCAAAAAAAATCCAAAAAAATCCAAAAAAAAACCCAAAAAAAATCCCA
II,13986755,+,7,II,13985387,+,0,-1,1,INS,29,41,65,10,96,17,0.241379,0.170732,29M2D93M1D21M,42M,TCAATCTATTTTTCGTCTGTCAATCTATTTTCGTCTGTCAATCTATTTTTCGTGTAACAATCTATTTTTTCGTATGCCAATCTATTTTTCGTGTAACAATCTATTTTTCGTCTGTCAATCTATTTTCGTCTGTCAATCTATTT,CTTCGTCTGTCAATCTATTTTTCGTCTGTCAATCTATTTTTC
II,15241387,+,3,II,15241039,+,0,-1,0,INS,7,20,10,5,10,14,0.428571,0.15,84M8D39M,39M,GAAAAATTGCCGATTTGCCGGAAGTTTTTATTTTTGGAAAATTGCCGGTTTGCCGGAAATTTTGATTTTCGGAAAATTGCCGGTTTGCCGGAAATTTTGATTTTCGGAAAATTGCCGATTTGC,TGGAAAATTTGATTTCTGGCAAATCGCTGATTTGCCCAA
II,12803609,+,1,II,12803749,-,2,3,2,INV,24,16,16,8,13,6,0.125,0.1875,51M,51S46M3S,CTTTAAAGGCGCACACCAGTTCGCATTTAACAGAAAATTGTCGTTTCGAGA,AACATTTTAATGCAATTTTGATGTGAAATTAGCTGAAAATTCACAAAAAGCCGCGATTTTGACTTTTAAAACTTTGGATTTTAATTTTTGAACTTTTAAA
II,12803612,+,10,II,12803749,-,0,-1,2,INV,21,25,16,8,13,6,0.47619,0.4,144M,39S46M,GATAACTGTTAAATGCGAAAAGGTATGCGCCTTTAAGGAGTACTGTAGCTTCAAATTTTCGTTAGAAAAATTGAAATTACTAAATATAATCTTTAAAGGCGCACACCAGTTCGCATTTAACAGAAAATTGTCGTTTCGAGACCC,ATTTTCATGCAATTTTGATGTGAAATTAGCTGAAAATTCACAAAAAGCCGCGATTTTGACTTTTAAAACTTTGGATTTTAATTTT
II,2141117,-,6,II,3098748,+,5,0,3,INV,27,15,12,14,9,9,0.407407,0.733333,128M,37M50S,TGTCACTCTCCAACAGCATTTTGAAGAACCCATTGATTCCGGTGAGAGTTGCCTTGGAAGTATGGAATACAGTTCCACCGATGTTCAGCATCATGATGTTTGCTGGTGAACACATTTTTCCTTGTTAA,CTGAAAACATTGAATAACGTATGTAATTTTTATATTCTCATCTCAAATGACCTTACAAGGAAAGTAAGTCAATCTAGTCCCGGACTT
II,10873915,-,3,II,10875156,+,4,0,3,INV,24,22,11,19,18,19,0.291667,0.318182,123M,42M,GTCTTTTTCTGTCTGGATCCTTCTTTTTCTGGAGTCGATTTTTTCACAGGAACGGCGGCACTGGGCTGGACAGTTGCTCGTTTCAAAATTTTTGGCCGTGGCATTTTCTGAAATTAAAATTGA,GTAAAAGTTCTTCTTGGAGCTATCAATGAGAATATGAAGCTG
II,12758659,-,4,II,12758759,+,0,-1,0,INV,14,10,14,11,12,12,0.285714,0.4,78M,55M,GGCAATTTGCCAAATATCAAAATTTCCGGCACATCGGCAATTTGCCAAATATCAAAATTTCCGGCAAATCGGCAATTT,TTGGCAAAGTGCCGATTTGCCGGAAGTTTTGATTTTCGGCGAATTGCCGATTAGC
II,340099,+,4,III,11717554,+,0,-1,0,CTX,20,15,12,15,13,15,0.2,0.266667,147M,72M,AAAACTATTAAAAAGTGGCAAAAATTCACAATTTTGAAACACCTCTAAAATGGTTATTTTTAAAGCTGGAGGACTCAAATTTGATCTCTGAACCTTAAAAAATTGTTCTTTTTTAGAACATAATAATTTTGAACATTTGTAGAAAAA,AATATGTGGGCGTGGACTGACAGGCCCCGCCCATTTTTTGGGCGTGGTTCTGCAATTTTGTGTTTTTTTGTT
II,3833797,+,8,III,966184,+,0,-1,0,CTX,25,22,31,25,12,8,0.32,0.363636,70M6D59M,20S51M58S,CTTTGAACTTTGTACTTGCTACTAGTCCTAGAAGTTGTTTCTTCATAGTTTGATAGATTGGGTCTTTGTCGAAATTCGCGATTTTACGGATTCCAGGGATTGCATCCCCAATTGATATGTATCTTGAAA,TGGCTAGTTTAGGGGTGACAGGCAAACGATTTTTTCCGGCAAATCAGCAAACCGGCAATTTGCCGAATTTGCCGGAAAAAACTCAATTGCCGTCCACTCCTGTGATAGTGGATGGTTGTGATCAAGTAT
II,13791084,+,6,III,13032822,+,0,-1,0,CTX,9,18,3,9,10,8,0.666667,0.333333,127M,36M,CTACCACCCGCTACCGCCCGCTACCGCCCGCTACCACCCGCTACCGCCCGCTACCACCCGCTACCGCCCGATACCGCCCGCTACCGCCCGCTACCGCCCGCTACCGTCCGCTACCTCCCGCTACCGC,TCCGTTATGTCCGCTACCGCCCGCTGTCGCATGCTA
II,15049559,+,3,IV,12249739,-,0,-1,0,CTX,12,16,12,12,15,10,0.25,0.1875,124M,71M,AAAAAAAAATTTTTCTGAAAACGTTCGAAATTATTATTATTTAAAAAAGGACAATTTTTCAGTGTTTGCAGATCAATTTTGAGTCCTCTTTTGAGTACAGTCATTAGATGGCTGAAAAAACTTT,TGGCACCTTCATGCTTGTATTTTCTTCTTCTTTTTCTGTTCATATCTCAACCAAAAAATTTTTTAATGAAA
II,2141128,+,8,V,686165,+,0,-1,0,CTX,20,24,13,14,9,14,0.4,0.333333,117M,69M,GCAACAGTGCTGTGCGGCTCTCGGCTCTCGGCGCGAGCACACATTCAAAAAACGAATACACATTCAAAAACGTTGTTCAAACTTTTTTCATGTAGCCAAAAACTATTAACAAGGAAA,GTAAGTCAATCTAGTCCCGGACTTTAAATCGAGACGTATGTCATTTGAAAATTTATGTTTAGACTAGAT
II,7708465,+,4,V,3223129,+,0,-1,0,CTX,15,18,13,13,13,10,0.266667,0.222222,148M,34M,GTTTTTAATTCCTTTATCATTGATCCAGTATTATTTCGATTAAAATATGAAACTCACTGACTGATGGATCGATTTTTTTCGGGCCGTCTTGCTGGTCGGTAGTTTTGTTCTCTCCTTTTTGATTATCTTCGCCTTCATTTTGATTTTT,CGATTTTTGTGTTGTTATTTTTTCATCTCTACTC
II,10921853,+,5,V,7704134,+,0,-1,0,CTX,16,23,21,11,16,18,0.3125,0.217391,132M,61M,TGTTCAAAATTTAAAGTCGATTAGATATGAAGAGTTTTATGAGCGAAATTGGATTTTTTCAGAAAACGGTCTGTAACTTGGCTGAACATGAAAATATCAAAAATCATGAAACTGATAAAATGTGGAGAAATA,TTTTTTACTCATTATTCAATAAAATTTATCTTTTGAAATTTAATGAAAATTGAGTTGTAAA
II,2067872,+,0,V,8341203,-,3,-1,0,CTX,14,13,17,11,10,9,0.214286,0.230769,66M,94M,GAAAATCGAAAAACGAAAAATTTTCGATTTTTCGATTTTTCAAATTCGAAAAATCGAAAAATTTTC,GTTTTTCGATTTTCTGAAAAAATCGAAAAAAATTTCCGATTTTTAAAATAAACTTACAAAACAGCTGATAATGTTTTATTTTTGAACCTTTTCG
II,2944317,-,0,V,19877527,+,7,-1,0,CTX,15,24,7,9,11,18,0.466667,0.291667,20S35M34S,80M,AAATGGGCATAACTTTTGAATGGGAAGAGGTAGAAAAAAATTTCCAACTGATGAAATGTTTAGAATTTTAAGGGCTTCAGTTGTGTAGT,ATTTTGTTAATACAGTTTTCCATCACTGAATTTGGTATTCAAAAAAAAATTTCCATGAAATTCTAGTCATTTTCTCAGTT
III,468056,+,0,I,2002703,+,4,-1,0,CTX,26,12,25,7,8,16,0.153846,0.333333,44M,15M4D129M,GTCGCTGATTGGTGCGAAAGTTGGCGTAGTTTTAAATCTTGGAG,CACTGCAACTTTTTCCGAGGGACGAGGAAAAGTGGTTTCTAGGCCATGGCCGAGGGGCCGACAAGTTTCAGCGGCCATTTATCTTGCTTTGTTTTCCTCGTGTTTTCTTTCGTTTTTCACAGCTTTTTCCCGTTTCTTCTTATT
III,10102367,+,6,I,3990578,+,0,-1,0,CTX,17,46,12,8,132,17,0.352941,0.130435,131M,67M,TGCTTGAACTTGGCGGTTTTGAAGTTTTTTGAAATTCTGTTTTCAAATTCTGAAAGAACATAAAATTTGCTACAAAATGGCTACGGGAATTTTTGAAAAAGGTAGTTTGAAGCCAGAAATTAATTTTCAAA,TTTTGAAAACCAGTGAAATCTTGAATTTCCATATTCCCCATAATTCTCGGTTTTAAATATTTTGAAA
III,11068402,+,0,I,1258857,+,3,-1,0,CTX,13,15,7,8,10,14,0.230769,0.2,20M1I41M13S,81M,ATTAGGGGATAACTGAGATTGTTTTCAATTTTCAAAAAGTCATACAAAATCTAGAAAATTTTAGTCCACCTTTAC,AGGTGGACTAACGGTTCGGACGATTTCGAACGTATAGACCCAAAATGTTCTCAAATGAACGAATTTCGTAATGAAACTTCT
III,1615253,+,3,II,13738756,+,0,-1,0,CTX,7,14,10,3,20,10,0.428571,0.214286,111M,40M,AATTCCGGCAAATCGACAATTTGCCGGAATTGAAAATTTCCGGCGAAAGGGTACATTGCCGGAATTGAAAAGTTCTGTCAAATCGGCAAATTGCCGGAAATGAAAATTTCC,AAAAAAATCGGCAAAATGACGGAATGGAAAATTTCCGGGA
III,12823959,+,0,II,12758762,+,4,-1,0,CTX,16,10,15,8,12,12,0.25,0.4,57M3S,104M,ATTTCCGGCACATCGGCAATTTGCCAAATATCAAAATTTCCGGCAAATCGGCAATTTTTG,GCAAAGTGCCGATTTGCCGGAAGTTTTGATTTTCGGCGAATTGCCGATTAGCTGATTTGCCGGTTATTTTGATTTTTTGGCAAATTTCCGGTTTGCCTAGTTGC
III,162360,+,13,III,158849,+,8,2,2,INS,37,43,28,11,11,28,0.567568,0.488372,38M,149M,GAGTGGCTTGGAAATGTTCCGGTAACCGGTGGAATTTT,TTCTTGGAGAATAGTGAAAGTATGGAGGTATTGGATATTACAGATTTGAGTTGTAATAAGAGTGGAAAGTGAGTTTTCAAAAAAAGAAGAGTTTGGGGATCTCGGACCCAAGCGCTTCAGGCCTTAGATTTAAGCCACATAAATCCCAC
III,639642,+,0,III,639581,+,6,-1,0,INS,28,11,17,21,2,17,0.214286,0.545455,3S62M,133M,GGTCTGCTAAATATTTAGCAGACCAACTGTGGGTCTGCTAAATATTTAGCAGACCAACTATGGGT,CTGCTAGATATTCAGCAGACCAACTGTGGGTCTGCTAAATATTTAGCAGACCAACTATGGGTCTGCTAAATATTAAGCAGACCCATTCAAAGTGTCTCAAACCACTTTTCAGATGAATTTTATTGGAAAATCG
III,2522157,+,1,III,2514166,+,2,37,0,INS,10,11,11,11,5,12,0.3,0.272727,57M,142M,AAAGCAAGATAAATGGCCGCTTAAACTTGTCGGCCCCTCGGCCATGGCCTAGAAACC,ACTTTTCCTCGTTCCTCGTGAGGAAAAAGTTGCAGTGCATAACTTACATGAGTTTTAGTAGCTCTCAACTCATGTACAACACAAGTTCCATTCTTTCCACCAAAAGCAACACGTTTGCTCGTCGAGCAATACGCCACCATAT
III,2738823,+,0,III,2738770,+,5,-1,0,INS,15,17,12,6,18,12,0.333333,0.294118,76M8S,104M,AATTTCGGACATTTTCCGAAAATGGGTCGGGGACGTGACCCCGACCCAAACAATGGGTCGGGGACGCGACCCCGACCCAAATAG,TGGGTCGGGGACGTGACCCCGACCCAAAAAGTGGGTCGGGGCCGCGACCCCGACCCAAAATTGAGTCGCGGGTCGACCCATCTCGACCCATTCAACAGGCCTAC
III,5509294,+,3,III,5507063,+,4,41,7,INS,23,28,28,13,12,23,0.304348,0.25,43M,132M,AATTCTTTATTATTTCTTCTTTCCAGATGTACTGCGACAACAT,ACATATCGTTGACCAGATGATGAATACTGACAGAACGAATTGTTGGGGCATACAGTAACCAAACAATTGATTGGCTGATTATTATTGTCTAGTTGAACAGTTTGACCAGAAGAGCACAGATTTGAGGTGTTT
III,8863928,+,4,III,8861820,+,0,-1,1,INS,38,12,45,15,10,6,0.105263,0.333333,141M,30M,AACCACTGATGAGCCTGGATCTTCCGTTGAGACTACACCATATACCGGCGAGACTCCATCAGTGCCTACCGGATCAACAGCTTCTCCACCAACTGGAACCACCGAAGAGCCTGGATCTTCAGTTGAGACTACACCATATAC,AGGAGAGACAACACCAACTTGGGGACCTCC
III,9938815,+,0,III,9938754,+,4,-1,0,INS,19,17,16,11,13,16,0.210526,0.235294,57M,136M,TAAATATTTAGCATACCCACATTGGGTCTGCTAAATATTTAGCATACCCACCTTGGG,TCTGCTAAATATTTAGCATACCCACATTGGGTCTGCTAAATATTTAGCATACCCATCTTGGGTCTGCTAAATATTTAGCATACCCATTTGGTCTGCTAACCTGATTTTCTTTTTTTCCAGTAATATCCTGTGGTCC
III,10226122,+,6,III,10226051,+,0,-1,0,INS,10,16,15,3,9,15,0.6,0.375,115M,68M,TAAATGTGCACTGGTTTTCAAAATGTTTTAAACTGAGAATTAAAAAAAAAAAACTAAAAATAAAACTAAAAATAAAACTAAAACTAAAAATAAAACTAAAAATAAAACTAAAAAT,AAAACTAAAACTAAAAATAAAACTAAAAATAAAACTAAAACTAAAAATAAAACTAAAAATGAAAATAA
III,10231549,+,4,III,10231454,+,0,-1,0,INS,22,19,18,16,11,18,0.181818,0.210526,93M,52M7S,TGTTCCGATAAGGTATCCAGATGGACACTGAACCTTGCATGCAGGATCTTCCGTTGTTGTGGATGTGCTTTGAGAAGTACTTGTGGAAGAAGA,AGATGTTCCGATAAGGTATCCAGATGGACACTGAACCTTGCATGCAGGATCTAGATCGG
III,13032650,+,0,III,13032263,+,4,-1,0,INS,23,11,9,10,11,5,0.173913,0.363636,42M7S,80M10I42M,CTACCTCCCGCTACCGCTCCGTTATGTCCGCTACCGCCCGCTGTCGCAT,GCTACCGCCCACTACCGCCCGCTACCACCTGCTACCGCCCGCTACCGCCCGCTACCGCCCGCTACCGCCCGCTACCGCCCGCTACCGCCCGCTACCGCCCGCTACCGCCCGCTACCTCCAGCTACCGCCCGC
III,13585300,+,4,III,13585352,+,0,-1,0,DEL,35,36,40,34,34,37,0.114286,0.111111,144M,36M,TCGCCGGATCGAGTTTTTCCACAAGTAGATTTTTCCGCCGGTTTGAGTTTTTCCGCAAGTAGATCTTCCCGTCGGTTCGAGTTTTTCCGCAAGTAGATTTTTCCGCCGGTTCAATTTTTTCCGCAAGTAGATTTTTCCGCCGGT,TCAATTTTTCCCGCAAGTAGATTTTTCCGCCGGTAG
III,2113454,+,2,III,2116009,-,2,9,0,INV,24,15,18,14,14,13,0.166667,0.266667,48M,106M,AAAAATTCAAATTTTTTGAATATTTTTTGGCGGGAAATTCAAAAATTT,AAATTTTCACATTTTTTAGCGTTGGAAAGAGAATCTCGAGTACAGCACGTCGTCCCGATTTGTGCACACGTCCGGAAGATACACTACCACCGGAAAAACTAGGTAA
III,1524719,-,6,III,11826989,+,0,-1,1,INV,10,20,6,12,10,11,0.6,0.3,141M,69M4S,TCGGAAAAAAATTTTCCGATTTTTCTTTGCTTTATTATTATTTTTTCATTATTTTGTAAAATAATTTTTTACCCGTTATTAACGATGCGAAATCAGTTGAAAACTCTGCCGCATTTTTTATAGATCAACGTAGATCAAACC,GAAATGACACTGCAACTTTTTCCTCACGAGGGACGAGGAAAAGTGGTTTCTAGGCCATGGCCGAGGGGCCGAT
III,11562915,-,1,III,11563051,+,5,20,0,INV,18,11,13,9,8,9,0.333333,0.545455,67M,31M,AAATTTCAATTTTGGCAATTTGTTGATTTGCCGGAAATTATAAATTTCGGCAAGTTGCCGATTTGCC,AATTTTGCGAGTTGCTAAGTAATTGAAAATT
III,12376545,-,1,III,12627387,+,3,20,0,INV,8,13,11,12,11,11,0.5,0.307692,86M,63M,ATTTTACGATAAAATCTTATTTTTTCGATTTTTCAGTCTTTAATAAAAACAATATTCAATTTTAAGAATTTTCGTTTGAAATTTTA,ATTCTTTAATTTATAATATAAAAATATTCAAAAAAAATCAACAATTTTACGATAAAATCTTAT
III,4670559,+,0,IV,16571333,+,3,-1,0,CTX,9,12,9,13,14,8,0.333333,0.25,32M,100M1I19M,CTTACGGTATTGCCGTCAATACTTAACGAGAC,CTAGGGCTGTGCAACCGGACGTCCGGTTTTTTCGGACGTCCGAAAAACCGGACGCCGGACGCACCCAACGTCCGGTTTTTTCGGACGCGTGTGCGTCCGGCGTCCGAAAAAACCGGACGC
III,3229729,+,0,IV,16571451,-,3,-1,0,CTX,19,7,10,10,10,6,0.157895,0.428571,36M,19M1I118M,GCACCCGCGTCCGAAAACCGGACGCCGGACGCACAC,GCGTCCGGTTTTTCCGGACGCCGGACGCACACGCGTCCGAAAAAACCGGACGTTGGGTGCGTCCGGCGTCCGGTTTTTCGGACGTCCGAAAAAACCGGACGTCCGGTTGCACAGCCCTAGTAGATAGGTTAACTTTAA
III,11822961,+,0,IV,17011648,-,4,-1,0,CTX,19,9,16,14,6,9,0.210526,0.444444,22S31M25S,89M,GGTCTCGACACGAATCGGGTCTTTCTAAATGCGAAAAGGTATGCGCCTTTAAAGATGGGGAGTACTGTAATTTCAGAT,CGGTACAGAGAGTGTAAATAGTTGAAGAGACACAGACATCCCGGGACCCAAGAGGCGGGGCGCGGGAAGAGCCGATTTGTGTAGATTTA
III,4670620,+,3,V,20705218,+,0,-1,0,CTX,14,8,8,13,10,10,0.214286,0.375,149M,46M,CATCAATTTTTTATGAATACGGGTGAAAACTGCAAAACTAATCGAAAGCATTTGAACTTACGGTATTGCCGTCAATACTTAACGAGACCTAGGGCTGTGCAACCGGACGTCCGGTTTTTTCGGACGTCCGAAAAACCGGACGCCGGACG,CACCCAACGTCCGGTTTTTTCGGACGCGTGTGCGTCCGGCGTCCGA
III,3895085,+,0,X,2004174,-,3,-1,0,CTX,14,3,6,16,11,0,0.214286,1,54M42S,106M,TTTACTCTAATGTTCTGCCAAATAATTTACTCTAATGTTCTGGTTTAGGAAAAATTGTGTTTTTGTCTTTTGAAGAGATATAGGTTTGGGGTTGGT,AATATTAATTAAATAAATAAATATTAATTAAGTAAATAAATATTAATTAAATAAATAAATAAAAATAAATTAAATAAATAAATATAAATTAAATAAATAAATATAA
IV,6006324,+,0,I,229060,+,4,-1,0,CTX,25,20,29,14,15,29,0.16,0.2,11S37M,33M1D100M,GGTGAGTAAGTATAGTCGTCATTGTTGGGAATTGTCATTTGAGTTGTG,GTAACTGTCTGTAACAACTGGAGAAGTTGTGTCAAAAATGTCTGAATCAGTATGATCTTGTCTTTGTCTTTGAATTCGAGAATTCGTATTGTCTTGCATTGACTGAGCATAAGGAAAGGTTCCTGTTATATGA
IV,13457095,+,1,I,230518,+,8,0,0,CTX,22,25,8,4,15,19,0.409091,0.36,62S45M3S,37M1D26M,ACAATTGGGATTGGGAAAGGTGAAGGAATGTTAATAGAATGGTTTTTAAGGTAGTAATACCTAGGGTGAAGAGTCCCCCTTCGGGTCAAGAGTCCCCGGTGGAGAAAAAA,GTTTTGGTGTAGAGTAGGTTTTGGTGTAGAGTAATTTGTGTAGAGTAATTGGTGTAGAGTAGG
IV,13792021,+,0,I,1382017,+,8,-1,0,CTX,17,25,10,6,8,28,0.470588,0.32,41M55S,130M,CAACAGGTTTCCTTAATTTTCGTCGGTTTTTGCCAAAGTTTAATCACACATTAAAAAACGCAAAAACCGACGAAAATTAAGAAACCTGTTGAAAAA,CGGAAATCAGCATCCGATAAAGATTTAAAATTTCGTAAATCGACACACACATGGCATCTTTGGCGCGAAAATTCGAAATCTCATGGGTGTACAAGCGATTTTAAGCTTAAATATAAAATCAGGGGATTTT
IV,1142535,+,4,II,13932386,+,0,-1,0,CTX,11,21,6,7,15,16,0.363636,0.190476,129M,48M3S,GACAACAATTTTTTGATTGGTCTGAAATACTTTTTACATTTTTGGTTAAAGGTTAAAGAAAAGGGATCTGCTTCATGAAGATTTATAAAAAGAAAGTAAAACACTAAGTCTAAGCCTAAGCCTTAGCCT,GAGTCTAAGCCTTAGCCTAAGCCTAAGCCTTAGCCTAAGCCTAAGCCTTAG
IV,2595955,+,0,IV,2029887,+,6,-1,0,INS,23,16,14,17,9,26,0.26087,0.375,11S45M56S,26M1D18M,ATTTTCAAAACTAGTCATGATTATACTTAAATCGAAGCTCTCGTCGAGCTGAATTCTGATTAAAGTTCAATTTTTCAAACTTTTTGTGAAAAAAAAAACCTAAAAATCAAGA,TTTTGAAAATTTCGCGTCGAGACCCAAAATTTATAGTAAATTTC
IV,6707242,+,5,IV,6707354,+,3,1,0,DEL,16,19,10,12,12,10,0.5,0.421053,143M,74M,TGTTCTAAAAAGATGTGCCACCTCCATTGCGTTGCCCCTGTCTATAATCTTCTCTGATTCCCTCTTCCGATCATCCGTTCCCTCCTCGTGGAAACACGCTATTGTTGTCCCTGTTCCCAAAAAAGAGTGCCTCACCAACCCAG,GCTTCCTTAAATATCGCTCCTGCACTAGCTCCCTTGTTCTCGCCACCACAAACTATTCATATTACCTCAAGAAG
IV,7727269,+,8,IV,7727321,+,0,-1,0,DEL,40,41,42,30,30,35,0.2,0.195122,143M,44M,GTAGAGCCATTCGAAGATCCTCAACCATCTGGTCCACCATCTCCAGGACCAGTCGATCCATCCGAAGATCCTCAACCATCTGTAGAGCCATCCGAAGATCCTCAACCATCTGGTCCACCATCTCCAGGACCAATGGATCCATC,AGATGAACCGTCTCCATCTGGGCCACCATCTCCGGGACCAGTAG
IV,9852492,+,5,IV,9852303,+,3,4,0,INS,14,22,19,6,10,19,0.571429,0.363636,47M,141M,AATTCATTAAAAATTTTGAATTTCTCACGCGTTGCTCTACTGCCCTA,AAATTATTATTATTTATATTTTGTGTCTACGTGCGTGAAAGTGAAAACTGAAAACTGAAAAATATTTAAAATAATTTATTTTCTACTCAAATATCTAAAAGCACGTGAAAACTGATATTTCAAAAATCGAGTAATAAAATT
IV,13549512,+,10,IV,13549438,+,252,0,0,INS,673,211,391,158,13,391,0.389302,1.24171,50M,105M,TGCCAAAATATTTACTCTAATGTTCTGCCAAATAGTTTGATCTAATGTTC,TGCCAAATAATTTACTCTAATGTTCTGCCAAAAAATTTACTCTAATGTTCTGCCAAATAGTTTACTCTAATGTTCTGCCAAATAATTTACTCTAATGTTCTGCGA
IV,13549539,+,0,IV,13549445,+,35,-1,0,INS,355,260,405,21,27,405,0.0985915,0.134615,55M5S,98M,TTCTGCCAAATAATTTACTCTAATGTTCTGCCAAATAATTTACTCTAATGTTCTGAAAAA,TAATTTACTCTAATGTTCTGCCAAATAATTTACTCTAATGTTCTGCCAAATAATTTACTCTAATGTTCTGCCAAATAATTTACTCTAATGTTCTGCCA
IV,13923448,+,0,IV,13922385,+,3,-1,1,INS,28,14,21,9,9,25,0.107143,0.214286,56M5S,137M,ATTTTCTGAAAAAAATATTTTGGCGGGAAATTTAAATTTTCTGAAAAAAATATTTTTTTTT,AAAAAATGTTGCTGCGAGATCTTCGTGGCGAGACCCATTGTGGCGAGACCCATCGTGGCGAGACCCATCGTGGTGAGACCCATCGTGGAAAACCCATCGTGGTGAGACCCATCGTGGCGAGACCCATCGTGGTGAGA
IV,15805546,+,3,IV,427545,+,0,-1,1,INS,10,17,14,7,11,13,0.3,0.176471,133M,46M,AGGATGTCGGCGGCCTGATATTGGTTGGTCCCCGGATTTTTGCCTTTTCTCCGTGAGTGGACGAGAAAAAGGCGGGGCCTAAATTTGAGGTTTTCTGCAGTACACGCCACGCAGTTTTCTTATTTTGAGTGTA,TTGCGCAACATACTTGACGCGCAAAATATCTCGTAGCCAAAACTAC
IV,3136171,+,9,IV,3170032,-,8,5,2,INV,18,36,15,16,13,12,0.944444,0.472222,73M,136M,GTGACGTCAGCACGTTCTTAAACAAAAGGAAAAAAGTTGAGAACTCTGCGTCTCTTCTCCCGCATTTTTTGTA,GATCTAAGTAGATCAAGCCCAAATGAGACAGTCTGGCACCACGTGCAAATACCTAACGAGACCCATGATTCGAGCGCGTTTCCATGAGAATGTTTCAAGAATGTTTAATTCAAAATCACGTGCTCAGAAACTGTGG
IV,17492365,+,0,IV,17493098,-,6,-1,4,INV,24,11,15,12,15,14,0.25,0.545455,49M,148M,ACCTAGTTTTCAAACATCACCAACAGAACTGTTTCTTCTAAAAAAACGT,GAAGCCAGTGAGTAAAATAAACTGTAAAGCCAGAGAGTAAAAAATACGGTGAAGCCAGAGAGTAAAATAAACTGTGAAGCCAGAGAGTAAAATAAACTGTGTAGCCAGAGAGTAAAAAATACGGTGAAGCCAGAGAGTAAAATAAACT
IV,17492403,+,5,IV,17492985,-,0,-1,1,INV,17,24,15,11,13,11,0.294118,0.208333,146M,42M,ATTCGCAAATATAATTCACTGGACTTTATAAAAAGACCATCGAACAAAGAAACTAACATACCTAGTTTTCAAACATCACCAACAGAACTGTTTCTTCTAAAAAAACGTGAAGCCAGTGAGTAAAATAAACTGTAAAGCCAGAGAGT,AAAAAATACGGTGAAGCCAGAGAGTAAAATAAACTGTGAAGC
IV,3136172,-,7,IV,3170033,+,6,2,6,INV,27,18,15,16,13,12,0.481481,0.722222,148M,54M,AGAAAGTATCGATAAAGGCTGCTCGATTTTCAAATTGAGTTTGACTTAAGGATTTTTTATCCGTTTTTAGAATCTCGTCGCTATTCCGTAAACTTTCCAAAAATGTTGTATGGCGAGCACAATTTGAAGTAACTTTTTCATTCAGATC,ATCTCGTTGGCTCTTTAAATTCTTTAATTCTGCCTCAGAATCTTGAATTTCTTG
IV,3952504,-,0,IV,13823463,+,8,-1,0,INV,22,17,10,10,10,9,0.363636,0.470588,12S49M,138M,ACAGCCGAAAAAACCAATAACTCGGCTGTCGGCTGGCGCCGACAGCCGAGTCCATTTCGCT,ACTCGGCTGTCGGCTGACGCCAAATATTACTTTCTCGATCTCAACTAAATCTTTTGAATATTTTGAAAAATTTTTGAACAGTTTCTAAAAACTTTACTATGATATCTGTCCTGTTCTAAAATTTGAACTCTAATTATT
IV,10350537,-,7,IV,10350682,+,3,0,8,INV,25,35,16,24,19,31,0.4,0.285714,134M,74M,GAATCCTTTAAAAAGTTCACTGCTTTTTGGGAATTTTTTTTGATAAATGAAAAAATATGCAAGAATCCAAAACCAAAGTTTTATACGGAGAAATGAAAATTTAAACTCAGAATAATCCGATAATTAGTCAAAAT,ATCTGATCTATTCAAAAAACTGTGTTTTAATTGAAGACACAAACCATTAAATAAAAAAATTTTGTAATTCATTT
IV,11610016,-,5,IV,11616756,+,0,-1,0,INV,10,43,3,16,20,18,0.5,0.116279,133M,35M,TCCCGATCCATCCCGATCCATCCCGATCCATCCCGATCCACCTCGATCCATCCCGATCCATCCCGATCCACCTCGATCCACCTCGATCCATCCCGATCCATCCCGATCCATCCCGATCCATCCCGATCCATCC,CGATCCACCTCGATTAACCTCGATCCATCCCGATC
IV,12688218,-,11,IV,16879853,+,0,-1,1,INV,14,29,8,13,17,12,0.785714,0.37931,146M,74M,CGGATCGCGCACTGCAGGAAGATGACTAAATTAGTTATATTCAGGATTTCTAATTAGTGAGGGCCTGGAAGGTGACCTATAGACCTACTCACGAAAAGAAACTACGAATTTAAGTAGAGGCGCTTATGAATTATTCAGATATTTTT,AATTATTATAGAAAAAATACGATCGCACAAAAATAAACAACGACGCAACGACACTCCGCTATTTTTAAGCCTCG
IV,12617139,+,0,V,16812055,-,9,-1,0,CTX,23,18,7,10,14,11,0.391304,0.5,53M23S,149M,ATATAAAATCGAAATGGGAATGCTTCCAACCAATCAGCGTCTTCGAACTCCGCCCACTCCGTCTGATTGGTTCAAA,AGTGGGCGGAGCGAATCGCTGATTGGTCGCAGTTGGAAATGTGGCCAAAAGGCGGTTTTTCTCTGTTTTTTCCTCATATTTATCTGAATTTTAGATTTTTCTCCAACTTACCACTCAAAAGCGCATTTTCTGAGATCAAGACCCTCGTC
IV,2022955,-,11,V,963502,+,0,0,1,CTX,20,35,9,10,22,15,0.55,0.314286,122M,64M38S,GGTGGGAAAATTTTCGAATTTCCAGTCCATTTCTCAACTTTTTTTTCTCTTTCTTTTTTTTTTAAGCAAATTTTTTCAACCCTTAAACCAGGAGTGTGCGGCGGCAAATTTTGAAATTTGCC,AAAAACTAATAACTTAAATTTATTAGACTCAAAAAACGGTCTGAAAATACCGAATTTCGTAATGAAACTTCTTGAAAACTTCTCCAAAAAAAGGTTATGACG
IV,2356276,-,2,V,14937117,+,2,3,2,CTX,16,18,6,10,11,17,0.25,0.222222,114M,37M,GCAATTTTAGCCATTTTTTCAGCTTTTTTATGGCAATTTTTCGCTATTTTCTCACGATTTTCTTCAAATTTTCCAGATTTTCCACTCAAAACCGACCTCTTTATAACTATTTCT,ACAAACAGTTCGCTGTTTTCCTTGTACTTTCGCTCGC
IV,6707570,+,5,X,144705,-,0,-1,0,CTX,13,18,10,12,18,14,0.384615,0.277778,76M,62S37M12S,AAAGCTCCACGATTTTGGCATCAACCCATTATTTGGTAATTGGTTTCAAGATTTCTTATCCTCCCGCACATTCTCA,CTAGGGAATATTGTTACTTACTTACTTACTTAGTTACTTAGACGATCCGCTCTGGAAAAAATGGTTAATTTTCAGCTAAAATCTCCAATTTTGACAACTTAACGGTGACGC
IV,10984330,-,4,X,15811081,+,4,0,1,CTX,22,3315,17,25,1317,1228,0.363636,0.00241327,130M,74M7S,CTGAAAAAAAAAAATAAAGTTGAATAATTTTTATAGAATTTTAAATGTAATTTCTCAGCTTTGGAAAATTAAAACCAGACATTCGTTCATGAATATTTCAAAAAATGTTCAGTTTTTTTCGAATTTACCG,AATTTACCGGCCAGACTCACTAAATTTGGTGAACGGCCAGAGTCACTAAATTTGGTGAACGGCCAGAGTCACTAAATTTGG
MtDNA,13794,+,15,MtDNA,1,+,41,0,10,INS,76,68,18,0,0,127,0.736842,0.823529,73M,150M,TAATATATTTAGATATATTATAGAGTATTTATCTTATTATTTATAGATATATACTTTGTATATATCTATATTA,CAGTAAATAGTTTAATAAAAATATAGCATTTGGGTTGCTAAGATATTATTACTGATAGAATTTTTAGTTTAATTTAGAATGTATCACTTACAATGATGGGGTTTAAAATTCTATAGTAAAAGTGTTTTTTGTTTTAGCTGTTTTAAGTAG
V,1764552,+,3,II,13091998,+,0,-1,0,CTX,13,16,6,11,16,14,0.230769,0.1875,138M,43M18S,ACTTTTCTTGCAGATGCTTCTACGACACGACTAATTTCACATATTTCAGTGGTCTGGCCAATACGAAATGCTATCGGGTTTGTGAAACACAAAATTCTGAGAATGCGTATTGTACAAAACATTTTACGTGCAAAATAT,CTCGTAGCGAAAGCTACAGTAATTCTTTAAATGACTACTGTAGTCGATTTATTGGCCCGAA
V,17101156,+,4,II,10200455,+,0,-1,0,CTX,16,24,22,18,8,14,0.25,0.166667,119M,71M,ACAAATAGATACATTACTGAATAGGATGAGGGTCCATGTAATATCGACTTGTATAAAAGGGGAGCAGAACTGTAACTATCATTATTCAACAGCCATGGTTGCTTCAATCGTCGTTTTCT,CCAAACATCTGCAGCATGACTCAGCCAAAATATCACAAAAAGACGCTCGGGTCGTTGAATTCTAACATTGA
V,1124978,+,6,IV,16786980,+,0,-1,0,CTX,16,18,10,6,8,15,0.375,0.333333,57M,51S21M2D27M,GTTCCAGACGCTGCGACACCGAGAGGTTGGTAAAAATCTTGATTTTAACTGAAAATG,AGCCCTTCAAATTCCAATACAATTAATAACTAGTTATGTGCGTCACTCAATTTTATCAACAACGTGAAACAGAAATTTTTTAAAATTTTTTCAAAATCA
V,17490437,+,3,IV,16571333,+,4,38,0,CTX,8,15,4,8,14,8,0.875,0.466667,33M,100M,GGTTTCTTTGTGGTTCTGGTGTGGTAGTCTGCG,CTAGGGCTGTGCAACCGGACGTCCGGTTTTTTCGGACGTCCGAAAAACCGGACGCCGGACGCACCCAACGTCCGGTTTTTTCGGACGCGTGTGCGTCCGG
V,266421,+,0,V,265049,+,8,-1,0,INS,134,74,113,27,20,875,0.0597015,0.108108,42M,144M,AACGGTTGTACACTTTTCTAAAAATACAGAAAATTAACAATT,TTTATAGCAAGAAGACTTTTTGAATGCCCAAACATAGGCAACCAAAAAAAATTTCCAAGTTTTTATTGATTTGTTGCATATTGAAACAACTTTTTTCAGGTATTTTGAAATGAATATCATAGCTACAGAAACGGTTGTACACTT
V,1645707,+,6,V,1647498,+,9,4,3,DEL,21,17,11,0,0,15,0.714286,0.882353,93M,4S54M,GATCTTCCAATTTCCATAAAAACATTCAGGTGAGGCAAATTTCTAAATTTCTAATTTTACATTAGTCAGTGCATTTCAGATACTACGCCGGAT,CTGCTCAAGTCGCAAATACTATCCGCGCGGCATCATTTTGGGTAAACTGTTATGATGT
V,3099201,+,6,V,3098952,+,0,-1,0,INS,55,101,102,40,37,109,0.109091,0.0594059,5M1I139M,35M,ATCTATTTTTTCGTCTGCCAATCTATTTTTCGTCTGTCAATCTATTTTTTCGTCTGTCAATCTATTTTTCTTCTGTCAATCTATTTTTCGTCTGTCAATCTATTTTTCGTCTGTCAATCTATTTTTCGTCTGTCATTCTATTTTT,TTTTGTATGTCAATCTATTTTTCGTCTGTCAATTT
V,5755541,+,0,V,5755491,+,15,-1,0,INS,67,66,66,0,11,66,0.223881,0.227273,51M57S,51M,GGCGGCTTCTGGCCTGGTGGTGGTGGAGGCGGCTTCTGGCCTGATGGTGGTGGAGGCGGCTTCTGGCCTGGTGGTGGTGGAGGCGGCTTCTGGCCGGATGGTGGTGGA,GGCGGCTTCTGGCCTGGTGGTGGTGGAGGCGGCTTCTGGCCTGGTGGTGGT
V,5755541,+,18,V,5755491,+,0,-1,0,INS,52,84,66,0,11,66,0.346154,0.214286,139M,30S51M23S,CCTCTGGCGGCTGCATCTGACAAAAATAAAATTATATGATAATCATTTGTTGATTCAGAATACCTGCAAATCACCAATTTGAGGATGTGGCGGCTGCTGGCCTGGTGGTGGTGGAGGCGGCTGCTGGCCTGGTGGTGGT,GGAGGCGGCTTCTGGCCTGGTGGTGATGGAGGCGGCTTCTGGCCTGGTGGTGGTGGAGGCGGCTTCTGGCCTGGTGGTGGTGGAGGCGGCTTCTGGCCTGGTGG
V,5755541,+,3,V,5756050,+,5,0,0,DEL,57,11,26,0,0,8,0.140351,0.727273,64S51M,149M,TGGTGGTGGAGGCGGCTTCTGGCCTGGTGGTGGTGGAGGCGGCTTCTGGCCTGGTGGTGGTGGAGGCGGCTGCTGGCCTGGTGGTGGTGGAGGCGGCTGCTGGCCTGGTGGTGGT,GGAGGCTGTGTGGCCGTAGGTGTCATTGATCCACCGGCTTACGAGAGACGAGAAACGAGATTTGCTCTGAAACATTCACTAATTAAGAGCGAATATAATGGGAAAACGGAAAAAATCAGATTTTGGGGAATTACAAGCTTTCTTTTCAA
V,6081822,+,6,V,6094837,+,6,0,0,DEL,16,17,8,0,3,11,0.75,0.705882,72M,141M,ATGTTTGCCTATGAATGGTAGTTTTCATTAAATAATAAAATACGCACTAAAAGGTAGTGCTGAAGAAAAGTG,TGACGTTAGCACACTCTTCACTATGCGAAATCAATTTAGAAGACTGCGTCTAAATTCCCGCAATTTTCGAAGATCAAACCGAGATGGGACATTCTGACACTACGTGCACAGTTGATCGTTTGTTAATATGGCCTGGTTTGT
V,12510658,+,12,V,12509960,+,11,0,4,INS,42,40,44,12,9,164,0.547619,0.575,78M,113M6D34M,ATACTCTACAAGGTAGAAGTTTTTTTGATAATTCATATTTTTGATTCTCTTCTTGGTTAAAACAATTACAAAGCATTC,AAGAGTATTGTTAATAGAGGCTAGTCTAGGTAGTCTAGGTAGTCTAGAAAGTCTAGGTAGTCTAGGTAGTCTAGGTAGTCTAGGTAGTCTAGGTATTCTAGGTAGTCTAGGTAGTAGTCTAGGTAGTCTAGGTAGTCTAGGTAGTCT
V,13367099,+,7,V,13362656,+,4,2,4,INS,25,34,24,11,14,26,0.44,0.323529,68M,141M,CACATTTTTCTCAGAATCATTGTGAAAATTTATTGGTAGACTCGTGGTTCTGACGAGCATAAATATTG,ATCTGGCTCCCTTTATATCAATGCATTGCTCATGGGCTCATTAAGATGGGTGCTGAATATCTTTTTCGGATTAGCTGATTTGAAATTTGCAAAATTGGGTAGAAAACACATCCATGTGATTTCAAAGTTGACAATTACTAT
V,13646388,+,3,V,13645876,+,0,-1,0,INS,22,42,21,15,11,37,0.136364,0.0714286,36M1D101M,33M,ATTTTGCTGCGGAAAAATTTCGTCGCGAAAAAATTTGCTGCGGAAAAATTTTGCGGCGGAAAAATTTTGCTGCTGAAAAATTTCGTCGCGGAAAAATTTTGCTGCGGAAAAATTTCGCCGCGGAAAAATTTTGCTGC,TGCAAGCGCGCAGGTAAGCCCGCGCCTGCATTT
V,14745098,+,5,V,14744925,+,0,-1,0,INS,23,21,27,11,12,27,0.217391,0.238095,39M27I74M,36M,CCTCCACCTGATGGCTTTGCGTATCCTCCACCACCTCCGCCTCCTCCTGATGCGTATCCACCACCACCTCCTCCTGATGGCTTAGGATATCCTCCGCCTGCTCCACCACCTCCTCCTGATGCGTATCCTCCACCTCCTCC,CGAGGATTTAGCGTATCCACCTCCTGACGATCCTCC
V,15435577,+,11,V,15426625,+,11,5,4,INS,53,48,48,23,11,40,0.415094,0.458333,66M,138M,AACACTGTCAAATGATCGAACTTCTAGGATGTTTAAATATTAATGTTTGAAACATAAGTAGACCAT,AAAAATTCTCTGGTGAAGCAAAAAATAACGGACAAGTGCGACAATGTTGCTTGTGGAATAAAAAATATTGCGATCTCTGCATGAAGGGAAAGCTTTCAACACTCGTGGATTTGACCATGATGAAGATTACTTGTTGGT
V,17957547,+,0,V,14460900,+,3,-1,3,INS,16,20,14,9,14,16,0.1875,0.15,67M,84M,CCGGCAAATCGCTAACTTGCCGGAATTGTAAATTTCCGGCAAATCGCCAACTTGCCGGAATTGAAAA,CCAAATCCCGCTCCACGTCTTCCCGCCGTTCCCGCTCTCGCTCAGCTCGTCGTGTCTCGTTCAAGCGTGGACGTCCTGCTTCGT
V,18725499,+,12,V,18703462,+,9,1,8,INS,42,45,45,11,12,36,0.5,0.466667,76M,147M,CACAGCTGCAGATTATTGCTGCAGAGAAGGGTTTCCTGCAAAAAAAAAACGATTAAATTCAGTTTCAGACCCCCGG,GTTCCATTTTTGCGGGGTCTTTGGAGGACGTAAGTCTCGATTTTGACAAAAAAAGATAAACAATCAATCTAATTTCTAAGTCGAAATCAATCACGCTTGGGCTATGCTGAAAGACTGCCATGAGAGCCGAAAACAACCGACGTGCAT
V,19431295,+,8,V,19428036,+,7,0,4,INS,33,27,21,14,7,19,0.454545,0.555556,66M15S,130M,CGGAAATTCTGAATTTACTTGACCCCCATATCGCGAAATTCTAAAAATTTCAATAAAAAGCGAGAAGACGTATGCACCCAC,TATAGAGACGTATGCACCCACGGGCACAAGCACAGACACATACTCAGGTACACATACACCTAAGGAAATGTAAACAGGCATGTGTAGAGATGCATGTACTGTGGATTCATGTAAATACAAACAAATATAT
V,19638841,+,0,V,19628302,+,7,-1,1,INS,23,14,15,8,9,20,0.304348,0.5,64M,148M,CTTTTGAATTTTCAGGGAAAATTCGGAGATTTTTAGGAAATGTGTCAAAATAAAAATTTTTCAG,TGAAAATTCACACAAAAATTTATGAAACTTGAAAAAAAATCTTGAAATTTTAGAAAAAACAATTCAAAAATTAAAAAATTCGGGCCAAATCTTGGCCCAAACTTTGAAATTTTGAGCAGATTTTCTGATTATCCGTGCGAAGTTACCC
V,19800253,+,6,V,19800133,+,4,0,0,INS,20,26,17,16,14,17,0.5,0.384615,49M33S,122M,GTTTCCCGCTAAAATATTTTTCTCAAAAATTTTAATTTTCCGCCAAAAAATTTTCCAGAAAGTTTGAATTTCTTCAAAAAAT,TTGAATTCCTGCCAAAAAAATTTTCTTCAAAAATTTTAATTTCCAGCCAAAATTTTTTTTTCGAAAATTTAAATTTCCCGCTAAAATATTTTTCTCAAAAATTTTAATTTCCCGCCAAAAAT
V,19820219,+,0,V,19820307,+,8,-1,0,DEL,29,11,21,10,10,15,0.275862,0.727273,39S53M,123M,TAGGTTCAGGCTTATGCTTAGGCTTAGGCTCAGGCTTAGGCTCAGGCTTAGTCTTTGGCTTAGTCTAAGGCTTATATTCATGCATAGGCATT,GGCTTAGGCTTAGGCTTACGCTCAATCTCAGGCTTAAGCTTAGGCTTACGCGCAATCTCAGGTTTAGGCTTAGGCTTACGCTCAATCTCAGGCTTAGGCCTAGGATTAAGCTCAGGCTTAGGC
V,19820224,+,6,V,19820312,+,0,-1,0,DEL,21,23,21,9,9,14,0.285714,0.26087,111M,42M,ATTAAGCTCAGGCTTAGGTTCAGGCTTATGCTTAGGCTTAGGCTCAGGCTTAGGCTCAGGCTTAGTCTTTGGCTTAGTCTAAGGCTTATATTCATGCATAGGCATTGGCTT,AGGCTTAGGCTTACGCTCAATCTCAGGCTTAAGCTTAGGCTT
V,19877606,+,0,V,19856469,+,3,-1,1,INS,27,21,18,12,16,16,0.111111,0.142857,69M4S,55M,ACAGTTTTCCATCACTGAATTTGGTATTCAAAAAAAAATTTCCATGAAATTCTAGTCATTTTCTCAGTTGAAT,CTTTTTCTCTATCTCTCCCCGTTCAAAAGTTATGAGGCTTTGAAGTTGGCGCGCC
V,20398658,+,5,V,20398830,+,1,0,0,DEL,16,29,9,15,15,11,0.375,0.206897,43M43S,41M2I22M,GAGATTTTGGGGGAAATTTTGAGAGTTTTGGAAGGTTTTTAGGCGATTTTTAGAAATTTTGTGGAATTTTAGAACGTTTTTAAGAG,TTTTTTGTGAATTTTTGGAACTTATTGAGGTTTTTAGGGATTCTTTTTTTGCAATTTTTGCGGAC
V,20398731,+,3,V,20399049,+,0,-1,0,DEL,16,17,10,16,8,10,0.1875,0.176471,84M,19S45M9S,AGGTTTTTAGGGATTCTTTTTTTGCAATTTTTGCGGACTTTTTGGAGGTTTTGGGAGAAATTTTGAGCGTTTTGGAAGGTTTTT,AGACGATTTTTTTTGCAAATTTTGGAGATTTTTAGTATATTTTTCAATTTTAATCGGAATTTTAGAGAGAATC
V,20398856,+,0,V,20398648,+,3,-1,0,INS,26,14,16,8,9,16,0.115385,0.214286,35M,137M,TAGGGATTTTTTTTGCGAATTTTTGGAACTTATTG,AGGTTTTTAGGGATTTTTTTTTTGCAATTTTTGCGGACTTTTTGGAAGTTTTTGGGGAATTTTAGAGAGTTTTGGAAGTTTTTTTTGCGATTTTTCTGGGCTTTTAAGAAATTTTTAGGAAATTCATAGAATTTTGG
V,20398901,+,8,V,20398617,+,0,-1,0,INS,11,20,17,7,9,14,0.727273,0.4,74M,16S39M2D22M,TTTTTTTTGCGAATTTTTGGAACTTTCTGAGGTTTTTAGAGATTTTTTTTGGAATTTTTGCGGACTTTTTGGAA,GTTTTTGGGGAATTTTAGATTTTGGGGGAAATTTTGAGAGTTTCGGACGGTTTTTGGAATTTTTTTTTGGGATTTTT
V,20399093,+,0,V,20398828,+,9,-1,0,INS,22,22,7,9,14,10,0.409091,0.409091,49S45M25S,74M,GAGAAATTTTGAGCGTTTTGGAAGGTTTTTAGACGATTTTTTTTGCAAATTTTGGAGATTTTTAGTATATTTTTCAATTTTAATCGGAATTTTAGAGAGAATCAGAAGGTTTTTGGGAG,TTTTTTTTGCGAATTTTTGGAACTTTCTGAGGTTTTTAGAGATTTTTTTTGGAATTTTTGCGGACTTTTTGGAA
V,20499486,+,0,V,415537,+,13,-1,0,INS,22,17,10,10,10,9,0.590909,0.764706,3S71M21S,141M,CCCCTATTCATGTGTGTAGAAAAATGTAAAAAAATCGCATGCATTTTTTGCATTTTTCGACATTTTTCTACATTCTTCAAATGTAGAAAAATGTC,GAAAAATGCATGCTTAAAAAAATTTCGTTATCACATGAATACTGGAAAAATGGGGGCTTCTTTGAAATTTCGATTCGAAATTTAAAAAGCTCTGGTTTTTGAAATTCAATTTTTCATTCATTTATTTTTCATTCATTTTTC
V,940290,+,1,V,3778144,-,3,0,0,INV,7,16,10,6,12,12,0.571429,0.25,47M,36M68S,TAGCGAAAGCTACAGTAATTCTTTAAATGACTACTGTAGTCGATTTA,TTGGCCCGAATTAGGCAAAAATTGAGCAAAAAATGAAATTCATTTCAAAAATCGAGCCCGGAAACCGATACAGTAATCATTTAAAGAATTACTGTAGTTATCGC
V,5285324,+,7,V,10446878,-,4,0,0,INV,223,69,133,351,27,29,0.0493274,0.15942,138M,60M,GAACGGCCAGAGTCATCATATTTGGTGAACGGTCAGAGTCACTAATTTTGGTGAACGGCCAGAGTCACTATATTTGGTGAACGGCCAGAGTCACTATACTTGGTGAACGGTCAGAGTCACTATATTTGGTGAACGGTC,TAGTGACTCTGGCCGTTCACCAAATATAGTGACTCTGGCCGTTCACCAAATATAGTGACT
V,1764547,-,7,V,3778089,+,0,-1,3,INV,12,22,6,11,11,13,0.583333,0.318182,142M,22S56M,TGTTTGCACAAAATACACCAATTCGTCGAGCTGAATACACGTATAATTACGAGCTTCAGAAAACTTTGTATTGAGATTATTTGTACTTGTGTAGTATTACAGGAAAACAATATTAGAAGAATGCGTATTGTGCAACATATTT,GACGCGCAAAATATCTCGTAGCGATAACTACAGTAATTCTTTAAATGATTACTGTATCGGTTTCCGGGCTCGATTTTT
V,6942154,-,3,V,6942258,+,1,0,0,INV,11,151,6,110,35,109,0.363636,0.0264901,89M,76M,TCTCGGTTTTAAGTTTTTTGAAAACCAGTGAAGTCTTGAATTTCCATATTCCCCATAATTCTCGGTTTTAAGTTTTTTGAAAACCAGTG,GAAATTCAAGACTTCACTGGTTTTCAAAATTTTTTAAACCGAGAATATTGGGGAAAATGGAAATTCAAGACTTCAC
V,14585387,-,8,V,14587053,+,0,-1,4,INV,15,17,7,29,2,11,0.533333,0.470588,149M,74M,ATTAAATTTTTCACGTTGGTTTTTATTAGGAATTGTGATGTTTATCGGATTAAAAACGTTTCAATTTATTTTTTAACAAAATCATTTAACGATTTTGAAATGATCCAAGAATCTGAACGAGTTGATCAAGACGAAGACAGCGAGAATGA,CGTACAAGCTAGCATACTTTGTTTGGCATTTTCTGGTATATTTGGTTGTGCTGAACAGTTCTATAAAATAAAAA
V,9554018,+,0,X,466278,-,5,-1,1,CTX,9,17,8,7,23,9,0.555556,0.294118,40M,138M,AGAACAAATGGAAATCGGGTCAGTCATTAATATATTTAAA,TTCTCGGCATTTCGTGCCTACTTTCTCCCACCTTTTTGCCGAAAGGCGAAAAATGGCGATAACTAGGCGGCAAAAAGGTGGTAGAAAGGTGGCAAAAAGGTGAGAGGAAGGTGGAAAAAGGGTGTACAGAAGGTGGGA
V,9724738,+,6,X,4237643,-,1,0,0,CTX,19,15,6,12,7,13,0.368421,0.466667,133M,64M3S,AGGTAGCTTTCGAGATGCTTTAGATTTCTCAACTGATTTCGCATGGTTAAGAGTGCGCTGACGTCACATTTTTCTGAGCAAAAACTCCCGCATTTTTTGTATATCAAACCGTGATGGGACAGCCTGACACCAC,GTGTTAAAGGTGGTGTAGTCGTATTTTTTTATTTCTTTATTAGACTTAAAATTGTCTGAAAACACCG
V,13170519,-,0,X,5791103,+,4,-1,0,CTX,23,22,17,19,13,16,0.173913,0.181818,51M,65M,ATGATTATCCGCATTGGCGGCGGGTAGCGGTAAAAATTGAAAAAGACAATG,AAAAAAGTAACAGTAGACTAGGAAGTGCGGTTGAGAACAAACAAGGAGCGGCATTCAGAGGAATC
X,13503182,+,0,II,14512997,+,4,-1,0,CTX,19,16,15,12,15,16,0.210526,0.25,60M,118M,ATTTTGTAACTTGGTGAAACCGTTCAATAAGCATTTTTAAACGTTATATATGAGTGTGAT,AAAAATTATGAAAATAATTGAAAAACTGTAAATTTTTTTTTGAAAAAATGTTTTTTTTCATTCTTTTTTTCTGTTTCTTAAAGATTTTGCTAAAGCTTTTTTCAGTTTTTTTGTCTTT
X,13991370,+,9,III,2297139,+,0,-1,0,CTX,11,27,12,11,11,13,0.818182,0.333333,46M,94S30M5S,TGACGTCATTCATTGACGCGGGAATTCAAAAATAATTCGGCCCTTT,CTTAAATTTTTGCAAAATTTTTAAAAAAATCAGAAAAAATTTAGAAAATAGATAATAAAATACAGACGGTACTCCACCTTTAATAACTAAAAATAAAAATTTAAAAAAATTTTTAAAAATTTAAAAAAA
X,16305705,+,6,V,9707236,+,0,-1,0,CTX,17,19,13,12,11,16,0.352941,0.315789,139M,27S37M11S,CCCAGCGATCGAAAACGACAACTCCAAATGAAGGAAGACTGTAAGTATTTATTGGTTTTTTCAATTTTCTTTAAAGTTCCAAGGGTAGATCAAAAATTAGTTATGAGAAAAATTTGCGATCGTATTTTTTCGATAATAG,TGATTCTGGAACAGGCTTGTTCAACACTGTATTATCGAAAAAATACGGTCGCACAAATTTCTCAAGATCGGAAGA
X,1519527,+,7,X,15387088,+,0,-1,0,DEL,14,20,8,14,10,12,0.5,0.35,105M,6S90M5S,AACCGACGATCAGAAAGTTTGTGCAATTTTATTAATAAAACTGTTCGGAACCATTATTATATTAAAACCAGGGCTCCCATGTAGGCGCCGCGATCCGACATTTTT,ATAGCAATGCGCAGAACCCAAAAAATGTCGGACGCGGAGCCAAGGCTGCACCAAATAGTGCGATAGGGTATGGCATTATTTGGTGCAAACTTGGCTTCGCG
X,2526300,+,6,X,2359546,+,1,2,0,INS,14,18,11,11,16,12,0.5,0.388889,32M,46M,CTAACCGACTGAGCTATGGCGGCCACATTATC,AACAATGCTATAGTTTTCTCAAAAAGTGGCAAAAAATCAGTAATTG
X,3304594,+,0,X,3301754,+,7,-1,0,INS,32,30,18,13,19,11,0.21875,0.233333,80M32S,137M,ACATTTTCTGTTCTATCCGAGATTATGACAGAAATGAATAATCACACCTTGAGCAATCATTTTGGAATTGTACCCACTGACACAAAGTAAGTTCATGTTTGGGGGTGTTACA,GATCATAATCACAATATCAGTTCAGCCTTGCATTTGTTGATTCAATAATTACATCTAGTTACCAGGTTGGGAATGCTCTTTCAATTTTGTTACTGCTCCCAATTGTTGATTTCAAAGGCAGAAAGTTTGTGGCGGTT
X,7078528,+,0,X,7078629,+,4,-1,2,DEL,38,22,30,31,31,19,0.105263,0.181818,36M,147M,GTATCGAAAATAGCTATGTCGTATCGTAAATAGCTA,TGTCGTGTCGTTTATAGCTGTGTCGTGTCGTTTATAGCTGTGTCGTATCGTAAATAGCTATGTCGTGTCGTTTATAGCTATGTCATGTCGTTTATAGCTATGTCGTATCGTAAATAGCTGTGTTGTGTCGTTTATAGTTATGTCGTG
X,8182193,+,3,X,1644104,+,0,-1,1,INS,13,44,16,8,52,36,0.230769,0.0681818,78M,7S65M,TTTGGAGCGGTTTTGGAGCGGTTTTTGGAGCGGTTTTGGAGCGGTTTTTGGAGCGGTTTAGGAGAGGTTTTAGAGCGG,AGTTGGACGGTTTAGGAGCGGTTTTAAAGCGGATTTGGAACGGATTTGGAGCGGTTTTGGAGCAGATTCGGA
X,12277119,+,3,X,12276992,+,0,-1,0,INS,9,48,35,4,27,35,0.333333,0.0625,135M,33M,GCTATTTTGTGCTCCATCGATGATGAAGTGGTGCTATTTGGTGCTCTATCGGTGCTACATTGGTGCTATTTGGTGCTCCATCGGTGCTAAATTGGTGCTATTTGGTGCTCCATCGATGATAAAGTGGTGCTTTTT,GGTGCTCCATCGATGATAAAGTGGTGCTATTTG
X,14297978,+,0,X,16305650,+,5,-1,0,DEL,10,15,6,10,14,14,0.5,0.333333,50M,144M,GTTTTGTTGAGGCTGTCTTGTCGAAGGAAGGGGCGGAGTCAAGTTCAACA,GGTAGATCAAAAATAAATTATGAGAAAATTGTGCGATCGTATTTTTTCGATAATAGATCTGAACATTTTTTGTGGAAAGTTGTTGTATTATCCGGATTCCGTACGTTAAATTATTCCTATATGTTTCCATGATTTTGTTATGAT
X,14377731,+,7,X,8181995,+,0,-1,0,INS,20,17,12,8,7,16,0.35,0.411765,134M,53M,TTGGAGCGGATTTGGAGAAGATTTGGAGCGGATTTGGAGCGGTTTTTGAGCGGTTTTGGAGCGGTTTTGGAGCGGTTTTGGAGCGGTTTTGGAGCGGCATTGGAGCGGTTTTGGAGCGGTTTTTGGAGCGGTTT,TGGAGTGGTTTTTGAAGCGGTTTAGGAGAGGTTTTAGAGCGGATTTGGAGCGG
X,14788284,+,4,X,14788430,+,1,9,0,DEL,10,15,11,3,3,13,0.5,0.333333,57M,94M,AAACAAAATGGAAGTGTGTTGTATCTTAGGTGTAGGGCTGTGCAACCAGACGCACAT,GCGTCCGGTGGTGTCAAAATCGGACGACCGGACTACGATCTGTACAGCCCTAGTTAGGTGCAATGTGGATATGAATCTGATGTTGTATCTGAAA
X,14909221,+,0,X,14908147,+,10,-1,2,INS,295,23,192,125,12,172,0.0338983,0.434783,33M,149M,TCTCTGGCTTCACAATATATTTTACTCTCTGGC,TTCACAAAATATTTTACTCTCTGGCTTCACACTATATTTTACTCTGTGGCTTCACAGTCTAATTTACTCTCTGGCTTCACAGTATATTTTACTCTCTGGCTTCACAGTCTAATTTACTCTCTGGCTTCACACTATATTTTACTCTGTGG
X,15387177,+,0,X,1519516,+,5,-1,0,INS,16,13,11,15,8,13,0.3125,0.384615,68M5S,121M,CGGACGCGGAGCCAAGGCTGCACCAAATAGTGCGATAGGGTATGGCATTATTTGGTGCAAACTTGGCTTCGCG,TCCGACATTTTTTGGGTTTCGCGCATTGCTATTAAGATTTCGGATCCCGGCGTGAGGGCGGCGTTTGCGGCACCCACATGGGAGCCCTAATTGAAAATTTAAAGAGTAAATCGATAGAAAA
X,216891,+,2,X,256071,-,2,5,2,INV,3,6,2,12,5,10,1.33333,0.666667,38M,142M,TTCTCAATTTTAAAGCTAAAAATCATCGGAATTTTGTT,GATCTCTGTCAAAATCACGATTTTTTCACTGTTTTATTCAATTTTTAGGAAAAATCCTAATTTTTCTGTATTTTTACTACGAAAAATCGAGTTTTTCGGAGCTTTGACTACAAAAAATAGCGTTTCTGTCAATTTTCCAGCT
X,1417343,+,4,X,14966865,-,0,-1,0,INV,17,14,11,9,11,14,0.235294,0.285714,132M,4S51M,TGGAAGGTGAGATTTCGAAATAATTATTTTTTGAAGTGTGAAAATCTCAGGGATAGAAGGTGCTGCATCTGTTCAGTTGGATTTGTCCGAAGATGCGATTCCTGTACAGAAAAGAGTTCCAAAACTCTTTTC,CTTTCCTCAGTCACCGCGTTGGGGGGTTTTTCGAAGGTACCTCTAACTTGGTGAC
X,12190992,+,5,X,12199124,-,6,4,4,INV,17,17,10,0,11,1,0.647059,0.647059,64M,141M,AAATTGTCTGTTGTTTCACATCTTTTGGTATTTTTACCAGTTATCATTTTACAACAAATCAAAC,GATCAGAAACCCAAACTTCTAAGCTCATTGTTCAGTTTCACACTTCCTGGTTTTCTCCCATGAGCCTATTCATATATCCTGCAAATGAAAAGAGCCGTGTGCAAAATTTCCTGTTTCAATGCTCTGCTCTTTCGTGCATTG
X,15747979,-,3,X,15751254,+,11,0,1,INV,48,19,20,33,5,17,0.291667,0.736842,68M5D16M,56M22S,ACCCAAAGCGAGAATCATACCACTAGACCATTCGGCCATGTTGAAGCTTTCCTTGTCATATGGTCATGACTGCGCAAATTATCT,GTCCTGCATTTGCCCGTAGGCGTCGGCCATGTTTTTGAACAGAATAACGAAATTTCTCATTCAAATCAAGTTTCAATT
